BIBLIOTHEQUE/03_COMP-REAS/A Neural Transducer/A Neural Transducer.md	55	Sequence-to-sequence models represent a breakthrough where no such assumptions are made – the output sequence is generated by next step prediction, conditioning on the entire input sequence and the partial output sequence generated so far [5, 6, 3]. Figure 1(a) shows the high-level picture of this architecture. However, as can be seen from the figure, these models have a limitation in that they...
BIBLIOTHEQUE/03_COMP-REAS/Adaptive Attention Span in Transformers/Adaptive Attention Span in Transformers.md	9	We propose a novel self-attention mechanism that can learn its optimal attention span. This allows us to extend significantly the maximum context size used in Transformer, while maintaining control over their memory footprint and computational time. We show the effectiveness of our approach on the task of character level language modeling, where we achieve state-of-the-art performances on text8...
BIBLIOTHEQUE/03_COMP-REAS/Adaptive Attention Span in Transformers/Adaptive Attention Span in Transformers.md	13	Language models are at the core of many NLP applications, like machine translation or dialogue. Recently, much progress has been made by a new neural network called Transformer (Vaswani et al., 2017). Part of its success is due to its ability to capture long term dependencies. This is achieved by taking long sequences as inputs and explicitly compute the relations between every token via a mech...
BIBLIOTHEQUE/03_COMP-REAS/Adaptive Attention Span in Transformers/Adaptive Attention Span in Transformers.md	17	In this work, we propose an alternative to the self-attention layer to reduce the computational burden of a Transformer. Our layer learns its optimal context size, resulting in a network where each attention layer gathers information on their own context. In practice, we observe that this leads to Transformer with small context in the low-
BIBLIOTHEQUE/03_COMP-REAS/Adaptive Attention Span in Transformers/Adaptive Attention Span in Transformers.md	29	Recent progress was made with a new autoregressive model called Sequential Transformer (Vaswani et al., 2017). A Transformer is made of a sequence of layers that are composed of a block of parallel self-attention layers followed by a feedforward network. We refer to Vaswani et al. (2017) for the details on the structure. In this paper, we make a couple of modifications to the Transformer model:...
BIBLIOTHEQUE/03_COMP-REAS/Adaptive Attention Span in Transformers/Adaptive Attention Span in Transformers.md	31	**Self-attention layer.** A core mechanism of a transformer network is the self-attention layer, which consists of multiple attention heads working in parallel. Each attention head applies the attention mechanism of Bahdanau et al. (2015) to its own input. Given a token t in a sequence, the head
BIBLIOTHEQUE/03_COMP-REAS/Adaptive Attention Span in Transformers/Adaptive Attention Span in Transformers.md	168	In this work, we present a novel self-attention layer with an adaptive span. This mechanism allows for models with longer context, and thus with the capability to catch longer dependencies. We have shown the importantce of this feature in the context of character level modeling where information is spread over great distances.
BIBLIOTHEQUE/03_COMP-REAS/Adaptive Attention Span in Transformers/Adaptive Attention Span in Transformers.md	172	Rami Al-Rfou, Dokook Choe, Noah Constant, Mandy Guo, and Llion Jones. 2019. Character-level language modeling with deeper self-attention. In *Proceedings of the 33rd AAAI Conference on Artificial Intelligence*.
BIBLIOTHEQUE/03_COMP-REAS/Adaptive Attention Span in Transformers/Adaptive Attention Span in Transformers.md	188	Peter Shaw, Jakob Uszkoreit, and Ashish Vaswani. 2018. Self-attention with relative position representations. In *Proceedings of the 2018 Conference of the North American Chapter of the Association for Computational Linguistics: Human Language Technologies, NAACL-HLT.*
BIBLIOTHEQUE/03_COMP-REAS/Adaptive Patch Selection for ViTs via Reinforcement Learning/Adaptive Patch Selection for ViTs via Reinforcement Learning.md	81	trained by the predictions of a larger model. Other approaches try to reduce the complexity of attention layers; for example, in [62] the authors replace the fully connected structure typical of the classical attention mechanism with a star topology, in which each pair of non-adjacent nodes is connected by a shared node. In [63], the authors use a sparse routing module based on k-means to reduc...
BIBLIOTHEQUE/03_COMP-REAS/Adaptive Patch Selection for ViTs via Reinforcement Learning/Adaptive Patch Selection for ViTs via Reinforcement Learning.md	83	As for reducing the computational load of ViTs, [65] is one of the first attempts to apply self-supervised learning to ViTs. The authors start from the observation that a multi-stage architecture with sparse self-attention can reduce modeling complexity, but at the cost of losing the ability to capture finegrained correspondences between image regions. In [66], the authors introduce Patch-to-Cl...
BIBLIOTHEQUE/03_COMP-REAS/Adaptive Patch Selection for ViTs via Reinforcement Learning/Adaptive Patch Selection for ViTs via Reinforcement Learning.md	87	The second strand concerns token pruning methods, which includes our approach. Approaches in this strand aim at reducing the number of tokens processed by the transformer layers, thus reducing the computational and memory overhead. For example, in [21], the authors propose Dynamic ViT (DyViT), a special token pruning approach that uses a set of layers trained during ViT training epochs. These l...
BIBLIOTHEQUE/03_COMP-REAS/Adaptive Patch Selection for ViTs via Reinforcement Learning/Adaptive Patch Selection for ViTs via Reinforcement Learning.md	580	Finally, another limitation of AgentViT is that it relies on attention scores to guide its RL agent. This reliance on attention mechanisms means that AgentViT cannot be directly applied to architectures that do not incorporate self-attention, such as traditional CNNs. This makes it difficult to integrate AgentViT with CNN-based architectures, requiring alternative methods to identify important ...
BIBLIOTHEQUE/03_COMP-REAS/Adaptive Patch Selection for ViTs via Reinforcement Learning/Adaptive Patch Selection for ViTs via Reinforcement Learning.md	674	- Wang W, Wei F, Dong L, Bao H, Yang N, Zhou M (2020) Minilm: deep self-attention distillation for task-agnostic compression of pre-trained transformers. Adv Neural Inf Process Syst 33:5776– 5788
BIBLIOTHEQUE/03_COMP-REAS/Adaptive Patch Selection for ViTs via Reinforcement Learning/Adaptive Patch Selection for ViTs via Reinforcement Learning.md	680	- Roy A, Saffar M, Vaswani A, Grangier D (2021) Efficient contentbased sparse attention with routing transformers. Trans Assoc Comput Ling 9:53–68
BIBLIOTHEQUE/03_COMP-REAS/Adaptive Thinking Using Dynamic Computation/Adaptive Thinking Using Dynamic Computation.md	96	**MIND-Transformer** For natural language processing tasks, we extend the prediction network to a Transformer architecture, introducing adaptive computation in both the self-attention and feed-forward networks. The self-attention mechanism with fixed-point iterations $f_{\theta}$ is defined as:
BIBLIOTHEQUE/03_COMP-REAS/Adaptive Thinking Using Dynamic Computation/Adaptive Thinking Using Dynamic Computation.md	126	For simplicity, the MIND-Transformer employs the same configurations as a standard Transformer of Vaswani et al. (2017) (see Table 1). The model incorporates fixed point iterations within its self-attention mechanism and transition function block ( $\phi$ ) across multiple layers. We utilize relative positional embedding with a sequence length of 120 tokens for both training and inference proce...
BIBLIOTHEQUE/03_COMP-REAS/ARC-NCA- Towards Developmental Solutions to the Abstraction and Reasoning Corpus/ARC-NCA- Towards Developmental Solutions to the Abstraction and Reasoning Corpus.md	52	"brain". Another interesting line of research is aiming at critical NCAs (Pontes-Filho et al., 2023; Guichard, 2024), i.e., CA models operating at the edge-of-chaos (Langton, 1990), which could be a powerful pre-training strategy. A NCA for image manipulation, named Vision Transformer Cellular Automata (ViTCA), is proposed in (Tesfaldet et al., 2022), where attention heads are included in the m...
BIBLIOTHEQUE/03_COMP-REAS/ARC-NCA- Towards Developmental Solutions to the Abstraction and Reasoning Corpus/ARC-NCA- Towards Developmental Solutions to the Abstraction and Reasoning Corpus.md	157	We remedy this in EngramNCA v3 and EngramNCA v4 in two ways: by splitting the functionality of the GeneCA and GenePropCA. The former acts on a non-toroidal lattice, while the latter acts on a toroidal lattice, and by giving each cell channel-wise local self-attention.
BIBLIOTHEQUE/03_COMP-REAS/ARC-NCA- Towards Developmental Solutions to the Abstraction and Reasoning Corpus/ARC-NCA- Towards Developmental Solutions to the Abstraction and Reasoning Corpus.md	441	- Reimers, F., Jain, S., Shrestha, A., and Nichele, S. (2023). Pathfinding neural cellular automata with local self-attention. *Zenoob*.
BIBLIOTHEQUE/03_COMP-REAS/Autoregressive Modeling as Iterative Latent Equilibrium (Equilibrium Transformers, EqT)/Autoregressive Modeling as Iterative Latent Equilibrium (Equilibrium Transformers, EqT).md	17	The Transformer architecture [1] has become the foundation of modern artificial intelligence. From language modeling [2, 3] to code generation [4, 5], from visual understanding [6, 7] to scientific discovery [8, 9, 10], the combination of self-attention and autoregressive prediction has proven remarkably effective across domains. Scaling laws [11, 12] suggest that performance improves predictab...
BIBLIOTHEQUE/03_COMP-REAS/Autoregressive Modeling as Iterative Latent Equilibrium (Equilibrium Transformers, EqT)/Autoregressive Modeling as Iterative Latent Equilibrium (Equilibrium Transformers, EqT).md	89	We now describe how to integrate Equation 2 into the transformer architecture. The standard transformer block consists of multi-head self-attention (MHSA) followed by a feed-forward network (FFN):
BIBLIOTHEQUE/03_COMP-REAS/Beyond A-- Planning with Transformers/Beyond A-- Planning with Transformers.md	318	The encoder network $f_{\boldsymbol{\theta}_{\text{enc}}}$ and decoder network $g_{\boldsymbol{\theta}_{\text{dec}}}$ internally both use a number of stacked causal attention layers to form an encoder-decoder Transformer (Vaswani et al., 2017) as outlined in more detail in Appendix B. We denote a concatenation of all encoder parameters $\boldsymbol{\theta}_{\text{enc}}$ and decoder parameters $...
BIBLIOTHEQUE/03_COMP-REAS/ConceptMoE- Adaptive Token-to-Concept Compression for Implicit Compute Allocation/ConceptMoE- Adaptive Token-to-Concept Compression for Implicit Compute Allocation.md	106	**Merging strategy** We can either sum all tokens within a chunk to obtain the concept, which maximally preserves the information of each token, or use only the last token as the concept, since the self-attention mechanism in the encoder $\mathcal{E}$ enables the last token to already aggregate the information of the entire chunk.
BIBLIOTHEQUE/03_COMP-REAS/ConceptMoE- Adaptive Token-to-Concept Compression for Implicit Compute Allocation/ConceptMoE- Adaptive Token-to-Concept Compression for Implicit Compute Allocation.md	131	During token decoding, multiple tokens share the same concept in the dechunking process. To fully exploit the information in the concept, which accounts for most of the model's computation and contains rich information, we perform joint decoding of $z_n$ and $\hat{c}_{\psi(n)}^{ema}$ . Specifically, in each self-attention layer of the decoder $\mathcal{D}$ , we have:
BIBLIOTHEQUE/03_COMP-REAS/ConceptMoE- Adaptive Token-to-Concept Compression for Implicit Compute Allocation/ConceptMoE- Adaptive Token-to-Concept Compression for Implicit Compute Allocation.md	135	where M is the causal attention mask with $M_{ij} = -\infty \cdot \mathbb{1}_{i < j}$ . The highlighted terms show how we augment standard attention by incorporating concept information into the query, key, and value. Given the shallow depth of decoder $\mathcal{D}$ , the additional parameters are negligible while yielding substantial performance gains. Moreover, this design maintains compatibi...
BIBLIOTHEQUE/03_COMP-REAS/ConceptMoE- Adaptive Token-to-Concept Compression for Implicit Compute Allocation/ConceptMoE- Adaptive Token-to-Concept Compression for Implicit Compute Allocation.md	139	Given a standard MoE model, we decompose it into encoder, concept model, and decoder with layer depths $L_{\mathcal{E}}, L_{\mathcal{C}}$ , and $L_{\mathcal{D}}$ respectively. Temporarily disregarding attention map computation, let $C_{attn}$ and $C_{moe}$ denote the FLOPs per token in self-attention and MoE layers. The concept model incurs $L_{\mathcal{C}}(C_{attn} + C_{moe})$ FLOPs per token....
BIBLIOTHEQUE/03_COMP-REAS/ConceptMoE- Adaptive Token-to-Concept Compression for Implicit Compute Allocation/ConceptMoE- Adaptive Token-to-Concept Compression for Implicit Compute Allocation.md	143	- 3. Increasing $C_{attn}$ and $C_{moe}$ : We scale up both self-attention and MoE computation while keeping total parameters fixed. This is achieved by proportionally enlarging the hidden size of $L_{\mathcal{C}}$ while reducing the total number of MoE experts. This requires two additional linear projectors for the mappings $\hat{h} \to c$ and $\hat{c} \to z$ . This approach is less suitable f...
BIBLIOTHEQUE/03_COMP-REAS/ConceptMoE- Adaptive Token-to-Concept Compression for Implicit Compute Allocation/ConceptMoE- Adaptive Token-to-Concept Compression for Implicit Compute Allocation.md	145	We now quantify the reduction in attention map computation and kv cache for the three schemes, which represents an inherent advantage of ConceptMoE. In standard MoE, the attention map computation for the concept model is $L_{\mathcal{C}}dN^2$ , where d denotes the hidden size and N the sequence length. Assume using multi-head attention, the kv cache is $2L_{\mathcal{C}}dN$ . The corresponding c...
BIBLIOTHEQUE/03_COMP-REAS/ConceptMoE- Adaptive Token-to-Concept Compression for Implicit Compute Allocation/ConceptMoE- Adaptive Token-to-Concept Compression for Implicit Compute Allocation.md	228	**Figure 3** From MoE to ConceptMoE illustration. The blue blocks denote the original MoE components. We add a chunk module and a dechunk module. In addition, in the last four self-attention layers, we insert an extra QKV projector initialized to zeros to enable joint decoding of concepts and tokens.
BIBLIOTHEQUE/03_COMP-REAS/ConceptMoE- Adaptive Token-to-Concept Compression for Implicit Compute Allocation/ConceptMoE- Adaptive Token-to-Concept Compression for Implicit Compute Allocation.md	230	As illustrated in Figure 3, we start with MoE-A2.5B-90B pretrained on 700B tokens and convert it to ConceptMoE by adding a chunk module (query and key linear layers with random initialization), a dechunk module, and additional QKV projectors in the last 4 self-attention layers (zero-initialized). We then perform 400B tokens of 32k CT, followed by 40B tokens of 128k CT, and finally 3B tokens of ...
BIBLIOTHEQUE/03_COMP-REAS/DeeBERT- Dynamic Early Exiting for Accelerating BERT Inference/DeeBERT- Dynamic Early Exiting for Accelerating BERT Inference.md	180	- Elena Voita, David Talbot, Fedor Moiseev, Rico Sennrich, and Ivan Titov. 2019. Analyzing multi-head self-attention: Specialized heads do the heavy lifting, the rest can be pruned. In *Proceedings of the 57th Annual Meeting of the Association for Computational Linguistics*, pages 5797–5808, Florence, Italy.
BIBLIOTHEQUE/03_COMP-REAS/Deep Equilibrium Models/Deep Equilibrium Models.md	9	We present a new approach to modeling sequential data: the deep equilibrium model (DEQ). Motivated by an observation that the hidden layers of many existing deep sequence models converge towards some fixed point, we propose the DEQ approach that directly finds these equilibrium points via root-finding. Such a method is equivalent to running an *infinite* depth (weight-tied) feedforward network,...
BIBLIOTHEQUE/03_COMP-REAS/Deep Equilibrium Models/Deep Equilibrium Models.md	13	Most modern feedforward deep networks are built on the core concept of *layers*. In the forward pass, each network consists of a stack of some L transformations, where L is the depth of the network. To update these networks, the backward passes rely on backpropagating through the same L layers via the chain rule, which typically necessitates that we store the intermediate values of these layers...
BIBLIOTHEQUE/03_COMP-REAS/Deep Equilibrium Models/Deep Equilibrium Models.md	28	After developing the generic DEQ approach, we study in detail the instantiation of DEQ via two feedforward sequence models: *trellis networks* (weight-tied temporal convolutions) [8] and memory-augmented *universal transformers* (weight-tied multi-head self-attention) [18, 16], both of which have obtained state-of-the-art performance (SOTA) on various sequence tasks. We show how both the forwar...
BIBLIOTHEQUE/03_COMP-REAS/Deep Equilibrium Models/Deep Equilibrium Models.md	32	**Deep sequence models.** Given an input sequence $\mathbf{x}_{1:T} = [x_1, \dots, x_T] \in \mathbb{R}^{T \times p}$ , where $x_i \in \mathbb{R}^p$ (e.g., a word embedding) and $T \in \mathbb{N}$ is the sequence length, we define a sequence model as any function G that produces output $G(\mathbf{x}_{1:T}) = \mathbf{y}_{1:T} = \in \mathbb{R}^{T \times q}$ that satisfies the causality constraint:...
BIBLIOTHEQUE/03_COMP-REAS/Deep Equilibrium Models/Deep Equilibrium Models.md	131	While the forward and backward analyses of DEQ do not depend on the internal structure of $f_{\theta}$ , in this section we briefly highlight two examples of $f_{\theta}$ as specific instantiations of DEQ. Both models (TrellisNet [8] and self-attention [48, 18]) achieve state-of-the-art results on various sequence modeling benchmarks. Importantly, through these two very different models and the...
BIBLIOTHEQUE/03_COMP-REAS/Deep Equilibrium Models/Deep Equilibrium Models.md	146	**Weight-tied transformers.** At a high level, multi-head self-attention transformers [48] are very different from most deep networks. Instead of convolutions or recurrence, a self-attention layer maps the input into Q (query), K (key), and V (value) and computes the attention score between time-steps $t_i$ and $t_j$ as $[QK^{\perp}]_{i,j}$ . This attention score is then normalized via softmax ...
BIBLIOTHEQUE/03_COMP-REAS/Deep Equilibrium Models/Deep Equilibrium Models.md	150	where $W_{QKV} \in \mathbb{R}^{d \times 3d}$ produces the Q, K, V for the multi-head self-attention, and LN stands for layer normalization [5]. Note that we add input injection $\tilde{\mathbf{x}}_{1:T}$ to Q, K, V in addition to the positional embedding and initialize with $\mathbf{z}_{1:T}^{[0]} = \mathbf{0}$ . Following prior work [48, 19, 16, 18], we use a 2-layer positionwise feedforward r...
BIBLIOTHEQUE/03_COMP-REAS/Deep Equilibrium Models/Deep Equilibrium Models.md	238	Convergence to equilibrium. The deep equilibrium model does not have "layers". One factor that affects computation time in DEQs is the number of Broyden iterations in forward/backward passes, where each forward Broyden step evaluates $f_{\theta}$ once, and a backward step computes a vector-Jacobian product. We find that in general the number of Broyden iterations gradually increases with traini...
BIBLIOTHEQUE/03_COMP-REAS/Deep Equilibrium Models/Deep Equilibrium Models.md	250	- [1] Rami Al-Rfou, Dokook Choe, Noah Constant, Mandy Guo, and Llion Jones. Character-level language modeling with deeper self-attention. *arXiv:1808.04444*, 2018.
BIBLIOTHEQUE/03_COMP-REAS/Deep Equilibrium Models/Deep Equilibrium Models.md	387	As mentioned in Section 3, one motivation for optimizing the sequence-level equilibrium comes from our empirical observations that, starting at some point of the deep stacking, weight-tied deep networks begin to converge to a fixed point. We show in Figure 4 the convergence of trained layer-based TrellisNet (weight-tied temporal convolutions) and universal transformer (weight-tied self-attentio...
BIBLIOTHEQUE/03_COMP-REAS/Deformable DETR- Deformable Transformers for End-to-End Object Detection/Deformable DETR- Deformable Transformers for End-to-End Object Detection.md	39	**Efficient Attention Mechanism.** Transformers (Vaswani et al., 2017) involve both self-attention and cross-attention mechanisms. One of the most well-known concern of Transformers is the high time and memory complexity at vast key element numbers, which hinders model scalability in many cases. Recently, many efforts have been made to address this problem (Tay et al., 2020b), which can be roug...
BIBLIOTHEQUE/03_COMP-REAS/Deformable DETR- Deformable Transformers for End-to-End Object Detection/Deformable DETR- Deformable Transformers for End-to-End Object Detection.md	41	The first category is to use pre-defined sparse attention patterns on keys. The most straightforward paradigm is restricting the attention pattern to be fixed local windows. Most works (Liu et al., 2018a; Parmar et al., 2018; Child et al., 2019; Huang et al., 2019; Ho et al., 2019; Wang et al., 2020a; Hu et al., 2019; Ramachandran et al., 2019; Qiu et al., 2019; Beltagy et al., 2020; Ainslie et...
BIBLIOTHEQUE/03_COMP-REAS/Deformable DETR- Deformable Transformers for End-to-End Object Detection/Deformable DETR- Deformable Transformers for End-to-End Object Detection.md	43	at fixed intervals to significantly increase the receptive field on keys. Beltagy et al. (2020); Ainslie et al. (2020); Zaheer et al. (2020) allow a small number of special tokens having access to all key elements. Zaheer et al. (2020); Qiu et al. (2019) also add some pre-fixed sparse attention patterns to attend distant key elements directly.
BIBLIOTHEQUE/03_COMP-REAS/Deformable DETR- Deformable Transformers for End-to-End Object Detection/Deformable DETR- Deformable Transformers for End-to-End Object Detection.md	45	The second category is to learn data-dependent sparse attention. Kitaev et al. (2020) proposes a locality sensitive hashing (LSH) based attention, which hashes both the query and key elements to different bins. A similar idea is proposed by Roy et al. (2020), where k-means finds out the most related keys. Tay et al. (2020a) learns block permutation for block-wise sparse attention.
BIBLIOTHEQUE/03_COMP-REAS/Deformable DETR- Deformable Transformers for End-to-End Object Detection/Deformable DETR- Deformable Transformers for End-to-End Object Detection.md	47	The third category is to explore the low-rank property in self-attention. Wang et al. (2020b) reduces the number of key elements through a linear projection on the size dimension instead of the channel dimension. Katharopoulos et al. (2020); Choromanski et al. (2020) rewrite the calculation of self-attention through kernelization approximation.
BIBLIOTHEQUE/03_COMP-REAS/Deformable DETR- Deformable Transformers for End-to-End Object Detection/Deformable DETR- Deformable Transformers for End-to-End Object Detection.md	51	On the other hand, as discussed in Zhu et al. (2019a), there are variants of convolution, such as deformable convolution (Dai et al., 2017; Zhu et al., 2019b) and dynamic convolution (Wu et al., 2019), that also can be viewed as self-attention mechanisms. Especially, deformable convolution operates much more effectively and efficiently on image recognition than Transformer self-attention. Meanw...
BIBLIOTHEQUE/03_COMP-REAS/Deformable DETR- Deformable Transformers for End-to-End Object Detection/Deformable DETR- Deformable Transformers for End-to-End Object Detection.md	59	Multi-Head Attention in Transformers. Transformers (Vaswani et al., 2017) are of a network architecture based on attention mechanisms for machine translation. Given a query element (e.g., a target word in the output sentence) and a set of key elements (e.g., source words in the input sentence), the *multi-head attention module* adaptively aggregates the key contents according to the attention w...
BIBLIOTHEQUE/03_COMP-REAS/Deformable DETR- Deformable Transformers for End-to-End Object Detection/Deformable DETR- Deformable Transformers for End-to-End Object Detection.md	67	On the other hand, the computational and memory complexity for multi-head attention can be very high with numerous query and key elements. The computational complexity of Eq. 1 is of $O(N_qC^2+N_kC^2+N_qN_kC)$ . In the image domain, where the query and key elements are both of pixels, $N_q=N_k\gg C$ , the complexity is dominated by the third term, as $O(N_qN_kC)$ . Thus, the multi-head attentio...
BIBLIOTHEQUE/03_COMP-REAS/Deformable DETR- Deformable Transformers for End-to-End Object Detection/Deformable DETR- Deformable Transformers for End-to-End Object Detection.md	73	For the Transformer encoder in DETR, both query and key elements are of pixels in the feature maps. The inputs are of ResNet feature maps (with encoded positional embeddings). Let H and W denote the feature map height and width, respectively. The computational complexity of self-attention is of $O(H^2W^2C)$ , which grows quadratically with the spatial size.
BIBLIOTHEQUE/03_COMP-REAS/Deformable DETR- Deformable Transformers for End-to-End Object Detection/Deformable DETR- Deformable Transformers for End-to-End Object Detection.md	75	For the Transformer decoder in DETR, the input includes both feature maps from the encoder, and N object queries represented by learnable positional embeddings (e.g., N=100). There are two types of attention modules in the decoder, namely, cross-attention and self-attention modules. In the cross-attention modules, object queries extract features from the feature maps. The query elements are of ...
BIBLIOTHEQUE/03_COMP-REAS/Deformable DETR- Deformable Transformers for End-to-End Object Detection/Deformable DETR- Deformable Transformers for End-to-End Object Detection.md	77	DETR is an attractive design for object detection, which removes the need for many hand-designed components. However, it also has its own issues. These issues can be mainly attributed to the deficits of Transformer attention in handling image feature maps as key elements: (1) DETR has relatively low performance in detecting small objects. Modern object detectors use high-resolution feature maps...
BIBLIOTHEQUE/03_COMP-REAS/Deformable DETR- Deformable Transformers for End-to-End Object Detection/Deformable DETR- Deformable Transformers for End-to-End Object Detection.md	97	The deformable attention module is designed for processing convolutional feature maps as key elements. Let $N_q$ be the number of query elements, when MK is relatively small, the complexity of the deformable attention module is of $O(2N_qC^2+\min(HWC^2,N_qKC^2))$ (See Appendix A.1 for details). When it is applied in DETR encoder, where $N_q=HW$ , the complexity becomes $O(HWC^2)$ , which is of ...
BIBLIOTHEQUE/03_COMP-REAS/Deformable DETR- Deformable Transformers for End-to-End Object Detection/Deformable DETR- Deformable Transformers for End-to-End Object Detection.md	115	**Deformable Transformer Decoder.** There are cross-attention and self-attention modules in the decoder. The query elements for both types of attention modules are of object queries. In the cross-attention modules, object queries extract features from the feature maps, where the key elements are of the output feature maps from the encoder. In the self-attention modules, object queries interact ...
BIBLIOTHEQUE/03_COMP-REAS/Deformable DETR- Deformable Transformers for End-to-End Object Detection/Deformable DETR- Deformable Transformers for End-to-End Object Detection.md	131	In the first stage, to achieve high-recall proposals, each pixel in the multi-scale feature maps would serve as an object query. However, directly setting object queries as pixels will bring unacceptable computational and memory cost for the self-attention modules in the decoder, whose complexity grows quadratically with the number of queries. To avoid this problem, we remove the decoder and fo...
BIBLIOTHEQUE/03_COMP-REAS/Deformable DETR- Deformable Transformers for End-to-End Object Detection/Deformable DETR- Deformable Transformers for End-to-End Object Detection.md	222	- Jonathan Ho, Nal Kalchbrenner, Dirk Weissenborn, and Tim Salimans. Axial attention in multidimensional transformers. *arXiv preprint arXiv:1912.12180*, 2019.
BIBLIOTHEQUE/03_COMP-REAS/Deformable DETR- Deformable Transformers for End-to-End Object Detection/Deformable DETR- Deformable Transformers for End-to-End Object Detection.md	224	- Zilong Huang, Xinggang Wang, Lichao Huang, Chang Huang, Yunchao Wei, and Wenyu Liu. Ccnet: Criss-cross attention for semantic segmentation. In *ICCV*, 2019.
BIBLIOTHEQUE/03_COMP-REAS/Deformable DETR- Deformable Transformers for End-to-End Object Detection/Deformable DETR- Deformable Transformers for End-to-End Object Detection.md	236	- Jiezhong Qiu, Hao Ma, Omer Levy, Scott Wen-tau Yih, Sinong Wang, and Jie Tang. Blockwise self-attention for long document understanding. *arXiv preprint arXiv:1911.02972*, 2019.
BIBLIOTHEQUE/03_COMP-REAS/Deformable DETR- Deformable Transformers for End-to-End Object Detection/Deformable DETR- Deformable Transformers for End-to-End Object Detection.md	237	- Prajit Ramachandran, Niki Parmar, Ashish Vaswani, Irwan Bello, Anselm Levskaya, and Jonathon Shlens. Stand-alone self-attention in vision models. In *NeurIPS*, 2019.
BIBLIOTHEQUE/03_COMP-REAS/Deformable DETR- Deformable Transformers for End-to-End Object Detection/Deformable DETR- Deformable Transformers for End-to-End Object Detection.md	239	- Aurko Roy, Mohammad Saffar, Ashish Vaswani, and David Grangier. Efficient content-based sparse attention with routing transformers. *arXiv preprint arXiv:2003.05997*, 2020.
BIBLIOTHEQUE/03_COMP-REAS/Deformable DETR- Deformable Transformers for End-to-End Object Detection/Deformable DETR- Deformable Transformers for End-to-End Object Detection.md	249	- Sinong Wang, Belinda Li, Madian Khabsa, Han Fang, and Hao Ma. Linformer: Self-attention with linear complexity. *arXiv preprint arXiv:2006.04768*, 2020b.
BIBLIOTHEQUE/03_COMP-REAS/Deformable DETR- Deformable Transformers for End-to-End Object Detection/Deformable DETR- Deformable Transformers for End-to-End Object Detection.md	287	In iterative bounding box refinement, for the d-th decoder layer, we sample key elements respective to the box $\hat{b}_q^{d-1}$ predicted from the (d-1)-th decoder layer. For Equation 3 in the cross-attention module of the d-th decoder layer, $(\hat{b}_{qx}^{d-1},\hat{b}_{qy}^{d-1})$ serves as the new reference point. The sampling offset $\Delta p_{mlqk}$ is also modulated by the box size, as ...
BIBLIOTHEQUE/03_COMP-REAS/Deformable DETR- Deformable Transformers for End-to-End Object Detection/Deformable DETR- Deformable Transformers for End-to-End Object Detection.md	319	(b) multi-scale deformable cross-attention in decoder
BIBLIOTHEQUE/03_COMP-REAS/Depth-Adaptive Transformers/Depth-Adaptive Transformers.md	17	We encode the input sequence using a standard Transformer encoder to generate the output sequence with a varying amount of computation in the decoder network. Dynamic computation poses a challenge for self-attention because omitted layers in prior time-steps may be required in the future. We experiment with two approaches to address this and show that a simple approach works well (§2). Next, we...
BIBLIOTHEQUE/03_COMP-REAS/Depth-Adaptive Transformers/Depth-Adaptive Transformers.md	33	We base our approach on the Transformer sequence-to-sequence model (Vaswani et al., 2017). Both encoder and decoder networks contain N stacked blocks where each has several sub-blocks surrounded by residual skip-connections. The first sub-block is a multi-head dot-product self-attention and the second a position-wise fully connected feed-forward network. For the decoder, there is an additional ...
BIBLIOTHEQUE/03_COMP-REAS/Depth-Adaptive Transformers/Depth-Adaptive Transformers.md	58	We consider two possible ways to train the decoder network (Figure 1). Aligned training optimizes all classifiers simultaneously and assumes all previous hidden states required by the self-attention are available. However, at test time this is often not the case when we choose a different exit for every token which leads to misaligned states. Instead, *mixed training* samples several sequences ...
BIBLIOTHEQUE/03_COMP-REAS/Depth-Adaptive Transformers/Depth-Adaptive Transformers.md	64	Aligned training assumes all hidden states $h_1^{n-1}, \ldots, h_t^{n-1}$ are available in order to compute self-attention and it optimizes N loss terms, one for each exit (Figure 1a):
BIBLIOTHEQUE/03_COMP-REAS/Depth-Adaptive Transformers/Depth-Adaptive Transformers.md	73	Aligned training assumes that all hidden states of the previous time-steps are available but this assumption is unrealistic since an early exit may have been chosen previously. This creates a mismatch between training and testing. Mixed training reduces the mismatch by training the model to use hidden states from different blocks of previous time-steps for self-attention. We sample M different ...
BIBLIOTHEQUE/03_COMP-REAS/Depth-Adaptive Transformers/Depth-Adaptive Transformers.md	77	When $n_t < N$ , we copy the last evaluated hidden state $h_t^n$ to the subsequent layers so that the self-attention of future time steps can function as usual (see Figure 1b).
BIBLIOTHEQUE/03_COMP-REAS/Depth-Adaptive Transformers/Depth-Adaptive Transformers.md	198	We first compare the two training regimes for our model (§2.2). Aligned training performs self-attention on aligned states (§2.2.1) and mixed training exposes self-attention to hidden states from different blocks (§2.2.2).
BIBLIOTHEQUE/03_COMP-REAS/Depth-Adaptive Transformers/Depth-Adaptive Transformers.md	202	Table 1 shows that aligned training outperforms mixed training both for fixed exits as well as for randomly sampled exits. The latter is surprising since aligned training never exposes the self-attention mechanism to hidden states from other blocks. We suspect that this is due to the residual connections which *copy* features from lower blocks to subsequent layers and which are ubiquitous in Tr...
BIBLIOTHEQUE/03_COMP-REAS/Depth-Adaptive Transformers/Depth-Adaptive Transformers.md	409	If skipped, a block still has to compute the keys and value of the self-attention block so the self-attention of future time-steps can function. We will denote this cost with FS and we have $FS = 4d_d^2$ .
BIBLIOTHEQUE/03_COMP-REAS/Depth-Adaptive Transformers/Depth-Adaptive Transformers.md	437	⊳ Self-attention.
BIBLIOTHEQUE/03_COMP-REAS/Don't throw the baby out with the bathwater- How and why deep learning for ARC/Don't throw the baby out with the bathwater- How and why deep learning for ARC.md	93	**Model choice** We base our approach on the LongT5 encoder-decoder model [19], leveraging its extended context length to accommodate larger riddles. The T5 family was selected for its sequence-to-sequence capabilities, having been trained on a transformation task from non-causal to causal text [20]. This pre-training instills non-causal attention mechanisms within the encoder, making it well-s...
BIBLIOTHEQUE/03_COMP-REAS/Don't throw the baby out with the bathwater- How and why deep learning for ARC/Don't throw the baby out with the bathwater- How and why deep learning for ARC.md	165	By contrast, if the riddle were presented using causal (masked) attention, tokens appearing earlier in the sequence would not have access to the complete context, preventing them from forming accurate early-stage representations or hypotheses simply due to lack of available information. Tokens representing input grids would be unable to attend forward to their corresponding output grids, signif...
BIBLIOTHEQUE/03_COMP-REAS/DriveWorld- 4D Pre-trained Scene Understanding via World Models for Autonomous Driving/DriveWorld- 4D Pre-trained Scene Understanding via World Models for Autonomous Driving.md	94	state, denoted as $\tilde{s}_t = \gamma \cdot LN(s_t) + \beta$ . With the motion of the vehicle, the deterministic history $h_t$ can establish a dynamic memory bank $h_{1:t}$ . The refined deterministic history $\tilde{h}_t$ is obtained via the cross-attention mechanism with the dynamics memory bank. The transition of deterministic history is set as $h_{t+1} = f_{\theta}(\tilde{h}_t, \tilde{s}_...
BIBLIOTHEQUE/03_COMP-REAS/End-to-End Differentiable Proving/End-to-End Differentiable Proving.md	216	To overcome the computational limitations of the end-to-end differentiable prover introduced in this paper, we want to investigate the use of hierarchical attention [25] and reinforcement learning methods such as Monte Carlo tree search [60, 61] that have been used for learning to play Go [62] and chemical synthesis planning [63]. In addition, we plan to support function terms in the future. Ba...
BIBLIOTHEQUE/03_COMP-REAS/End-to-End Test-Time Training for Long Context/End-to-End Test-Time Training for Long Context.md	23	On the other hand, Transformers with self-attention still struggle to efficiently process long context equivalent to years of human experience, in part because they are designed for nearly lossless recall. Self-attention over the full context, also known as full attention, must scan through the keys and values of all previous tokens for every new token. As a consequence, it readily attends to e...
BIBLIOTHEQUE/03_COMP-REAS/End-to-End Test-Time Training for Long Context/End-to-End Test-Time Training for Long Context.md	46	Figure 2. Toy example. **Left:** Given $x_1$ and $x_2$ as context, we want to predict the unknown $x_3$ . Our toy baseline, a Transformer without self-attention (using only the upward arrows), is effectively a bigram since it has no memory of $x_1$ . TTT (using all the arrows) first tries to predict $x_2$ from $x_1$ as an exercise: It computes the loss $\ell_2$ between $x_2$ and the prediction ...
BIBLIOTHEQUE/03_COMP-REAS/End-to-End Test-Time Training for Long Context/End-to-End Test-Time Training for Long Context.md	48	For ease of exposition, we first focus on the task of prefilling T+1 tokens and then decoding a single token. In this setting, self-attention over the full context, also known as full attention, has computational complexity $O(T^2)$ for prefill and O(T) for decode. We now discuss our method using Test-Time Training (TTT), which has O(T) for prefill and O(1) for decode.
BIBLIOTHEQUE/03_COMP-REAS/End-to-End Test-Time Training for Long Context/End-to-End Test-Time Training for Long Context.md	52	To motivate our main method, we introduce a toy example that we will develop all the way up to the middle of Subsection 2.3. This toy example is based on a rather silly architecture: a Transformer with all of its self-attention layers removed, leaving only the MLP layers. Our toy baseline – blithely applying this architecture to language modeling – is effectively a bigram since it has no memory...
BIBLIOTHEQUE/03_COMP-REAS/End-to-End Test-Time Training for Long Context/End-to-End Test-Time Training for Long Context.md	100	To address this problem, we finally advance beyond the toy example and augment our architecture with sliding-window attention layers. While our toy example removes the self-attention layers entirely, our main method only restricts them to a fixed window size k. For our main results with T=128K, we set the window size k to 8K and the TTT mini-batch size b to 1K. It is important to set $k \ge b$ ...
BIBLIOTHEQUE/03_COMP-REAS/End-to-End Test-Time Training for Long Context/End-to-End Test-Time Training for Long Context.md	128	Building on the same idea of compressing context into the weights of a model, prior work [87] uses TTT to construct a sequence modeling layer that serves as a drop-in replacement for self-attention.
BIBLIOTHEQUE/03_COMP-REAS/End-to-End Test-Time Training for Long Context/End-to-End Test-Time Training for Long Context.md	140	While self-attention associates the key and value of every previous token by storing them explicitly in a cache, prior work proposes storing these associations implicitly in a model, by learning at test time to predict each value from its key. This learning objective, later known as KV Binding, has been the core component in many popular variants of TTT, such as MesaNet [98], Titans [7], and Ne...
BIBLIOTHEQUE/03_COMP-REAS/End-to-End Test-Time Training for Long Context/End-to-End Test-Time Training for Long Context.md	160	<sup>1</sup> As shown in [87], when g is a linear model, TTT-KVB recovers DeltaNet [76]; when the gradient in Equation 7 is taken w.r.t. $W_0^{(l)}$ instead of $W_{t-1}^{(l)}$ , TTT-KVB recovers linear attention [79, 55]; and when $\ell_t^{(l)}$ is learned using a non-parametric kernel estimator instead of a parametric model, TTT-KVB recovers self-attention.
BIBLIOTHEQUE/03_COMP-REAS/End-to-End Test-Time Training for Long Context/End-to-End Test-Time Training for Long Context.md	167	- 4. Not shown in the figure, the updated MLPs in TTT-KVB are split into multiple heads in the same way as self-attention, so these MLPs are much smaller than the regular ones in TTT-E2E.<sup>2</sup> Moreover, these MLPs are updated with LoRA [43], so their effective capacity is even smaller.
BIBLIOTHEQUE/03_COMP-REAS/End-to-End Test-Time Training for Long Context/End-to-End Test-Time Training for Long Context.md	332	From Table 2, we observe that Transformer with full attention dramatically outperforms the other methods, including ours, especially in long context. This observation, combined with findings from our previous subsections, supports the intuition that the strength of full attention lies in its nearly lossless recall. This strength is inherent to the design of self-attention, which attends to the ...
BIBLIOTHEQUE/03_COMP-REAS/End-to-End Test-Time Training for Long Context/End-to-End Test-Time Training for Long Context.md	366	- Our current implementation cannot use cuDNN FlashAttention [20] at training time because it does not support gradients of gradients. A custom attention kernel would significantly improve our hardware utilization, and potentially eliminate the undesirable trend caused by gradient checkpointing through time.
BIBLIOTHEQUE/03_COMP-REAS/End-to-End Test-Time Training for Long Context/End-to-End Test-Time Training for Long Context.md	417	- Because the KVB objective is inspired by self-attention, which stores the keys and values, many think that long-context TTT is about memorization instead of generalization.
BIBLIOTHEQUE/03_COMP-REAS/End-to-End Test-Time Training for Long Context/End-to-End Test-Time Training for Long Context.md	418	- Because TTT(-KVB) layers are drop-in replacements for self-attention layers, many also think of long-context TTT as an approach to architecture design.
BIBLIOTHEQUE/03_COMP-REAS/End-to-End Test-Time Training for Long Context/End-to-End Test-Time Training for Long Context.md	485	- [20] Tri Dao. Flashattention-2: Faster attention with better parallelism and work partitioning. *arXiv* preprint *arXiv*:2307.08691, 2023.
BIBLIOTHEQUE/03_COMP-REAS/End-to-End Test-Time Training for Long Context/End-to-End Test-Time Training for Long Context.md	549	- [81] Jay Shah, Ganesh Bikshandi, Ying Zhang, Vijay Thakkar, Pradeep Ramani, and Tri Dao. Flashattention-3: Fast and accurate attention with asynchrony and low-precision, 2024.
BIBLIOTHEQUE/03_COMP-REAS/End-to-End Test-Time Training for Long Context/End-to-End Test-Time Training for Long Context.md	558	- [89] Yi Tay, Dara Bahri, Donald Metzler, Da-Cheng Juan, Zhe Zhao, and Che Zheng. Synthesizer: Rethinking self-attention for transformer models. In *International conference on machine learning*, pages 10183–10192. PMLR, 2021.
BIBLIOTHEQUE/03_COMP-REAS/End-to-End Test-Time Training for Long Context/End-to-End Test-Time Training for Long Context.md	577	- [107] Jingyang Yuan, Huazuo Gao, Damai Dai, Junyu Luo, Liang Zhao, Zhengyan Zhang, Zhenda Xie, YX Wei, Lean Wang, Zhiping Xiao, et al. Native sparse attention: Hardware-aligned and natively trainable sparse attention. arXiv preprint arXiv:2502.11089, 2025.
BIBLIOTHEQUE/03_COMP-REAS/End-to-End Test-Time Training for Long Context/End-to-End Test-Time Training for Long Context.md	615	**Latency.** Our method, implemented in JAX, uses the latest cuDNN kernel for attention. However, all the RNN baselines, implemented in PyTorch, originally used the FlashAttention 2 kernel [20], which was much less efficient. To improve the baselines, we upgraded their attention layers to use the latest version of FlashAttention 3 [81].
BIBLIOTHEQUE/03_COMP-REAS/Enhanced Scene Understanding on 4D Point Cloud/Enhanced Scene Understanding on 4D Point Cloud.md	13	The field of 4D point cloud understanding is rapidly developing with the goal of analyzing dynamic 3D point cloud sequences. However, it remains a challenging task due to the sparsity and lack of texture in point clouds. Moreover, the irregularity of point cloud poses a difficulty in aligning temporal information within video sequences. To address these issues, we propose a novel cross-modal kn...
BIBLIOTHEQUE/03_COMP-REAS/Enhanced Scene Understanding on 4D Point Cloud/Enhanced Scene Understanding on 4D Point Cloud.md	35	The proposed framework, X4D-SceneFormer, takes multi-modal data (i.e., 4D point cloud, RGB sequences) as input during training, and achieves superior performance using only point cloud data during inference. Specifically, there are two branches in our training framework, processing point cloud and RGB sequence independently. For the point branch, we simply deploy an off-the-shelf 4D point cloud...
BIBLIOTHEQUE/03_COMP-REAS/Enhanced Scene Understanding on 4D Point Cloud/Enhanced Scene Understanding on 4D Point Cloud.md	49	Previous image-based video analysis approaches (Crasto et al. 2019) extract the global feature via RNN or 1D CNN (Lea et al. 2017). After that, the following works enhance the performance through using two-stream network (Ju et al. 2023), pooling techniques (Fernando et al. 2016) and extracting averaged features from stridden sampled frames (Wang et al. 2016). In contrast, 3D CNNs (Fernando et ...
BIBLIOTHEQUE/03_COMP-REAS/Enhanced Scene Understanding on 4D Point Cloud/Enhanced Scene Understanding on 4D Point Cloud.md	53	There are two mainstreams for 4D Point cloud video modeling: (1) voxel-based and (2) points-based approaches. Voxelbased methods first convert 4D point cloud into 2D voxel sequences, subsequently leveraging 3D convolutions to extract sequential features. For instance, MinkowskiNet (Choy, Gwak, and Savarese 2019) harnesses 4D sparse convolution, effectively mining features from valid voxel grids...
BIBLIOTHEQUE/03_COMP-REAS/Enhanced Scene Understanding on 4D Point Cloud/Enhanced Scene Understanding on 4D Point Cloud.md	57	Figure 2: The architecture of X4D-SceneFormer and GIT. (a) During the training phase, X4D-SceneFormer takes both image sequence and 4D point cloud as input, where the dual branches independently extract representations and are supervised by ground truths. A cross-modal Transformer process is applied between two representations. (b) The Gradient-aware Image Transformer (GIT) employs a sliding wi...
BIBLIOTHEQUE/03_COMP-REAS/Enhanced Scene Understanding on 4D Point Cloud/Enhanced Scene Understanding on 4D Point Cloud.md	103	As described in the right part of Figure 2, Gradient-aware Image Transformer (GIT) is proposed to extract texture and gradient-aware features from the RGB sequence. It takes a set of images as input, independently encodes texture and gradient features and finally generates a high-level image feature representation $\mathcal{F}_h^I$ with a cross-attention module. Temporal-aware consistency and c...
BIBLIOTHEQUE/03_COMP-REAS/Enhanced Scene Understanding on 4D Point Cloud/Enhanced Scene Understanding on 4D Point Cloud.md	155	**Gradient-aware feature generation.** The GIT involves the utilization of cross-attention blocks to merge the original spatial image feature $\mathcal{F}^I$ with the correlation feature $\mathcal{F}^{cor}$ , thereby incorporating both spatial and temporal features. Specifically, the query is generated from $\mathcal{F}^{cor}$ , while the key and value are obtained from $\mathcal{F}^I$ during t...
BIBLIOTHEQUE/03_COMP-REAS/Enhanced Scene Understanding on 4D Point Cloud/Enhanced Scene Understanding on 4D Point Cloud.md	257	**Design analysis of GIT.** Table 5 illustrates the effectiveness of each component in gradient-aware image Transformer (GIT). To improve the X4D-SceneFormer-Vanilla (-V) discussed before, we generate the correlation feature through merging RGB sequence and TG with cross-attention. The results demonstrate that the correlation feature significantly improves the performance, and the introduction ...
BIBLIOTHEQUE/03_COMP-REAS/Enhanced Scene Understanding on 4D Point Cloud/Enhanced Scene Understanding on 4D Point Cloud.md	263	| self-attention | 81.5 | 89.9 | 88.7 | 86.6 | 79.8 |
BIBLIOTHEQUE/03_COMP-REAS/Enhanced Scene Understanding on 4D Point Cloud/Enhanced Scene Understanding on 4D Point Cloud.md	264	| cross-attention | 82.6 | 92.4 | 91.8 | 89.4 | 81.2 |
BIBLIOTHEQUE/03_COMP-REAS/Enhanced Scene Understanding on 4D Point Cloud/Enhanced Scene Understanding on 4D Point Cloud.md	278	Table 6 further illustrates the fusion strategy in GIT. It shows that cross-attention is the most effective manner of bridging RGB and TG features. As illustrated in Figure 5, our framework, incorporating GIT, demonstrates a superior capacity on HOI4D Action Segmentation dataset, especially for over-segmentation problem.
BIBLIOTHEQUE/03_COMP-REAS/Gated Attention for LLMs- Non-linearity, Sparsity, Sink-Free/Gated Attention for LLMs- Non-linearity, Sparsity, Sink-Free.md	9	Gating mechanisms have been widely utilized, from early models like LSTMs (Hochreiter & Schmidhuber, 1997) and Highway Networks (Srivastava et al., 2015) to recent state space models (Gu & Dao, 2023), linear attention (Hua et al., 2022), and also softmax attention (Lin et al., 2025). Yet, existing literature rarely examines the specific effects of gating. In this work, we conduct comprehensive ...
BIBLIOTHEQUE/03_COMP-REAS/Gated Attention for LLMs- Non-linearity, Sparsity, Sink-Free/Gated Attention for LLMs- Non-linearity, Sparsity, Sink-Free.md	15	Insufficient understanding hinders assessing gating's true contribution, especially when confounded with other architectural factors. For instance, while Switch Heads (Csordas et al., 2024a;b) introduces a sigmoid gating to select top-K attention head experts, our experiments reveal an interesting finding (Appendix A.1): substantial performance gains persist even when reduced to a single expert...
BIBLIOTHEQUE/03_COMP-REAS/Gated Attention for LLMs- Non-linearity, Sparsity, Sink-Free/Gated Attention for LLMs- Non-linearity, Sparsity, Sink-Free.md	17	In this work, we investigate gating mechanisms in the standard softmax attention (Vaswani, 2017) (Sec.2.2). Specifically, we introduce gating at distinct positions (Fig. 1): after the query $(G_4)$ , key $(G_3)$ , and value projections $(G_2)$ ; following the Scaled Dot Product Attention (SDPA) outputs $(G_1)$ ; and after the final dense output layer $(G_5)$ . Our exploration covers gating vari...
BIBLIOTHEQUE/03_COMP-REAS/Gated Attention for LLMs- Non-linearity, Sparsity, Sink-Free/Gated Attention for LLMs- Non-linearity, Sparsity, Sink-Free.md	45	**Multi-Head Concatenation:** In multi-head attention, the above process is repeated in parallel for h heads, with each head having its projection matrices $W_q^i, W_k^i, W_v^i$ . All heads' outputs are concatenated:
BIBLIOTHEQUE/03_COMP-REAS/Gated Attention for LLMs- Non-linearity, Sparsity, Sink-Free/Gated Attention for LLMs- Non-linearity, Sparsity, Sink-Free.md	67	In this work, we comprehensively investigate several variants of gating mechanisms within the attention layers. Our exploration focuses on five key aspects: (1) Positions. We study the effect of applying gating at different positions, as illustrated in Fig. 1(left): (a) after the Q, K, V projections (Equ. 1), corresponding to positions $G_2, G_3, G_4$ in Fig. 1(left); (b) following the SDPA (Eq...
BIBLIOTHEQUE/03_COMP-REAS/Gated Attention for LLMs- Non-linearity, Sparsity, Sink-Free/Gated Attention for LLMs- Non-linearity, Sparsity, Sink-Free.md	170	In multi-head attention, the output of the *i*-th token, corresponding to the *k*-th head, can be expressed as:
BIBLIOTHEQUE/03_COMP-REAS/Gated Attention for LLMs- Non-linearity, Sparsity, Sink-Free/Gated Attention for LLMs- Non-linearity, Sparsity, Sink-Free.md	257	This work systematically investigates the role of gating mechanisms in the standard softmax attention, revealing their significant impact on performance, training stability, and attention dynamics. Through extensive experimental comparisons over 30 variants of 15B MoE and 1.7B dense models trained on up to 3.5T tokens, we demonstrate that applying a sigmoid gate after scaled dot-product attenti...
BIBLIOTHEQUE/03_COMP-REAS/Gated Attention for LLMs- Non-linearity, Sparsity, Sink-Free/Gated Attention for LLMs- Non-linearity, Sparsity, Sink-Free.md	300	- Piotr Piękos, Róbert Csordás, and Jürgen Schmidhuber. Mixture of sparse attention: Content-based learnable sparse attention via expert-choice routing, 2025. URL https://arxiv.org/abs/2505.00315.
BIBLIOTHEQUE/03_COMP-REAS/Gated Attention for LLMs- Non-linearity, Sparsity, Sink-Free/Gated Attention for LLMs- Non-linearity, Sparsity, Sink-Free.md	304	- Jason Ramapuram, Federico Danieli, Eeshan Dhekane, Floris Weers, Dan Busbridge, Pierre Ablin, Tatiana Likhomanenko, Jagrit Digani, Zijin Gu, Amitis Shidani, et al. Theory, analysis, and best practices for sigmoid self-attention. *arXiv preprint arXiv:2409.04431*, 2024.
BIBLIOTHEQUE/03_COMP-REAS/Gated Attention for LLMs- Non-linearity, Sparsity, Sink-Free/Gated Attention for LLMs- Non-linearity, Sparsity, Sink-Free.md	312	- Elena Voita, David Talbot, Fedor Moiseev, Rico Sennrich, and Ivan Titov. Analyzing multi-head self-attention: Specialized heads do the heavy lifting, the rest can be pruned. *arXiv preprint arXiv:1905.09418*, 2019.
BIBLIOTHEQUE/03_COMP-REAS/Gated Attention for LLMs- Non-linearity, Sparsity, Sink-Free/Gated Attention for LLMs- Non-linearity, Sparsity, Sink-Free.md	313	- Hanrui Wang, Zhekai Zhang, and Song Han. Spatten: Efficient sparse attention architecture with cascade token and head pruning. In 2021 IEEE International Symposium on High-Performance Computer Architecture (HPCA), pp. 97–110. IEEE, 2021.
BIBLIOTHEQUE/03_COMP-REAS/Gated Attention for LLMs- Non-linearity, Sparsity, Sink-Free/Gated Attention for LLMs- Non-linearity, Sparsity, Sink-Free.md	321	- Jingyang Yuan, Huazuo Gao, Damai Dai, Junyu Luo, Liang Zhao, Zhengyan Zhang, Zhenda Xie, YX Wei, Lean Wang, Zhiping Xiao, et al. Native sparse attention: Hardware-aligned and natively trainable sparse attention. *arXiv preprint arXiv:2502.11089*, 2025.
BIBLIOTHEQUE/03_COMP-REAS/Generative Language Modeling for Automated Theorem Proving/Generative Language Modeling for Automated Theorem Proving.md	222	The number of expansions we use per proof search may appear as relatively low, but it's important to realize that it already requires a substantial amount of compute as each expansion consists in the auto-regressive generation of e=32 tactics (generally hundreds of tokens and therefore forward passes each). Empirically, the hyperparameters we chose, require on average around $\sim 1k$ GPU.hours...
BIBLIOTHEQUE/03_COMP-REAS/Hierarchical Reasoning Model (HRM)/Hierarchical Reasoning Model (HRM).md	305	Some linear-attention variants, such as Log-linear Attention <sup>101</sup>, share an RNN-like state-update that can be interpreted as propagating multi-timescale summary statistics, thereby retaining long-range context without the quadratic memory growth of standard self-attention. However, substituting the attention mechanism alone does not change the fact that Transformers are still fixed-de...
BIBLIOTHEQUE/03_COMP-REAS/Implicit Factorized Transformer (IFactFormer)/Implicit Factorized Transformer (IFactFormer).md	36	incorporating self-attention, cross-attention, and a series of point-wise multilayer perceptrons (MLPs). Hao et al. [28] designed a general neural operator transformer capable of flexibly encoding different types of input functions and input features. While transformer-based operator approaches have demonstrated competitive outcomes in various benchmarks, their substantial memory demands often ...
BIBLIOTHEQUE/03_COMP-REAS/Implicit Factorized Transformer (IFactFormer)/Implicit Factorized Transformer (IFactFormer).md	87	The weight function $h(\cdot)$ is the scaled dot-product $h(\mathbf{q}_i, \mathbf{k}_j) = (\mathbf{q}_i \cdot \mathbf{k}_j)/\sqrt{d}$ , where d represents the dimension of vectors $\mathbf{q}_i$ and $\mathbf{k}_i$ . Queries, keys, and values vectors are commonly derived from the input via learnable projections. In self-attention mechanisms, all of them are calculated from the same inputs vector...
BIBLIOTHEQUE/03_COMP-REAS/Implicit Factorized Transformer (IFactFormer)/Implicit Factorized Transformer (IFactFormer).md	117	Fig. 1. Architecture of the IFactFormer. Note that the quantities of Q/K/V and $\kappa(\cdot, \cdot)$ are depended on the number of multi-head attention, where L is the number of iterations and n = 3 is the number of dimensions. The details of position encoding are presented in Appendix A.
BIBLIOTHEQUE/03_COMP-REAS/Implicit Factorized Transformer (IFactFormer)/Implicit Factorized Transformer (IFactFormer).md	156	lutional encoder and a MLP decoder, where the number of channels in the latent space is 96. In the factorized attention layer, the number of multi-head attention is set to 10 and the dimensions of each head are 64. Moreover, we set the value of Fourier modes for the FNO model is 20.
BIBLIOTHEQUE/03_COMP-REAS/Improving MoE Compute Efficiency by Composing Weight and Data Sparsity/Improving MoE Compute Efficiency by Composing Weight and Data Sparsity.md	341	- [41] Peng Jin, Bo Zhu, Li Yuan, and Shuicheng Yan. Moh: Multi-head attention as mixture-of-head attention, 2025. URL https://arxiv.org/abs/2410.11842.
BIBLIOTHEQUE/03_COMP-REAS/LeaF- Learning Frames for 4D Point Cloud Sequence Understanding/LeaF- Learning Frames for 4D Point Cloud Sequence Understanding.md	153	To be specific, the queries and keys are generated from the region frame feature but the values are generated from the camera frame feature. We formulate the fusion process as a self-attention operation below:
BIBLIOTHEQUE/03_COMP-REAS/Less is More- Recursive Reasoning with Tiny Networks/Less is More- Recursive Reasoning with Tiny Networks.md	208	| w/self-attention | 74.7 | 42 | 1 | 7M |
BIBLIOTHEQUE/03_COMP-REAS/Less is More- Recursive Reasoning with Tiny Networks/Less is More- Recursive Reasoning with Tiny Networks.md	271	Self-attention is particularly good for long-context lengths when $L \gg D$ since it only requires a matrix of [D, 3D] parameters, even though it can account for the whole sequence. However, when focusing on tasks where $L \leq D$ , a linear layer is cheap, requiring only a matrix of [L, L] parameters. Taking inspiration from the MLP-Mixer (Tolstikhin et al., 2021), we can replace the self-atte...
BIBLIOTHEQUE/03_COMP-REAS/Less is More- Recursive Reasoning with Tiny Networks/Less is More- Recursive Reasoning with Tiny Networks.md	311	From the results, we see that TRM without selfattention obtains the best generalization on Sudoku-Extreme (87.4% test accuracy). Meanwhile, TRM with self-attention generalizes better on the other tasks (probably due to inductive biases and the overcapacity of the MLP on large 30x30 grids). TRM with self-attention obtains 85.3% accuracy on Maze-Hard, 44.6% accuracy on ARC-AGI-1, and 7.8% accurac...
BIBLIOTHEQUE/03_COMP-REAS/Less is More- Recursive Reasoning with Tiny Networks/Less is More- Recursive Reasoning with Tiny Networks.md	352	While our approach led to better generalization on 4 benchmarks, every choice made is not guaranteed to be optimal on every dataset. For example, we found that replacing the self-attention with an MLP worked extremely well on Sudoku-Extreme (improving test accuracy by 10%), but poorly on other datasets. Different problem settings may require different architectures or number of parameters. Scal...
BIBLIOTHEQUE/03_COMP-REAS/MaskGIT- Masked Generative Image Transformer/MaskGIT- Masked Generative Image Transformer.md	31	self-attention allows the model to generate new tokens from generated tokens in all directions. We find that the mask scheduling (*i.e.* fraction of the image masked each iteration) significantly affects generation quality. We propose to use the cosine schedule and substantiate its efficacy in the ablation study.
BIBLIOTHEQUE/03_COMP-REAS/MaskGIT- Masked Generative Image Transformer/MaskGIT- Masked Generative Image Transformer.md	55	The transformer architecture [48], was first proposed in NLP, and has recently extended its reach to computer vision [6, 13]. Transformer consists of multiple self-attention layers, allowing interactions between all pairs of elements in the sequence to be captured. In particular, BERT [11] introduces the masked language modeling (MLM) task for language representation learning. The bi-directiona...
BIBLIOTHEQUE/03_COMP-REAS/MaskGIT- Masked Generative Image Transformer/MaskGIT- Masked Generative Image Transformer.md	87	In autoregressive decoding, tokens are generated sequentially based on previously generated output. This process is not parallelizable and thus very slow for image because the image token length, *e.g.* 256 or 1024, is typically much larger than that of language. We introduce a novel decoding method where all tokens in the image are generated simultaneously in parallel. This is feasible due to ...
BIBLIOTHEQUE/03_COMP-REAS/MaskGIT- Masked Generative Image Transformer/MaskGIT- Masked Generative Image Transformer.md	325	- [53] Han Zhang, Ian J. Goodfellow, Dimitris N. Metaxas, and Augustus Odena. Self-attention generative adversarial networks. In *ICML*, 2019. 3
BIBLIOTHEQUE/03_COMP-REAS/Memorizing Transformers/Memorizing Transformers.md	57	The architecture of our kNN-augmented transformer is shown in Figure 2. The bulk of the model is a vanilla, decoder-only transformer (Vaswani et al., 2017). The input text is tokenized, and the tokens are embedded into vector space. The embedding vectors are passed through a series of transformer layers, each of which does dense self-attention, followed by a feed-forward network (FFN). Since th...
BIBLIOTHEQUE/03_COMP-REAS/Memorizing Transformers/Memorizing Transformers.md	65	We also use a Transformer-XL style cache, which holds the keys and values from the previous training step. When doing self-attention, the cached keys and values are prepended to the current keys and values, and we use a sliding-window causal mask (Beltagy et al., 2020) so that each token has a local context that includes the previous 512 tokens.
BIBLIOTHEQUE/03_COMP-REAS/Memorizing Transformers/Memorizing Transformers.md	69	One of the transformer layers near the top of the stack is a kNN-augmented attention layer, which combines two forms of attention. Like all of the other layers, it uses standard dense self-attention on the *local context*, which is the input subsequence for the current training step. Unlike the other layers, however, it also does an approximate k-nearest-neighbor search into the *external memory*.
BIBLIOTHEQUE/03_COMP-REAS/Memorizing Transformers/Memorizing Transformers.md	75	Attention over the local context is performed in the usual way. The results of kNN-attention and local attention are then combined using a learned gate:
BIBLIOTHEQUE/03_COMP-REAS/Memorizing Transformers/Memorizing Transformers.md	281	- Aurko Roy, Mohammad Saffar, Ashish Vaswani, and David Grangier. Efficient content-based sparse attention with routing transformers. *Transactions of the Association for Computational Linguistics*, 9:53–68, 2021.
BIBLIOTHEQUE/03_COMP-REAS/Memorizing Transformers/Memorizing Transformers.md	283	- Sainbayar Sukhbaatar, Edouard Grave, Guillaume Lample, Herve Jegou, and Armand Joulin. Augmenting self-attention with persistent memory. *arXiv* preprint arXiv:1907.01470, 2019.
BIBLIOTHEQUE/03_COMP-REAS/Memorizing Transformers/Memorizing Transformers.md	290	- Sinong Wang, Belinda Z Li, Madian Khabsa, Han Fang, and Hao Ma. Linformer: Self-attention with linear complexity. *arXiv preprint arXiv:2006.04768*, 2020b.
BIBLIOTHEQUE/03_COMP-REAS/Memorizing Transformers/Memorizing Transformers.md	299	Zhenhai Zhu and Radu Soricut. H-transformer-1d: Fast one-dimensional hierarchical attention for sequences. In *ACL*, 2021.
BIBLIOTHEQUE/03_COMP-REAS/MemoryLLM- Plug-n-Play Interpretable Feed-Forward Memory for Transformers/MemoryLLM- Plug-n-Play Interpretable Feed-Forward Memory for Transformers.md	7	Understanding how transformer components operate in LLMs is important, as it is at the core of recent technological advances in artificial intelligence. In this work, we revisit the challenges associated with interpretability of feed-forward modules (FFNs) and propose **MemoryLLM**, which aims to decouple FFNs from self-attention and enables us to study the decoupled FFNs as context-free token-...
BIBLIOTHEQUE/03_COMP-REAS/MemoryLLM- Plug-n-Play Interpretable Feed-Forward Memory for Transformers/MemoryLLM- Plug-n-Play Interpretable Feed-Forward Memory for Transformers.md	15	Large language models (LLMs) are *omnipresent*, demonstrating rapidly evolving capabilities across critical domains such as healthcare, finance, education, and mobility. Modern LLMs (Grattafiori et al., 2024; Liu et al., 2025, 2024; Jiang et al., 2024; Adler et al., 2024; Gunter et al., 2024) are sequential stacks of transformer blocks in association with embedding layers that project textual i...
BIBLIOTHEQUE/03_COMP-REAS/MemoryLLM- Plug-n-Play Interpretable Feed-Forward Memory for Transformers/MemoryLLM- Plug-n-Play Interpretable Feed-Forward Memory for Transformers.md	17	In contrast, FFNs, while holding approximately two-thirds of the LLMs' parameters, have been relatively underexplored, and their roles in information processing flow deserve in-depth studies. One potential reason for limited investigation can be attributed to the existence of a tightly intertwined relationship between FFNs and self-attention in modern LLMs: FFNs consume a non-interpretable addi...
BIBLIOTHEQUE/03_COMP-REAS/MemoryLLM- Plug-n-Play Interpretable Feed-Forward Memory for Transformers/MemoryLLM- Plug-n-Play Interpretable Feed-Forward Memory for Transformers.md	19	Motivated by the interpretability challenges associated with FFNs in LLMs, we pose a critical question: How can we disentangle FFNs from self-attention to encode deterministic memory mapped to a finite human-
BIBLIOTHEQUE/03_COMP-REAS/MemoryLLM- Plug-n-Play Interpretable Feed-Forward Memory for Transformers/MemoryLLM- Plug-n-Play Interpretable Feed-Forward Memory for Transformers.md	23	Figure 1 Architecture comparison of Conventional Transformer (base) v/s MemoryLLM with Residual Stream Perspective: (a) FFN input in conventional transformers is a sequential and non-interpretable latent snapshot of a residual stream, including prior self-attention module output; (b) MemoryLLM decouples FFNs across all transformer blocks completely from self-attention modules and trains them in...
BIBLIOTHEQUE/03_COMP-REAS/MemoryLLM- Plug-n-Play Interpretable Feed-Forward Memory for Transformers/MemoryLLM- Plug-n-Play Interpretable Feed-Forward Memory for Transformers.md	25	interpretable vocabulary? Unlike previous attempts which focus on investigating de facto FFNs of pretrained LLMs, we adopt an alternative approach: designing and training from scratch a novel transformer architecture. Our main goal is to enforce clear separation between self-attention and FFNs, in order to clarify the FFN's role as context-free retrieval memory over an interpretable, finite set...
BIBLIOTHEQUE/03_COMP-REAS/MemoryLLM- Plug-n-Play Interpretable Feed-Forward Memory for Transformers/MemoryLLM- Plug-n-Play Interpretable Feed-Forward Memory for Transformers.md	27	In this work, we propose **MemoryLLM**, which makes a dramatic simplification of a conventional transformer architecture that entails training self-attention and FFNs modules in independent of and parallel to each other. **MemoryLLM** features a interpretability-focused architecture (Figure 1b) where self-attention heads are trained in conventional fashion using the incoming residual stream, wh...
BIBLIOTHEQUE/03_COMP-REAS/MemoryLLM- Plug-n-Play Interpretable Feed-Forward Memory for Transformers/MemoryLLM- Plug-n-Play Interpretable Feed-Forward Memory for Transformers.md	45	Modern LLMs are composed of a sequential stacking of self-attention and feed-forward modules. Figure 1(a) illustrates a residual information flow perspective (Elhage et al., 2021) in a conventional LLM, where at transformer layer L, the self-attention module takes the snapshot $X_L$ of residual stream and transforms it with contextual information before adding it back to the stream. Next, the F...
BIBLIOTHEQUE/03_COMP-REAS/MemoryLLM- Plug-n-Play Interpretable Feed-Forward Memory for Transformers/MemoryLLM- Plug-n-Play Interpretable Feed-Forward Memory for Transformers.md	49	In the next subsection, we present **MemoryLLM**. This architecture allows us to study FFNs in isolation of self-attention, where each token id from an input prompt can be mapped to *static* indices within context-free token-level memory.
BIBLIOTHEQUE/03_COMP-REAS/MemoryLLM- Plug-n-Play Interpretable Feed-Forward Memory for Transformers/MemoryLLM- Plug-n-Play Interpretable Feed-Forward Memory for Transformers.md	55	An input text $T = \{t_1, t_2, ..., t_M\}$ of M tokens is transformed to embedding vectors $X_0^{M \times d}$ with an embedding matrix $E \in R^{|V| \times d}$ over a vocabulary space V. A self-attention module at transformer layer L is parameterized with $W_Q, W_K$ , and $W_V$ weight matrices. The contextualized token representation is computed by:
BIBLIOTHEQUE/03_COMP-REAS/MemoryLLM- Plug-n-Play Interpretable Feed-Forward Memory for Transformers/MemoryLLM- Plug-n-Play Interpretable Feed-Forward Memory for Transformers.md	59	Next, SwiGLU (Shazeer, 2020) based FFNs in modern LLMs are parameterized with three matrices with K as intermediate expansion dimension: $W_{Up}, W_{Down}$ , and $W_{Gate}$ . In a conventional transformer layer, FFN output is an additive mixture of self-attention and residual stream ( $\tilde{X}_L$ ):
BIBLIOTHEQUE/03_COMP-REAS/MemoryLLM- Plug-n-Play Interpretable Feed-Forward Memory for Transformers/MemoryLLM- Plug-n-Play Interpretable Feed-Forward Memory for Transformers.md	67	In this section, we describe the architecture design of MemoryLLM, which disentangles the sequential dependence of FFN modules from self-attention output and the residual stream (Equation 2.2,2.3) in a transformer layer. MoLE (Jie et al., 2025) illustrates that in mixture-of-experts (MoE), the majority of experts can be trained directly with token-level input embeddings. However, MoLE's expert ...
BIBLIOTHEQUE/03_COMP-REAS/MemoryLLM- Plug-n-Play Interpretable Feed-Forward Memory for Transformers/MemoryLLM- Plug-n-Play Interpretable Feed-Forward Memory for Transformers.md	69	More specifically, we propose to train all feed-forward modules $\{FFN_{L_0}, FFN_{L_1}, ..., FFN_{L_{N-1}}\}$ across an N layer LLM, directly with token-indexed context-free embedding vectors $X_0 \in \mathbb{R}^{M \times d}$ generated out of M tokens IDs from tokenizer for a given input text. Figure 1(b) presents the architecture design of MemoryLLM where the self-attention module is trained ...
BIBLIOTHEQUE/03_COMP-REAS/MemoryLLM- Plug-n-Play Interpretable Feed-Forward Memory for Transformers/MemoryLLM- Plug-n-Play Interpretable Feed-Forward Memory for Transformers.md	94	fashion, generating retrieved output (o). This is added to the residual stream (Figure 1) in parallel to self-attention. For a given query vector q corresponding to token t, the neural memory retrieval process within FFN is a two step process:
BIBLIOTHEQUE/03_COMP-REAS/MemoryLLM- Plug-n-Play Interpretable Feed-Forward Memory for Transformers/MemoryLLM- Plug-n-Play Interpretable Feed-Forward Memory for Transformers.md	234	We propose MemoryLLM, a modified transformer architecture that explicitly decouples feed-forward networks (FFNs) from the residual stream and self-attention. In our work, FFNs are trained in isolation using context-free token embeddings, enabling their interpretation as neural key-value memory over a finite, human-interpretable query space (the vocabulary). We found that knowledge associated wi...
BIBLIOTHEQUE/03_COMP-REAS/MemoryLLM- Plug-n-Play Interpretable Feed-Forward Memory for Transformers/MemoryLLM- Plug-n-Play Interpretable Feed-Forward Memory for Transformers.md	278	- S. Sukhbaatar, E. Grave, G. Lample, H. Jegou, and A. Joulin. Augmenting self-attention with persistent memory. arXiv preprint arXiv:1907.01470, 2019.
BIBLIOTHEQUE/03_COMP-REAS/MemoryLLM- Plug-n-Play Interpretable Feed-Forward Memory for Transformers/MemoryLLM- Plug-n-Play Interpretable Feed-Forward Memory for Transformers.md	361	Accurate factual generation remains a critical objective for generative models, often evaluated using opendomain question answering benchmarks (Chen et al., 2017; Chen and Yih, 2020) and other tasks requiring substantial knowledge (Petroni et al., 2021). Models that can effectively encode factual knowledge from training data are better equipped to provide correct responses to knowledge-intensiv...
BIBLIOTHEQUE/03_COMP-REAS/Nystromformer- A Nystrom-Based Algorithm for Approximating Self-Attention/Nystromformer- A Nystrom-Based Algorithm for Approximating Self-Attention.md	1	# Nyströmformer: A Nyström-based Algorithm for Approximating Self-Attention
BIBLIOTHEQUE/03_COMP-REAS/Nystromformer- A Nystrom-Based Algorithm for Approximating Self-Attention/Nystromformer- A Nystrom-Based Algorithm for Approximating Self-Attention.md	9	Transformers have emerged as a powerful tool for a broad range of natural language processing tasks. A key component that drives the impressive performance of Transformers is the self-attention mechanism that encodes the influence or dependence of other tokens on each specific token. While beneficial, the quadratic complexity of self-attention on the input sequence length has limited its applic...
BIBLIOTHEQUE/03_COMP-REAS/Nystromformer- A Nystrom-Based Algorithm for Approximating Self-Attention/Nystromformer- A Nystrom-Based Algorithm for Approximating Self-Attention.md	13	Transformer-based models, such as BERT (Devlin et al. 2019) and GPT-3 (Brown et al. 2020), have been very successful in natural language processing (NLP), achieving state-of-the-art performance in machine translation (Vaswani et al. 2017), natural language inference (Williams, Nangia, and Bowman 2018), paraphrasing (Dolan and Brockett 2005), text classification (Howard and Ruder 2018), question...
BIBLIOTHEQUE/03_COMP-REAS/Nystromformer- A Nystrom-Based Algorithm for Approximating Self-Attention/Nystromformer- A Nystrom-Based Algorithm for Approximating Self-Attention.md	15	Despite the foregoing advantages, self-attention also turns out to be a major efficiency bottleneck since it has a memory and time complexity of $O(n^2)$ where n is the length of an input sequence. This leads to high memory and computational
BIBLIOTHEQUE/03_COMP-REAS/Nystromformer- A Nystrom-Based Algorithm for Approximating Self-Attention/Nystromformer- A Nystrom-Based Algorithm for Approximating Self-Attention.md	21	To address this challenge, several recent works have proposed strategies that avoid incurring the quadratic cost when dealing with longer input sequences. For example, (Dai et al. 2019) suggests a trade-off between memory and computational efficiency. The ideas described in (Child et al. 2019; Kitaev, Kaiser, and Levskaya 2019) decrease the self-attention complexity to $O(n\sqrt{n})$ and $O(n\l...
BIBLIOTHEQUE/03_COMP-REAS/Nystromformer- A Nystrom-Based Algorithm for Approximating Self-Attention/Nystromformer- A Nystrom-Based Algorithm for Approximating Self-Attention.md	23	In this paper, we propose a O(n) approximation, both in the sense of memory and time, for self-attention. Our model, $Nystr\"{o}mformer$ , scales linearly with the input sequence length n. This is achieved by leveraging the celebrated Nystr\"{o}m method, repurposed for approximating self-attention. Specifically, our $Nystr\"{o}mFormer$ algorithm makes use of landmark (or Nystr\"{o}m) points to ...
BIBLIOTHEQUE/03_COMP-REAS/Nystromformer- A Nystrom-Based Algorithm for Approximating Self-Attention/Nystromformer- A Nystrom-Based Algorithm for Approximating Self-Attention.md	29	quence lengths from the Long Range Arena (LRA) benchmark (Tay et al. 2020). *NyströmFormer* performs well compared to several recent efficient self-attention methods, including Reformer (Kitaev, Kaiser, and Levskaya 2019), Linformer (Wang et al. 2020), and Performer (Choromanski et al. 2020), by margin of $\sim$ 3.4% in average accuracy. We believe that the idea is a step towards resource effic...
BIBLIOTHEQUE/03_COMP-REAS/Nystromformer- A Nystrom-Based Algorithm for Approximating Self-Attention/Nystromformer- A Nystrom-Based Algorithm for Approximating Self-Attention.md	35	Efficient Transformers. Weight pruning (Michel, Levy, and Neubig 2019), weight factorization (Lan et al. 2020), weight quantization (Zafrir et al. 2019) or knowledge distillation (Sanh et al. 2019) are several strategies that have been proposed to improve memory efficiency in Transformers. The use of a new pretraining objective in (Clark et al. 2019), product-key attention in (Lample et al. 201...
BIBLIOTHEQUE/03_COMP-REAS/Nystromformer- A Nystrom-Based Algorithm for Approximating Self-Attention/Nystromformer- A Nystrom-Based Algorithm for Approximating Self-Attention.md	37	Linearized Softmax. In (Blanc and Rendle 2018), an adaptive sampled softmax with a kernel based sampling was shown to speed up training. It involves sampling only some of the classes at each training step using a linear dot product approximation. In (Rawat et al. 2019), the Random Fourier Softmax (RF-softmax) idea uses random Fourier features to perform efficient sampling from an approximate so...
BIBLIOTHEQUE/03_COMP-REAS/Nystromformer- A Nystrom-Based Algorithm for Approximating Self-Attention/Nystromformer- A Nystrom-Based Algorithm for Approximating Self-Attention.md	41	The most related ideas to our development are (Wang and Zhang 2013; Musco and Musco 2017). These approaches are designed for general matrix approximation (which accurately reflects our setup) while only sampling a subset of columns and rows. However, directly applying these methods to approximate a softmax matrix used by self-attention does not directly reduce the computational complexity. This...
BIBLIOTHEQUE/03_COMP-REAS/Nystromformer- A Nystrom-Based Algorithm for Approximating Self-Attention/Nystromformer- A Nystrom-Based Algorithm for Approximating Self-Attention.md	45	In this section, we start by briefly reviewing self-attention, then discuss the basic idea of Nyström approximation method for the softmax matrix in self-attention, and finally adapting this idea to achieve our proposed construction.
BIBLIOTHEQUE/03_COMP-REAS/Nystromformer- A Nystrom-Based Algorithm for Approximating Self-Attention/Nystromformer- A Nystrom-Based Algorithm for Approximating Self-Attention.md	47	## **Self-Attention**
BIBLIOTHEQUE/03_COMP-REAS/Nystromformer- A Nystrom-Based Algorithm for Approximating Self-Attention/Nystromformer- A Nystrom-Based Algorithm for Approximating Self-Attention.md	49	What is self-attention? Self-attention calculates a weighted average of feature representations with the weight proportional to a similarity score between pairs of representations. Formally, an input sequence of n tokens of dimensions d, $X \in \mathbf{R}^{n \times d}$ , is projected using three matrices $W_Q \in \mathbf{R}^{d \times d_q}$ , $W_K \in \mathbf{R}^{d \times d_k}$ , and $W_V \in \m...
BIBLIOTHEQUE/03_COMP-REAS/Nystromformer- A Nystrom-Based Algorithm for Approximating Self-Attention/Nystromformer- A Nystrom-Based Algorithm for Approximating Self-Attention.md	53	So, self-attention can be written as,
BIBLIOTHEQUE/03_COMP-REAS/Nystromformer- A Nystrom-Based Algorithm for Approximating Self-Attention/Nystromformer- A Nystrom-Based Algorithm for Approximating Self-Attention.md	59	Compute cost of self-attention. The self-attention mechanism requires calculating $n^2$ similarity scores between each pair of tokens, leading to a complexity of $O(n^2)$ for both memory and time. Due to this quadratic dependence on the input length, the application of self-attention is limited to short sequences (e.g., n < 1000). This is a *key motivation* for a resource-efficient self-attenti...
BIBLIOTHEQUE/03_COMP-REAS/Nystromformer- A Nystrom-Based Algorithm for Approximating Self-Attention/Nystromformer- A Nystrom-Based Algorithm for Approximating Self-Attention.md	63	The starting point of our work is to reduce the computational cost of self-attention in Transformers using the Nyström method, widely adopted for matrix approximation (Williams and Seeger 2001; Drineas and Mahoney 2005; Wang and Zhang 2013). Following (Wang and Zhang 2013), we describe a potential strategy and its challenges for using the Nyström method to approximate the softmax matrix in self...
BIBLIOTHEQUE/03_COMP-REAS/Nystromformer- A Nystrom-Based Algorithm for Approximating Self-Attention/Nystromformer- A Nystrom-Based Algorithm for Approximating Self-Attention.md	65	Denote the softmax matrix used in self-attention $S=\operatorname{softmax}\left(\frac{QK^T}{\sqrt{d_q}}\right)\in\mathbf{R}^{n\times n}.$ S can be written as
BIBLIOTHEQUE/03_COMP-REAS/Nystromformer- A Nystrom-Based Algorithm for Approximating Self-Attention/Nystromformer- A Nystrom-Based Algorithm for Approximating Self-Attention.md	77	**Nyström approximation for softmax matrix.** We briefly discuss how to construct the out-of-sample approximation for the softmax matrix in self-attention using the standard Nyström method. Given a query $q_i$ and key $k_j$ , let
BIBLIOTHEQUE/03_COMP-REAS/Nystromformer- A Nystrom-Based Algorithm for Approximating Self-Attention/Nystromformer- A Nystrom-Based Algorithm for Approximating Self-Attention.md	100	where $[\cdot]_{n\times m}$ refers to taking m columns from $n\times n$ matrix and $[\cdot]_{m\times n}$ refers to taking m rows from $n\times n$ matrix. This representation is the application of (4) for softmax matrix approximation in self-attention. $\begin{bmatrix} A_S \\ F_S \end{bmatrix}$ in (4) corresponds to the first $n\times m$ matrix in (6) and $[A_S \quad B_S]$ in (4) corresponds to ...
BIBLIOTHEQUE/03_COMP-REAS/Nystromformer- A Nystrom-Based Algorithm for Approximating Self-Attention/Nystromformer- A Nystrom-Based Algorithm for Approximating Self-Attention.md	104	#### Linearized Self-Attention via Nyström Method
BIBLIOTHEQUE/03_COMP-REAS/Nystromformer- A Nystrom-Based Algorithm for Approximating Self-Attention/Nystromformer- A Nystrom-Based Algorithm for Approximating Self-Attention.md	112	Figure 2: Illustration of a Nyström approximation of softmax matrix in self-attention. The left image shows the true softmax matrix used in self-attention and the right images show its Nyström approximation. Our approximation is computed via multiplication of three matrices.
BIBLIOTHEQUE/03_COMP-REAS/Nystromformer- A Nystrom-Based Algorithm for Approximating Self-Attention/Nystromformer- A Nystrom-Based Algorithm for Approximating Self-Attention.md	186	**Algorithm 1:** Pipeline for Nyström approximation of softmax matrix in self-attention
BIBLIOTHEQUE/03_COMP-REAS/Nystromformer- A Nystrom-Based Algorithm for Approximating Self-Attention/Nystromformer- A Nystrom-Based Algorithm for Approximating Self-Attention.md	227	Figure 3: An example of Nyström approximation vs. ground-truth self-attention. Top: standard self-attention computed by (2). Bottom: self-attention from our proposed Nyström approximation in (17). We see that the attention patterns are quite similar.
BIBLIOTHEQUE/03_COMP-REAS/Nystromformer- A Nystrom-Based Algorithm for Approximating Self-Attention/Nystromformer- A Nystrom-Based Algorithm for Approximating Self-Attention.md	229	Approximate self-attention. With landmark points and pseudoinverse computed, the Nyström approximation of the softmax matrix can be calculated. By plugging in the Nyström approximation, we obtain a linearized version $\hat{S}V$ , to approximate the true self-attention SV,
BIBLIOTHEQUE/03_COMP-REAS/Nystromformer- A Nystrom-Based Algorithm for Approximating Self-Attention/Nystromformer- A Nystrom-Based Algorithm for Approximating Self-Attention.md	234	Fig. 3 presents an example of the fidelity between Nyström approximate self-attention versus true self-attention.
BIBLIOTHEQUE/03_COMP-REAS/Nystromformer- A Nystrom-Based Algorithm for Approximating Self-Attention/Nystromformer- A Nystrom-Based Algorithm for Approximating Self-Attention.md	242	**Lemma 2.** Given the input data set $Q = \{q_i\}_{i=1}^n$ and $K = \{k_i\}_{i=1}^n$ , and the corresponding landmark point set $\tilde{Q} = \{\tilde{q_j}\}_{j=1}^m$ and $\tilde{K_j} = \{\tilde{k}\}_{j=1}^m$ . Using (17), the Nyström approximate self-attention converges to true self-attention if
BIBLIOTHEQUE/03_COMP-REAS/Nystromformer- A Nystrom-Based Algorithm for Approximating Self-Attention/Nystromformer- A Nystrom-Based Algorithm for Approximating Self-Attention.md	246	Figure 4: The proposed architecture of efficient self-attention via Nyström approximation. Each box represents an input, output, or intermediate matrix. The variable name and the size of the matrix are inside box. $\times$ denotes matrix multiplication, and + denotes matrix addition. The orange colored boxes are those matrices used in the Nyström approximation. The green boxes are the skip conn...
BIBLIOTHEQUE/03_COMP-REAS/Nystromformer- A Nystrom-Based Algorithm for Approximating Self-Attention/Nystromformer- A Nystrom-Based Algorithm for Approximating Self-Attention.md	250	Lemma 2 suggests that if the landmark points overlap sufficiently with the original data points, the approximation to self-attention will be good. While the condition here is problem dependent, we note that it is feasible to achieve an accurate approximation without using a large number of landmarks. This is because (Oglic and Gärtner 2017) points out that the error of Nyström approximation dep...
BIBLIOTHEQUE/03_COMP-REAS/Nystromformer- A Nystrom-Based Algorithm for Approximating Self-Attention/Nystromformer- A Nystrom-Based Algorithm for Approximating Self-Attention.md	270	- **BERT-small** is a light weighted BERT model with 4 layers. We use BERT-small to compare to linear Transformers, including ELU linearized self-attention (Katharopoulos et al. 2020) and Linformer (Wang et al. 2020).
BIBLIOTHEQUE/03_COMP-REAS/Nystromformer- A Nystrom-Based Algorithm for Approximating Self-Attention/Nystromformer- A Nystrom-Based Algorithm for Approximating Self-Attention.md	274	Our Nyströmformer replaces the self-attention in BERTsmall and BERT-base using the proposed Nyström approximation. We acknowledge that several very recent articles
BIBLIOTHEQUE/03_COMP-REAS/Nystromformer- A Nystrom-Based Algorithm for Approximating Self-Attention/Nystromformer- A Nystrom-Based Algorithm for Approximating Self-Attention.md	278	| self-attention | 512 | | 1024 | | 2048 | | 4096 | | 8192 | |
BIBLIOTHEQUE/03_COMP-REAS/Nystromformer- A Nystrom-Based Algorithm for Approximating Self-Attention/Nystromformer- A Nystrom-Based Algorithm for Approximating Self-Attention.md	286	Table 1: Memory consumption and running time results on various input sequence length. We report the average memory consumption (MB) and running time (ms) for one input instance with different input length through self-attention module. Nyströmformer-64 denotes Nyströmformer self-attention module using 64 landmarks and Nyströmformer-32 denotes Nyströmformer module using 32 landmarks. Linformer-...
BIBLIOTHEQUE/03_COMP-REAS/Nystromformer- A Nystrom-Based Algorithm for Approximating Self-Attention/Nystromformer- A Nystrom-Based Algorithm for Approximating Self-Attention.md	288	(Zaheer et al. 2020; Beltagy, Peters, and Cohan 2020), concurrent with our work, have also proposed efficient O(n) self-attention for Transformers. An exhaustive comparison to a rapidly growing set of algorithms is prohibitive unless extensive compute resources are freely available. Thus, we only compare runtime performance and the memory consumption of our method to Linformer (Wang et al. 2020...
BIBLIOTHEQUE/03_COMP-REAS/Nystromformer- A Nystrom-Based Algorithm for Approximating Self-Attention/Nystromformer- A Nystrom-Based Algorithm for Approximating Self-Attention.md	294	Figure 5: Results on masked-language-modeling (MLM) and sentence-order-prediction (SOP). On BERT-small, our Nyström self-attention is competitive to standard self-attention, outperforming Linformer and other linear self-attentions.
BIBLIOTHEQUE/03_COMP-REAS/Nystromformer- A Nystrom-Based Algorithm for Approximating Self-Attention/Nystromformer- A Nystrom-Based Algorithm for Approximating Self-Attention.md	296	Results on accuracy and efficiency. We report the validation accuracy and inference efficiency of our model and compare the results to transformer based models. In Fig. 5 and 6, we plot MLM and SOP pre-training validation accuracy, which shows that Nyströformer is comparable to a standard transformer and outperforms other variants of efficient transformers. We also note the computation and memo...
BIBLIOTHEQUE/03_COMP-REAS/Nystromformer- A Nystrom-Based Algorithm for Approximating Self-Attention/Nystromformer- A Nystrom-Based Algorithm for Approximating Self-Attention.md	300	Figure 6: Results on MLM and SOP. We report MLM and SOP validation accuracy for each training step. BERT-base (from scratch) is trained with 0.5M steps, our Nyström (from scratch) is trained with 0.5M steps as BERT-base (from scratch), and our Nyströmformer (from standard) is trained with $\sim$ 0.25M steps initialized from pretrained BERT-base. Our Nyström self-attention is competitive with st...
BIBLIOTHEQUE/03_COMP-REAS/Nystromformer- A Nystrom-Based Algorithm for Approximating Self-Attention/Nystromformer- A Nystrom-Based Algorithm for Approximating Self-Attention.md	327	Table 3: Results on Long Range Arena (LRA) benchmark using our PyTorch implementation. We report classification accuracy for each individual task and average accuracy across all tasks. Our Nyströmformer performs competitively with standard self-attention, and significantly outperforms Reformer, Linformer, and Performer. While we achieve consistent results reported in (Tay et al. 2020) for most ...
BIBLIOTHEQUE/03_COMP-REAS/Nystromformer- A Nystrom-Based Algorithm for Approximating Self-Attention/Nystromformer- A Nystrom-Based Algorithm for Approximating Self-Attention.md	335	Our last experiment evaluates our model on tasks with longer sequence lengths. We follow the LRA benchmark (Tay et al. 2020) and compare our method against other efficient self-attention variants.
BIBLIOTHEQUE/03_COMP-REAS/Nystromformer- A Nystrom-Based Algorithm for Approximating Self-Attention/Nystromformer- A Nystrom-Based Algorithm for Approximating Self-Attention.md	339	**Baselines**. We compare different self-attention methods using a same Transformer model. Our baselines consist of the vanilla self-attention (Vaswani et al. 2017), and several recent efficient self-attention variants, including Reformer (Kitaev, Kaiser, and Levskaya 2019), Linformer (Wang et al. 2020), and Performer (Choromanski et al. 2020).
BIBLIOTHEQUE/03_COMP-REAS/Nystromformer- A Nystrom-Based Algorithm for Approximating Self-Attention/Nystromformer- A Nystrom-Based Algorithm for Approximating Self-Attention.md	345	**Results**. Table 3 compares our method to baselines. Our results are on par with the vanilla self-attention for all tasks, with comparable average accuracy (+0.18%) but are more efficient (see Table 1). Importantly, our method outperforms other efficient self-attention methods, with +3.91%, +3.36%, +5.32% in average accuracy against Reformer, Linformer, and Performer, respectively. We find th...
BIBLIOTHEQUE/03_COMP-REAS/Nystromformer- A Nystrom-Based Algorithm for Approximating Self-Attention/Nystromformer- A Nystrom-Based Algorithm for Approximating Self-Attention.md	349	Scaling Transformer based models to longer sequences is desirable in both NLP as well as computer vision, and it will involve identifying ways to mitigate its compute and memory requirements. Within the last year, this need has led to a number of results describing how randomized numerical linear algebra schemes based on random projections and low rank assumptions can help (Katharopoulos et al....
BIBLIOTHEQUE/03_COMP-REAS/Nystromformer- A Nystrom-Based Algorithm for Approximating Self-Attention/Nystromformer- A Nystrom-Based Algorithm for Approximating Self-Attention.md	412	- Wang, S.; Li, B.; Khabsa, M.; Fang, H.; and Ma, H. 2020. Linformer: Self-Attention with Linear Complexity. *arXiv preprint arXiv:2006.04768*.
BIBLIOTHEQUE/03_COMP-REAS/Physics of Language Models- Part 4.1, Architecture Design and the Magic of Canon Layers/Physics of Language Models- Part 4.1, Architecture Design and the Magic of Canon Layers.md	17	ZA sincerely thanks Vahab Mirrokni for the invitation to the Yale workshop in October 2023, where this research was sparked through enlightening discussions with Vahab Mirrokni and Peilin Zhong. Canon layers build on the idea of uniform attention previously explored in [6]. ZA thanks Alberto Alfarano for introducing the papers [31, 45, 66, 82], and the PyTorch scaled dot product attention funct...
BIBLIOTHEQUE/03_COMP-REAS/Physics of Language Models- Part 4.1, Architecture Design and the Magic of Canon Layers/Physics of Language Models- Part 4.1, Architecture Design and the Magic of Canon Layers.md	261	<sup>&</sup>lt;sup>11</sup>Fewer than 0.45% parameters for GPT2-small. For a 1.3B-parameter Llama with Canon-ABCD enabled, parameters increase by 0.0063%, runtime overhead on an H100 GPU with naive implementation (PyTorch bf16, flash attention, causal conv1d kernels) is 12.4%, 14.1%, and 20.8% for forward, backward, and generation respectively. For Canon-AC, overheads reduce to 5.8%, 5.8%, and ...
BIBLIOTHEQUE/03_COMP-REAS/Physics of Language Models- Part 4.1, Architecture Design and the Magic of Canon Layers/Physics of Language Models- Part 4.1, Architecture Design and the Magic of Canon Layers.md	1073	- [20] Soham De, Samuel L Smith, Anushan Fernando, Aleksandar Botev, George Cristian-Muraru, Albert Gu, Ruba Haroun, Leonard Berrada, Yutian Chen, Srivatsan Srinivasan, et al. Griffin: Mixing gated linear recurrences with local attention for efficient language models. arXiv preprint arXiv:2402.19427, 2024.
BIBLIOTHEQUE/03_COMP-REAS/Physics of Language Models- Part 4.1, Architecture Design and the Magic of Canon Layers/Physics of Language Models- Part 4.1, Architecture Design and the Magic of Canon Layers.md	1125	- [68] Sinong Wang, Belinda Z Li, Madian Khabsa, Han Fang, and Hao Ma. Linformer: Self-attention with linear complexity. arXiv preprint arXiv:2006.04768, 2020.
BIBLIOTHEQUE/03_COMP-REAS/Physics of Language Models- Part 4.1, Architecture Design and the Magic of Canon Layers/Physics of Language Models- Part 4.1, Architecture Design and the Magic of Canon Layers.md	1136	- [78] Jingyang Yuan, Huazuo Gao, Damai Dai, Junyu Luo, Liang Zhao, Zhengyan Zhang, Zhenda Xie, YX Wei, Lean Wang, Zhiping Xiao, et al. Native sparse attention: Hardware-aligned and natively trainable sparse attention. arXiv preprint arXiv:2502.11089, 2025.
BIBLIOTHEQUE/03_COMP-REAS/Relational recurrent neural networks/Relational recurrent neural networks.md	49	*self-attention*. Using MHDPA, each memory will attend over all of the other memories, and will update its content based on the attended information.
BIBLIOTHEQUE/03_COMP-REAS/Relational recurrent neural networks/Relational recurrent neural networks.md	51	First, a simple linear projection is used to construct queries $(Q = MW^q)$ , keys $(K = MW^k)$ , and values $(V = MW^v)$ for each memory (i.e. row $m_i$ ) in matrix M. Next, we use the queries, Q, to perform a scaled dot-product attention over the keys, K. The returned scalars can be put through a softmax-function to produce a set of weights, which can then be used to return a weighted average...
BIBLIOTHEQUE/03_COMP-REAS/Relational recurrent neural networks/Relational recurrent neural networks.md	283	Following are the encoder/decoder configurations for a collection of memory models that performed best over all tasks. With the RMC we swept over two and four memories, and two and four attention heads, a total memory size of 1024 and 2048 (divided across memories), a single pass of self attention per step and scalar memory gating. For the baselines, the LSTM is a two layer model and we swept o...
BIBLIOTHEQUE/03_COMP-REAS/Relational recurrent neural networks/Relational recurrent neural networks.md	360	The viewport observation was processed through two convolutional layers, with 12 and 24 kernels, and with $2\times 2$ kernel sizes and a stride of 1. Each layer used a ReLU non-linearity. We used two extra feature maps to tag the convolutional output with absolute spatial position (x and y) of each pixel/cell, with the tags comprising evenly spaced values between -1 and 1. The resulting stack w...
BIBLIOTHEQUE/03_COMP-REAS/Resonant Sparse Geometry Networks/Resonant Sparse Geometry Networks.md	11	The Transformer architecture [1] has emerged as the dominant paradigm in modern deep learning, powering breakthrough systems in natural language processing [2, 3], computer vision [4], and multimodal artificial intelligence [5]. The core innovation of Transformers lies in the self-attention mechanism [6, 7], which allows every token to attend to every other token in a sequence, thereby capturin...
BIBLIOTHEQUE/03_COMP-REAS/Resonant Sparse Geometry Networks/Resonant Sparse Geometry Networks.md	39	The quadratic complexity of standard self-attention has motivated a rich literature on efficient sequence modeling. Sparse Transformers [32] employ fixed sparsity patterns such as local windows combined with strided attention, reducing complexity to $O(n\sqrt{n})$ while maintaining the ability to capture long-range dependencies through composition of local and global patterns. BigBird [33] exte...
BIBLIOTHEQUE/03_COMP-REAS/Resonant Sparse Geometry Networks/Resonant Sparse Geometry Networks.md	282	Compare to self-attention: $O(n^2 \cdot d)$ for sequence length n and dimension d. RSGN achieves linear scaling in the number of computational nodes through sparse, local computation.
BIBLIOTHEQUE/03_COMP-REAS/Resonant Sparse Geometry Networks/Resonant Sparse Geometry Networks.md	343	- **Transformer:** Standard multi-head self-attention with 4 heads and 2 layers
BIBLIOTHEQUE/03_COMP-REAS/Resonant Sparse Geometry Networks/Resonant Sparse Geometry Networks.md	615	- [34] S. Wang, B. Z. Li, M. Khabsa, H. Fang, and H. Ma, Linformer: Self-attention with linear complexity, arXiv preprint arXiv:2006.04768 (2020).
BIBLIOTHEQUE/03_COMP-REAS/RetentiveBEV- BEV transformer for visual 3D object detection/RetentiveBEV- BEV transformer for visual 3D object detection.md	22	Three-dimensional (3D) vision perception tasks utilizing multiple cameras are pivotal for autonomous driving systems, encompassing both 3D object detection and map segmentation. We introduce a novel approach dubbed RetentiveBEV, leveraging Transformer to learn spatiotemporal features from Bird's Eye View (BEV) perspectives. These BEV representations form the foundational layer for further auton...
BIBLIOTHEQUE/03_COMP-REAS/RetentiveBEV- BEV transformer for visual 3D object detection/RetentiveBEV- BEV transformer for visual 3D object detection.md	51	networks that adopt BEV for spatial representation, the Vision Transformer (ViT) (Dosovitskiy et al., 2021) emerges as a pivotal module. However, the self-attention's structure inherently lacks explicit spatial priors, rendering it unable to directly process the spatial relationships among image pixels and features. Motivated by these challenges, we aim to devise a BEV generation technique that...
BIBLIOTHEQUE/03_COMP-REAS/RetentiveBEV- BEV transformer for visual 3D object detection/RetentiveBEV- BEV transformer for visual 3D object detection.md	53	The self-attention mechanism, central to the visual transformer, incurs significant computational costs in multi-camera BEV perception tasks due to its quadratic computational time complexity. Previous optimization methods for attention mechanisms (Fan et al., 2023; Guo et al., 2022; Liu et al., 2021; Wu et al., 2021; Yang et al., 2022) compromise the spatial priors of the retentive mechanism. ...
BIBLIOTHEQUE/03_COMP-REAS/RetentiveBEV- BEV transformer for visual 3D object detection/RetentiveBEV- BEV transformer for visual 3D object detection.md	57	Transformer. The transformer architecture, initially proposed in Vaswani et al. (2023), was designed to overcome the challenges associated with model training, quickly becoming a pivotal technology in numerous Natural Language Processing (NLP) tasks. This architecture has found extensive application across the fields of NLP and computer vision, areas that were once led by Recurrent Neural Netwo...
BIBLIOTHEQUE/03_COMP-REAS/RetentiveBEV- BEV transformer for visual 3D object detection/RetentiveBEV- BEV transformer for visual 3D object detection.md	59	Prior knowledge in transformer. In visual transformers, prior knowledge is crucial for understanding universal patterns within image data, such as the structure of images and the spatial distribution of objects. Integrating explicit spatial priors enhances the efficiency of the self-attention mechanism by clarifying spatial connections within the data. The early version of ViT (Dosovitskiy et a...
BIBLIOTHEQUE/03_COMP-REAS/RetentiveBEV- BEV transformer for visual 3D object detection/RetentiveBEV- BEV transformer for visual 3D object detection.md	61	bidirectional spatial decay matrix grounded in Manhattan distance, enriching the model with dynamic prior knowledge concerning variations in distance. This innovation empowers the self-attention mechanism to pinpoint spatial relationships with heightened precision in the context of global information modeling, thus aligning with the intricate demands of 3D object detection tasks.
BIBLIOTHEQUE/03_COMP-REAS/RetentiveBEV- BEV transformer for visual 3D object detection/RetentiveBEV- BEV transformer for visual 3D object detection.md	79	To incorporate spatial priors directly within the attention mechanism, the image utilize a 2D bidirectional spatial decay matrix based on the Manhattan distance before forward propagation process, introducing the concept of Manhattan Self-Attention (MaSA): the greater the distance from a target token, the more significant the decay in attention weight for the other tokens. This feature ensures ...
BIBLIOTHEQUE/03_COMP-REAS/RetentiveBEV- BEV transformer for visual 3D object detection/RetentiveBEV- BEV transformer for visual 3D object detection.md	82	- The Retentive-Spatial Cross-Attention (RSCA) module, which amalgamates spatial features across multiple camera inputs and generates a weight decay matrix to furnish attention with spatial priors.
BIBLIOTHEQUE/03_COMP-REAS/RetentiveBEV- BEV transformer for visual 3D object detection/RetentiveBEV- BEV transformer for visual 3D object detection.md	93	In this research, we introduce a new method for transforming features from multi-view camera images into BEV features, offering a unified representation of the surrounding environment that enhances various autonomous driving perception tasks. Our method, developed within the Retentive framework, leverages spatiotemporal data gathered from multiple camera perspectives. For spatial feature calcul...
BIBLIOTHEQUE/03_COMP-REAS/RetentiveBEV- BEV transformer for visual 3D object detection/RetentiveBEV- BEV transformer for visual 3D object detection.md	97	For image inputs from multiple cameras, where the nuScenes data set provides surround-view images from $N_{ref} = 6$ cameras, the network starts by extracting multi-dimensional features from each camera through a backbone network. These features are then integrated with temporal information from historical BEV frames via a Temporal Self-Attention (TSA) module and fed into an RSCA module for spa...
BIBLIOTHEQUE/03_COMP-REAS/RetentiveBEV- BEV transformer for visual 3D object detection/RetentiveBEV- BEV transformer for visual 3D object detection.md	101	Figure 1 shows the following. (a) The decoder of RetentiveBEV features an array of BEV queries, each determined by the grid's resolution. It incorporates TSA that synthesizes both historical and current frame data, alongside spatial cross-attention mechanisms designed to convert 2D image data into depth information aligned with the world coordinate system. (b) The retentive mechanism operates b...
BIBLIOTHEQUE/03_COMP-REAS/RetentiveBEV- BEV transformer for visual 3D object detection/RetentiveBEV- BEV transformer for visual 3D object detection.md	125	- 1. RSCA: In this module, cross-attention is performed based on multi-view input features. Let N be the number of multi-view features, M be the number of BEV queries, and D be the feature dimension. The time complexity is O(M\*N\*D). The attention calculation scales linearly with the number of input views and BEV queries. During cross-attention calculation, the attention matrix of size N\*M ne...
BIBLIOTHEQUE/03_COMP-REAS/RetentiveBEV- BEV transformer for visual 3D object detection/RetentiveBEV- BEV transformer for visual 3D object detection.md	126	- 2. TSA: This module involves self-attention between historical and current BEV queries. Assuming both historical and current BEV have *M* queries, and *D* is the
BIBLIOTHEQUE/03_COMP-REAS/RetentiveBEV- BEV transformer for visual 3D object detection/RetentiveBEV- BEV transformer for visual 3D object detection.md	128	feature dimension, the time complexity is $O(M^2 * D)$ . Since it involves all pairwise interactions between historical and current queries, the complexity grows quadratically with the number of BEV queries. In the self-attention module, the attention matrix between historical and current BEV has size M \* M, leading to a space complexity of $O(M^2)$ . Besides, storing the input feature represe...
BIBLIOTHEQUE/03_COMP-REAS/RetentiveBEV- BEV transformer for visual 3D object detection/RetentiveBEV- BEV transformer for visual 3D object detection.md	153	Through these operations, the retentive mechanism introduces time decay and positional encoding into self-attention computations, aiming to mimic the temporal relationships present in sequential data. This approach endows the model with temporal priors, thereby bolstering its ability to handle sequential data. In the context of parallel training, this method is executed in a highly efficient ma...
BIBLIOTHEQUE/03_COMP-REAS/RetentiveBEV- BEV transformer for visual 3D object detection/RetentiveBEV- BEV transformer for visual 3D object detection.md	173	MSA. We involve the decay of one-dimensional input shown in equation (3) into self-attention as MaSA. We
BIBLIOTHEQUE/03_COMP-REAS/RetentiveBEV- BEV transformer for visual 3D object detection/RetentiveBEV- BEV transformer for visual 3D object detection.md	184	wherein, $OK^T$ represents the standard dot product in the selfattention mechanism, where Q (Query) and K (Key) are the matrices derived from the input features. The dot product captures the similarity between different elements within the feature space. And $\odot D^{Bi}$ is the Hadamard product (elementwise multiplication) between the dot product $OK^T$ and the bidirectional decay matrix $D^{...
BIBLIOTHEQUE/03_COMP-REAS/RetentiveBEV- BEV transformer for visual 3D object detection/RetentiveBEV- BEV transformer for visual 3D object detection.md	197	Global attention mechanisms are known for their ability to capture comprehensive information across an entire data set. However, this capability comes at the cost of significant computational overhead. Research has indicated that while sparse attention mechanisms attempt to mitigate this issue, they inadvertently disrupt the spatial decay matrices governed by Manhattan distances (Dong et al., 2...
BIBLIOTHEQUE/03_COMP-REAS/RetentiveBEV- BEV transformer for visual 3D object detection/RetentiveBEV- BEV transformer for visual 3D object detection.md	206	**2D-to-3D** transform: RSCA. In models for 3D object detection involving inputs from multiple cameras, the scale of inputs is large due to the inclusion of views from $N_{\text{view}}$ cameras. Directly applying a conventional multi-head attention mechanism to model this vast global information could lead to prohibitive computational costs. To mitigate this, we have crafted a spatial feature a...
BIBLIOTHEQUE/03_COMP-REAS/RetentiveBEV- BEV transformer for visual 3D object detection/RetentiveBEV- BEV transformer for visual 3D object detection.md	225	MaSA and RSCA. The relationship between RSCA (a cross-attention mechanism) and MaSA (a self-attention mechanism) is defined within the context of training processes, where RSCA simultaneously handles inputs from both 2D surround images and LiDAR point cloud ground truths. In this setup, the query (Q) is derived from 2D surround images, while the keys (K) and values (V) originate from the LiDAR ...
BIBLIOTHEQUE/03_COMP-REAS/RetentiveBEV- BEV transformer for visual 3D object detection/RetentiveBEV- BEV transformer for visual 3D object detection.md	227	cross-attention for multiple data types, clarifies their respective roles and methodologies.
BIBLIOTHEQUE/03_COMP-REAS/RetentiveBEV- BEV transformer for visual 3D object detection/RetentiveBEV- BEV transformer for visual 3D object detection.md	329	- Local Attention confines its interaction to designated anchor points for each BEV query, enhancing focus on vital information by assigning higher weight to significant features within its limited receptive field, thereby outperforming global attention.
BIBLIOTHEQUE/03_COMP-REAS/RetentiveBEV- BEV transformer for visual 3D object detection/RetentiveBEV- BEV transformer for visual 3D object detection.md	333	local attention and diminishing the influence of distant
BIBLIOTHEQUE/03_COMP-REAS/RetentiveBEV- BEV transformer for visual 3D object detection/RetentiveBEV- BEV transformer for visual 3D object detection.md	507	- Yang C, Wang Y, Zhang J, et al. (2022) Lite vision transformer with enhanced self-attention. In: Proceedings of the IEEE/CVF conference on computer vision and pattern recognition, New Orleans, LA, 18–24 June, pp. 11998–12008. New York: IEEE.
BIBLIOTHEQUE/03_COMP-REAS/RetentiveBEV- BEV transformer for visual 3D object detection/RetentiveBEV- BEV transformer for visual 3D object detection.md	508	- Yang J, Li C, Zhang P, et al. (2021) Focal self-attention for localglobal interactions in vision transformers (arXiv preprint arXiv:2107.00641). Available at: https://arxiv.org/abs/2107.00641
BIBLIOTHEQUE/03_COMP-REAS/Rethinking Attention with Performers/Rethinking Attention with Performers.md	13	Transformers rely on a trainable *attention* mechanism that identifies complex dependencies between the elements of each input sequence. Unfortunately, the regular Transformer scales quadratically with the number of tokens L in the input sequence, which is prohibitively expensive for large L and precludes its usage in settings with limited computational resources even for moderate values of L. ...
BIBLIOTHEQUE/03_COMP-REAS/Rethinking Attention with Performers/Rethinking Attention with Performers.md	15	The approaches above do not aim to approximate regular attention, but rather propose simpler and more tractable attention mechanisms, often by incorporating additional constraints (e.g. identical query and key sets as in (Kitaev et al., 2020)), or by trading regular with sparse attention using more
BIBLIOTHEQUE/03_COMP-REAS/Rethinking Attention with Performers/Rethinking Attention with Performers.md	40	Here $\exp(\cdot)$ is applied elementwise, $\mathbf{1}_L$ is the all-ones vector of length L, and $\mathrm{diag}(\cdot)$ is a diagonal matrix with the input vector as the diagonal. Time and space complexity of computing (1) are $O(L^2d)$ and $O(L^2+Ld)$ respectively, because $\mathbf{A}$ has to be stored explicitly. Hence, in principle, dot-product attention of type (1) is incompatible with end...
BIBLIOTHEQUE/03_COMP-REAS/Rethinking Attention with Performers/Rethinking Attention with Performers.md	47	where $tril(\cdot)$ returns the lower-triangular part of the argument matrix including the diagonal. As discussed in (Vaswani et al., 2017), unidirectional attention is used for autoregressive generative modelling, e.g. as self-attention in generative Transformers as well as the decoder part of Seq2Seq Transformers.
BIBLIOTHEQUE/03_COMP-REAS/Rethinking Attention with Performers/Rethinking Attention with Performers.md	221	**Attention Beyond Transformers:** Finally, FAVOR+ can be applied to approximate exact attention also outside the scope of Transformers. This opens a large volume of new potential applications including: hierarchical attention networks (HANS) (Yang et al., 2016), graph attention networks (Velickovic et al., 2018), image processing (Fu et al., 2019), and reinforcement learning/robotics (Tang et ...
BIBLIOTHEQUE/03_COMP-REAS/Rethinking Attention with Performers/Rethinking Attention with Performers.md	235	- Ciprian Chelba, Mia Xu Chen, Ankur Bapna, and Noam Shazeer. Faster transformer decoding: N-gram masked self-attention. *CoRR*, abs/2001.04589, 2020. URL https://arxiv.org/abs/2001.04589.
BIBLIOTHEQUE/03_COMP-REAS/Rethinking Attention with Performers/Rethinking Attention with Performers.md	265	- Haoneng Luo, Shiliang Zhang, Ming Lei, and Lei Xie. Simplified self-attention for transformer-based end-to-end speech recognition. *CoRR*, abs/2005.10463, 2020. URL https://arxiv.org/abs/2005.10463.
BIBLIOTHEQUE/03_COMP-REAS/Rethinking Attention with Performers/Rethinking Attention with Performers.md	274	- Aurko Roy, Mohammad Saffar, Ashish Vaswani, and David Grangier. Efficient content-based sparse attention with routing transformers. *CoRR*, abs/2003.05997, 2020. URL https://arxiv.org/abs/2003.05997.
BIBLIOTHEQUE/03_COMP-REAS/Rethinking Attention with Performers/Rethinking Attention with Performers.md	276	- Zhuoran Shen, Mingyuan Zhang, Shuai Yi, Junjie Yan, and Haiyu Zhao. Factorized attention: Self-attention with linear complexities. *CoRR*, abs/1812.01243, 2018. URL http://arxiv.org/abs/1812.01243.
BIBLIOTHEQUE/03_COMP-REAS/Rethinking Attention with Performers/Rethinking Attention with Performers.md	287	- Sinong Wang, Belinda Z. Li, Madian Khabsa, Han Fang, and Hao Ma. Linformer: Self-attention with linear complexity. *CoRR*, abs/2006.04768, 2020. URL https://arxiv.org/abs/2006.04768.
BIBLIOTHEQUE/03_COMP-REAS/Rethinking Attention with Performers/Rethinking Attention with Performers.md	289	- Zichao Yang, Diyi Yang, Chris Dyer, Xiaodong He, Alexander J. Smola, and Eduard H. Hovy. Hierarchical attention networks for document classification. In *NAACL HLT 2016, The 2016 Conference of the North American Chapter of the Association for Computational Linguistics: Human Language Technologies, San Diego California, USA, June 12-17, 2016*, pp. 1480–1489. The Association for Computational L...
BIBLIOTHEQUE/03_COMP-REAS/Rethinking Attention with Performers/Rethinking Attention with Performers.md	555	Performers are compared against many additional (scalable and not scalable) methods not included in our paper: *Local Attention, Sparse Attention, Longformer, Sinkhorn Transformer, Synthesizer, Big Bird* and the aforementioned *Linear Transformer* on challenging long range context tasks in the Long Range Arena (Tay et al., 2021), with Fig. 19 displaying the original paper's results. Performers ...
BIBLIOTHEQUE/03_COMP-REAS/RETRO-style retrieval-augmented pretraining and variants/RETRO-style retrieval-augmented pretraining and variants.md	7	We enhance auto-regressive language models by conditioning on document chunks retrieved from a large corpus, based on local similarity with preceding tokens. With a 2 trillion token database, our Retrieval-Enhanced Transformer (Retro) obtains comparable performance to GPT-3 and Jurassic-1 on the Pile, despite using 25× fewer parameters. After fine-tuning, Retro performance translates to downstr...
BIBLIOTHEQUE/03_COMP-REAS/RETRO-style retrieval-augmented pretraining and variants/RETRO-style retrieval-augmented pretraining and variants.md	21	- We introduce Retro, a retrieval-enhanced autoregressive language model (§2.2). We use a chunked cross-attention module to incorporate the retrieved text (§2.4), with time complexity linear in the amount of retrieved data. We show that retrieving based on a pre-trained frozen Bert model (§2.3) works at scale, removing the need for training and updating a retriever network.
BIBLIOTHEQUE/03_COMP-REAS/RETRO-style retrieval-augmented pretraining and variants/RETRO-style retrieval-augmented pretraining and variants.md	70	Our model relies on an encoder-decoder transformer architecture, integrating the retrieved data through a cross-attention mechanism as introduced in Vaswani et al. (2017). First, the retrieved tokens Ret(C) are fed into an encoder Transformer, which computes the encoded neighbours set E. Denoting the intermediate activations by H, our transformer decoder then interleaves Retro-blocks Retro(H, E...
BIBLIOTHEQUE/03_COMP-REAS/RETRO-style retrieval-augmented pretraining and variants/RETRO-style retrieval-augmented pretraining and variants.md	76	Since Ffw, Attn and Cca are all autoregressive operators whose output at position i only depends on $(h_j)_{j \le i}$ , any succession of Retro and lm layers, followed by a token classification head defines an autoregressive log-likelihood (1). An overview of the model architecture is given in Algorithm 1 and in Fig. 2. We next describe the retrieval encoder and the chunked cross-attention laye...
BIBLIOTHEQUE/03_COMP-REAS/RETRO-style retrieval-augmented pretraining and variants/RETRO-style retrieval-augmented pretraining and variants.md	78	**Encoding retrieval neighbours.** For each chunk $C_u$ , the k retrieval neighbours $\text{Ret}(C_u)$ are fed into a bi-directional transformer Encoder, yielding the outputs $E_u^j \triangleq \text{Encoder}(\text{Ret}(C_u)^j, H_u) \in \mathbb{R}^{r \times d'}$ , where $j \in [1, k]$ indexes each neighbour. The retrieval encoder is a non-causal transformer. It is conditioned on $H_u$ , the acti...
BIBLIOTHEQUE/03_COMP-REAS/RETRO-style retrieval-augmented pretraining and variants/RETRO-style retrieval-augmented pretraining and variants.md	80	Chunked cross-attention. To perform the CCA operation, we first split a given intermediate activation $H \in \mathbb{R}^{n \times d}$ into l-1 attending chunks $\left(H_u^+ \triangleq (h_{u\,m+i-1})_{i \in [1,m]} \in \mathbb{R}^{m \times d}\right)_{u \in [1,l-1]}$ , as depicted on the right of Fig. 2. $H_u^+$ holds the intermediary embeddings of the last token in chunk $C_u$ and of the first m-...
BIBLIOTHEQUE/03_COMP-REAS/RETRO-style retrieval-augmented pretraining and variants/RETRO-style retrieval-augmented pretraining and variants.md	90	**Hyperparam:** P and $P_{\text{enc}}$ , indices of layers with cross-attention in the decoder and encoder respectively
BIBLIOTHEQUE/03_COMP-REAS/RETRO-style retrieval-augmented pretraining and variants/RETRO-style retrieval-augmented pretraining and variants.md	108	H \leftarrow \text{ATTN}(H) // Causal attention
BIBLIOTHEQUE/03_COMP-REAS/RETRO-style retrieval-augmented pretraining and variants/RETRO-style retrieval-augmented pretraining and variants.md	111	the last layer before the first cross-attention
BIBLIOTHEQUE/03_COMP-REAS/RETRO-style retrieval-augmented pretraining and variants/RETRO-style retrieval-augmented pretraining and variants.md	119	where CA is the cross-attention residual operator over time-concatenated encoded neighbours. We recall that this operator is defined in its simplest version by three parameter matrices $K \in \mathbb{R}^{d \times c}$ , $Q \in \mathbb{R}^{d \times c}$ and $V \in \mathbb{R}^{d \times d}$ . For all $h \in \mathbb{R}^d$ and $Y \in \mathbb{R}^{T \times d}$ , we define
BIBLIOTHEQUE/03_COMP-REAS/RETRO-style retrieval-augmented pretraining and variants/RETRO-style retrieval-augmented pretraining and variants.md	124	where the softmax is performed on the second dimension and all products are matrix products. We use multi-head cross-attention, and add positional encodings to the softmax(see §B.1.2).
BIBLIOTHEQUE/03_COMP-REAS/RETRO-style retrieval-augmented pretraining and variants/RETRO-style retrieval-augmented pretraining and variants.md	126	The first m-1 tokens cannot attend to any neighbour of a previous chunk; at these positions, we define CcA as the identity, setting CcA $(H, E)_j \triangleq h_j$ for all tokens $j \in [1, m-1]$ . Finally, the last token $h_{lm}$ attends to the last retrieval set $E_l$ and we set $h_{lm} \triangleq CA(h_{lm}, E_l)$ (not shown in Fig. 2). Listing 1 contains a simplified implementation of CcA. Not...
BIBLIOTHEQUE/03_COMP-REAS/RETRO-style retrieval-augmented pretraining and variants/RETRO-style retrieval-augmented pretraining and variants.md	128	With Retro models, even though each CCA cross-attention attends only to the neighbours of the preceding chunk Ret( $C_{u-1}$ ), the dependencies over previous neighbours are propagated via the self-attention operations. The activations of the $i^{th}$ token in the $u^{th}$ chunk therefore potentially depend upon the set of *all* previous neighbours Ret( $C_{u'}$ ) $_{u'< u}$ , without incurring...
BIBLIOTHEQUE/03_COMP-REAS/RETRO-style retrieval-augmented pretraining and variants/RETRO-style retrieval-augmented pretraining and variants.md	176	| RAG | $O(10^9)$ | Prompt | Fine-tuned Dpr | Cross-attention |
BIBLIOTHEQUE/03_COMP-REAS/RETRO-style retrieval-augmented pretraining and variants/RETRO-style retrieval-augmented pretraining and variants.md	177	| F1D | $O(10^9)$ | Prompt | Frozen Dpr | Cross-attention |
BIBLIOTHEQUE/03_COMP-REAS/RETRO-style retrieval-augmented pretraining and variants/RETRO-style retrieval-augmented pretraining and variants.md	178	| $Emdr^2$ | $O(10^{9})$ | Prompt | End-to-End (EM) | Cross-attention |
BIBLIOTHEQUE/03_COMP-REAS/RETRO-style retrieval-augmented pretraining and variants/RETRO-style retrieval-augmented pretraining and variants.md	179	| Retro (ours) | $O(10^{12})$ | Chunk | Frozen (Bert) | Chunked cross-attention |
BIBLIOTHEQUE/03_COMP-REAS/RETRO-style retrieval-augmented pretraining and variants/RETRO-style retrieval-augmented pretraining and variants.md	187	Retro shares components with kNN-LM and DPR in that it uses frozen retrieval representations. Retro models longer sequences than QA examples; this requires to reason at a sub-sequence level, and to retrieve different documents for the different chunks of a sequence. Similar to Fid, Retro processes the retrieved neighbours separately in the encoder, and assemble them in the chunked cross-attenti...
BIBLIOTHEQUE/03_COMP-REAS/RETRO-style retrieval-augmented pretraining and variants/RETRO-style retrieval-augmented pretraining and variants.md	261	We extend baseline models into Retro models by freezing the pre-trained weights and training only chunked cross-attention and neighbour encoder parameters (less than 10% of weights for the 7B model) in Fig. 5. This offers an efficient alternative path to enhance transformers with retrieval, requiring only 6 million sequences (3% of the pre-training sequences that we used). Additionally, by only...
BIBLIOTHEQUE/03_COMP-REAS/RETRO-style retrieval-augmented pretraining and variants/RETRO-style retrieval-augmented pretraining and variants.md	265	We fine-tune our retrieval models on the Natural Questions (Kwiatkowski et al., 2019) dataset to demonstrate that our retrieval pathway can be used to inject information from arbitrary data sources. We use the version<sup>4</sup> provided by Izacard and Grave (2021) which is augmented with the retrieved passages from Dpr (Karpukhin et al., 2020). We fine-tune all the weights of our 7.5B pre-tra...
BIBLIOTHEQUE/03_COMP-REAS/RETRO-style retrieval-augmented pretraining and variants/RETRO-style retrieval-augmented pretraining and variants.md	271	Figure 5 | **Retro-fitting a baseline transformer.** Any transformer can be fine-tuned into a retrieval-enhanced transformer by randomly initializing and training only the chunked cross-attention and retrieval encoder weights. Fine-tuning in this way quickly recovers and surpasses the non-retrieval performance, and almost achieves the same performance as training a retrieval model from scratch ...
BIBLIOTHEQUE/03_COMP-REAS/RETRO-style retrieval-augmented pretraining and variants/RETRO-style retrieval-augmented pretraining and variants.md	480	As mentioned in the main text, the overall encoder-decoder architecture is fully feed-forward. We start with a sequence $X \in \mathbb{V}^n = (C_u)_{1 \leq u \leq l}$ , and its pre-computed neighbours $(\text{Ret}(C_u))_{1 \leq u \leq l}$ and returns logits in $\mathbb{R}^{n \times |\mathbb{V}|}$ . Along with Attn, Ffw, Cca and Ca operators introduced in the main text, we define the decoder emb...
BIBLIOTHEQUE/03_COMP-REAS/RETRO-style retrieval-augmented pretraining and variants/RETRO-style retrieval-augmented pretraining and variants.md	482	# B.1.2. Relative positional encoding in the chunked cross-attention layer
BIBLIOTHEQUE/03_COMP-REAS/RETRO-style retrieval-augmented pretraining and variants/RETRO-style retrieval-augmented pretraining and variants.md	496	Positional logits are obtained as a linear transform of a cosine vector computed from $(d(i, i'))_{i,i'}$ , and are added to content logits, as in a regular self-attention block.
BIBLIOTHEQUE/03_COMP-REAS/RETRO-style retrieval-augmented pretraining and variants/RETRO-style retrieval-augmented pretraining and variants.md	498	# B.1.3. Chunked cross-attention implementation
BIBLIOTHEQUE/03_COMP-REAS/RETRO-style retrieval-augmented pretraining and variants/RETRO-style retrieval-augmented pretraining and variants.md	500	Our implementation of the CcA operator, shown in Listing 1, is based on a vectorized application of a cross-attention layer. For simplicity, we omit the multi-head attention logic and use the simplest Q,K,V attention. We omit relative positional logits computation, described above.
BIBLIOTHEQUE/03_COMP-REAS/RETRO-style retrieval-augmented pretraining and variants/RETRO-style retrieval-augmented pretraining and variants.md	508	As shown in Fig. 5, we found that we were able to take a pre-trained baseline transformer and add Retro through fine-tuning. In all cases, we froze all weights from pre-training and freshly initialised the retrieval encoder and cross-attention weights. In all cases, the cross-attention is added every third layer starting at layer six. The learning rate for the three smaller models was set to $2...
BIBLIOTHEQUE/03_COMP-REAS/RETRO-style retrieval-augmented pretraining and variants/RETRO-style retrieval-augmented pretraining and variants.md	518	# Listing 1 | Jax implementation of the **chunked cross attention**, simplified.
BIBLIOTHEQUE/03_COMP-REAS/RETRO-style retrieval-augmented pretraining and variants/RETRO-style retrieval-augmented pretraining and variants.md	650	| Cross attention position | CA top layer (1/12) | 0.827 |
BIBLIOTHEQUE/03_COMP-REAS/RETRO-style retrieval-augmented pretraining and variants/RETRO-style retrieval-augmented pretraining and variants.md	660	**Using relative encodings in cross-attention.** Using relative encodings in cross-attention, as described in §B.1.2, provides a pure improvement both in the number of steps to reach a given performance and computational efficiency.
BIBLIOTHEQUE/03_COMP-REAS/RETRO-style retrieval-augmented pretraining and variants/RETRO-style retrieval-augmented pretraining and variants.md	678	**Frequency of cross-attention.** We measure how the frequency of cross-attention in the decoder affects performance. Overall, attending only once at the top or the bottom layer is a bad choice, while attending once on a mid-depth layer is relatively sound. We choose to have cross-attention every 3 layer as this provides a good trade-off between performance and run-time.
BIBLIOTHEQUE/03_COMP-REAS/Searching Latent Program Spaces/Searching Latent Program Spaces.md	27	Current approaches to solving ARC-AGI and program synthesis benchmarks generally fall into two categories: inductive and transductive methods. (1) Inductive approaches [Parisotto et al., 2016, Devlin et al., 2017b, Butt et al., 2024] infer underlying programs from examples by generating explicit programs using a domain-specific language (DSL). However, handcrafting problem-specific DSLs is inhe...
BIBLIOTHEQUE/03_COMP-REAS/Searching Latent Program Spaces/Searching Latent Program Spaces.md	850	The encoder processes both the input and output grids from a given pair and returns a distribution of inferred program latents underlying the task. Specifically, it outputs the mean and diagonal covariance of a multivariate normal distribution from which latents can be sampled. Each grid sequence contains 902 values, and we add an extra CLS token for the output embedding, resulting in a total s...
BIBLIOTHEQUE/03_COMP-REAS/Self-Consistency Improves Chain of Thought Reasoning in Language Models/Self-Consistency Improves Chain of Thought Reasoning in Language Models.md	328	- Yichong Xu, Chenguang Zhu, Shuohang Wang, Siqi Sun, Hao Cheng, Xiaodong Liu, Jianfeng Gao, Pengcheng He, Michael Zeng, and Xuedong Huang. Human parity on commonsenseqa: Augmenting self-attention with external attention, 2021b. URL https://arxiv.org/abs/2112.03254.
BIBLIOTHEQUE/03_COMP-REAS/STaR- Self-Taught Reasoner (Bootstrapping Reasoning With Reasoning)/STaR- Self-Taught Reasoner (Bootstrapping Reasoning With Reasoning).md	267	- [29] Yichong Xu, Chenguang Zhu, Shuohang Wang, Siqi Sun, Hao Cheng, Xiaodong Liu, Jianfeng Gao, Pengcheng He, Michael Zeng, and Xuedong Huang. Human parity on commonsenseqa: Augmenting self-attention with external attention. *arXiv:2112.03254*, December 2021. human parity result on CommonsenseQA.
BIBLIOTHEQUE/03_COMP-REAS/StoryMem- Multi-shot Long Video Storytelling with Memory/StoryMem- Multi-shot Long Video Storytelling with Memory.md	25	Existing solutions fall into two main categories. The *first* category models all shots jointly within a single large video diffusion model. LCT [8], for example, employs full attention with interleaved 3D RoPE [39] to capture cross-shot dependencies, but incurs quadratic training and inference costs as sequence length grows. Follow-up methods improve efficiency via token compression [47] or sp...
BIBLIOTHEQUE/03_COMP-REAS/StoryMem- Multi-shot Long Video Storytelling with Memory/StoryMem- Multi-shot Long Video Storytelling with Memory.md	57	**Keyframe-based Story Generation.** Prior research on visual storytelling primarily focuses on story image generation [3, 9, 18, 25, 27, 37, 40, 43, 49, 54]. For instance, StoryDiffusion [54] introduces Consistent Self-Attention into a text-to-image (T2I) model [10, 38] to produce character-consistent storyboards. With the emergence of video generation models [1, 7, 20, 21, 32, 34, 42, 50], su...
BIBLIOTHEQUE/03_COMP-REAS/StoryMem- Multi-shot Long Video Storytelling with Memory/StoryMem- Multi-shot Long Video Storytelling with Memory.md	59	Multi-shot Long Video Generation. Beyond keyframe-based storytelling, a parallel line of research targets general multi-shot long video generation, by fine-tuning pretrained single-shot models (e.g., Wan [42]). LCT [8] pioneers this direction by jointly modeling multi-shot videos using full attention [41] and interleaved 3D RoRE [39], achieving strong cross-shot coherence but incurring quadrati...
BIBLIOTHEQUE/03_COMP-REAS/StoryMem- Multi-shot Long Video Storytelling with Memory/StoryMem- Multi-shot Long Video Storytelling with Memory.md	61	Memory Mechanisms in Video Generation. Memory is a fundamental capability of intelligent systems, and has been widely studied in large language models [4, 46, 52]. In contrast, memory mechanisms for video generation remain largely unexplored. Existing attempts introduce memory into video world models through inference-time training [11], 3D modeling [14, 24], or camera-based memory frame retrie...
BIBLIOTHEQUE/03_COMP-REAS/StoryMem- Multi-shot Long Video Storytelling with Memory/StoryMem- Multi-shot Long Video Storytelling with Memory.md	86	**Model Architecture.** To reach cinematic-level quality, we adopt state-of-the-art single-shot video diffusion model Wan2.2-I2V [42] as our base model, which uses diffusion transformer (DiT) [35] as the velocity prediction network $\Theta$ . Each DiT block contains self-attention for intra-video dependency modeling and cross-attention for text conditioning, and uses 3D Rotary Position Embeddin...
BIBLIOTHEQUE/03_COMP-REAS/StoryMem- Multi-shot Long Video Storytelling with Memory/StoryMem- Multi-shot Long Video Storytelling with Memory.md	316	- [54] Yupeng Zhou, Daquan Zhou, Ming-Ming Cheng, Jiashi Feng, and Qibin Hou. Storydiffusion: Consistent self-attention for long-range image and video generation. abs/2405.01434, 2024. URL https://api.semanticscholar.org/CorpusID:269502120.
BIBLIOTHEQUE/03_COMP-REAS/StoryMem- Multi-shot Long Video Storytelling with Memory/StoryMem- Multi-shot Long Video Storytelling with Memory.md	332	One major limitation of our visual memory mechanism is the ambiguous retrieval problem. Limited by the architecture design of our base model Wan2.2, which uses cross-attention-based DiT instead of more flexible MMDiT [5, 20, 22], our memory is purely visual and does not incorporate textual meta information. In other words, the memory update function $m_i = f_{\phi}(m_{i-1}, v_i)$ (Eq. 8) does n...
BIBLIOTHEQUE/03_COMP-REAS/Test-Time Training on Nearest Neighbors for Large Language Models/Test-Time Training on Nearest Neighbors for Large Language Models.md	55	At test time, our method requires one forward and backward pass through each of the neighbors individually. Using the neighbors as additional context requires only one forward pass through the neighbors, but the time complexity of self-attention is quadratic in the context length, consequently the number of neighbors. With 50 neighbors, the quadratic cost can be significant. Our method does not...
BIBLIOTHEQUE/03_COMP-REAS/The Surprising Effectiveness of Test-Time Training for Few-Shot Learning/The Surprising Effectiveness of Test-Time Training for Few-Shot Learning.md	491	We use the torchtune(torchtune Maintainers & Contributors, 2024) library to train LoRA adapters on Llama-3 family of models. We apply LoRA training to query and value projection weights of the self-attention layer, to the MLP weights and to the output projection layer (was only available for Llama-3 8B in torchtune). We present hyperparameters of this training in Table 6. We also found that usi...
BIBLIOTHEQUE/03_COMP-REAS/Transformer-XL- Attentive Language Models Beyond a Fixed-Length Context/Transformer-XL- Attentive Language Models Beyond a Fixed-Length Context.md	25	deep self-attention network. In particular, instead of computing the hidden states from scratch for each new segment, we reuse the hidden states obtained in previous segments. The reused hidden states serve as memory for the current segment, which builds up a recurrent connection between the segments. As a result, modeling very longterm dependency becomes possible because information can be pro...
BIBLIOTHEQUE/03_COMP-REAS/Transformer-XL- Attentive Language Models Beyond a Fixed-Length Context/Transformer-XL- Attentive Language Models Beyond a Fixed-Length Context.md	29	Our main technical contributions include introducing the notion of recurrence in a purely self-attentive model and deriving a novel positional encoding scheme. These two techniques form a complete set of solutions, as any one of them alone does not address the issue of fixed-length contexts. Transformer-XL is the first self-attention model that achieves substantially better results than RNNs on...
BIBLIOTHEQUE/03_COMP-REAS/Transformer-XL- Attentive Language Models Beyond a Fixed-Length Context/Transformer-XL- Attentive Language Models Beyond a Fixed-Length Context.md	45	In order to apply Transformer or self-attention to language modeling, the central problem is how to train a Transformer to effectively encode an arbitrarily long context into a fixed size representation. Given infinite memory and computation, a simple solution would be to process the entire context sequence using an unconditional Transformer decoder, similar to a feed-forward neural network. Ho...
BIBLIOTHEQUE/03_COMP-REAS/Transformer-XL- Attentive Language Models Beyond a Fixed-Length Context/Transformer-XL- Attentive Language Models Beyond a Fixed-Length Context.md	53	ageable sizes, and only train the model within each segment, ignoring all contextual information from previous segments. This is the idea adopted by Al-Rfou et al. (2018). We call it the vanilla model and visualize it in Fig. 1a. Under this training paradigm, information never flows across segments in either the forward or backward pass. There are two critical limitations of using a fixedlength...
BIBLIOTHEQUE/03_COMP-REAS/Transformer-XL- Attentive Language Models Beyond a Fixed-Length Context/Transformer-XL- Attentive Language Models Beyond a Fixed-Length Context.md	288	- Rami Al-Rfou, Dokook Choe, Noah Constant, Mandy Guo, and Llion Jones. 2018. Character-level language modeling with deeper self-attention. *arXiv* preprint arXiv:1808.04444.
BIBLIOTHEQUE/03_COMP-REAS/Transformer-XL- Attentive Language Models Beyond a Fixed-Length Context/Transformer-XL- Attentive Language Models Beyond a Fixed-Length Context.md	309	- Cheng-Zhi Anna Huang, Ashish Vaswani, Jakob Uszkoreit, Noam Shazeer, Curtis Hawthorne, Andrew M Dai, Matthew D Hoffman, and Douglas Eck. 2018. An improved relative self-attention mechanism for transformer with application to music generation. arXiv preprint arXiv:1809.04281.
BIBLIOTHEQUE/03_COMP-REAS/Transformer-XL- Attentive Language Models Beyond a Fixed-Length Context/Transformer-XL- Attentive Language Models Beyond a Fixed-Length Context.md	345	- Peter Shaw, Jakob Uszkoreit, and Ashish Vaswani. 2018. Self-attention with relative position representations. *arXiv* preprint arXiv:1803.02155.
BIBLIOTHEQUE/03_COMP-REAS/Transformer-XL- Attentive Language Models Beyond a Fixed-Length Context/Transformer-XL- Attentive Language Models Beyond a Fixed-Length Context.md	461	- For the head 78 in the 8th layer (a middle-level layer), we see a very sparse attention pattern scattered in all ranges of the memory. Again, this well fits our intuition that as information accumulates, the network may focus on some particular position with special interests.
BIBLIOTHEQUE/03_COMP-REAS/Universal Transformers (UT)/Universal Transformers (UT).md	17	Convolutional and fully-attentional feed-forward architectures like the Transformer have recently emerged as viable alternatives to recurrent neural networks (RNNs) for a range of sequence modeling tasks, notably machine translation (Gehring et al., 2017; Vaswani et al., 2017). These parallel-in-time architectures address a significant shortcoming of RNNs, namely their inherently sequential com...
BIBLIOTHEQUE/03_COMP-REAS/Universal Transformers (UT)/Universal Transformers (UT).md	27	Figure 1: The Universal Transformer repeatedly refines a series of vector representations for each position of the sequence in parallel, by combining information from different positions using self-attention (see Eqn 2) and applying a recurrent transition function (see Eqn 4) across all time steps $1 \le t \le T$ . We show this process over two recurrent time-steps. Arrows denote dependencies b...
BIBLIOTHEQUE/03_COMP-REAS/Universal Transformers (UT)/Universal Transformers (UT).md	33	In each recurrent step, the Universal Transformer iteratively refines its representations for all symbols in the sequence in parallel using a self-attention mechanism (Parikh et al., 2016; Lin et al., 2017), followed by a transformation (shared across all positions and time-steps) consisting of a depth-wise separable convolution (Chollet, 2016; Kaiser et al., 2017) or a position-wise fully-conn...
BIBLIOTHEQUE/03_COMP-REAS/Universal Transformers (UT)/Universal Transformers (UT).md	43	In each recurrent time-step, the representation of every position is concurrently (in parallel) revised in two sub-steps: first, using a self-attention mechanism to exchange information across all positions in the sequence, thereby generating a vector representation for each position that is informed by the representations of all other positions at the previous time-step. Then, by applying a tr...
BIBLIOTHEQUE/03_COMP-REAS/Universal Transformers (UT)/Universal Transformers (UT).md	45	**ENCODER:** Given an input sequence of length m, we start with a matrix whose rows are initialized as the d-dimensional embeddings of the symbols at each position of the sequence $H^0 \in \mathbb{R}^{m \times d}$ . The UT then iteratively computes representations $H^t$ at step t for all m positions in parallel by applying the multi-headed dot-product self-attention mechanism from Vaswani et al...
BIBLIOTHEQUE/03_COMP-REAS/Universal Transformers (UT)/Universal Transformers (UT).md	47	More specifically, we use the scaled dot-product attention which combines queries Q, keys K and values V as follows
BIBLIOTHEQUE/03_COMP-REAS/Universal Transformers (UT)/Universal Transformers (UT).md	87	**DECODER:** The decoder shares the same basic recurrent structure of the encoder. However, after the self-attention function, the decoder additionally also attends to the final encoder representation $H^T$ of each position in the input sequence using the same multihead dot-product attention function from Equation 2, but with queries Q obtained from projecting the decoder representations, and k...
BIBLIOTHEQUE/03_COMP-REAS/Universal Transformers (UT)/Universal Transformers (UT).md	89	Like the Transformer model, the UT is autoregressive (Graves, 2013). Trained using teacher-forcing, at generation time it produces its output one symbol at a time, with the decoder consuming the previously produced output positions. During training, the decoder input is the target output, shifted to the right by one position. The decoder self-attention distributions are further masked so that t...
BIBLIOTHEQUE/03_COMP-REAS/Universal Transformers (UT)/Universal Transformers (UT).md	251	When running for a fixed number of steps, the Universal Transformer is equivalent to a multi-layer Transformer with tied parameters across all its layers. This is partly similar to the Recursive Transformer, which ties the weights of its self-attention layers across depth (Gulcehre et al., 2018)<sup>5</sup>. However, as the per-symbol recurrent transition functions can be applied any number of ...
BIBLIOTHEQUE/03_COMP-REAS/Universal Transformers (UT)/Universal Transformers (UT).md	257	To show this, we can reduce a Neural GPU to a Universal Transformer. Ignoring the decoder and parameterizing the self-attention module, i.e. self-attention with the residual connection, to be the identity function, we assume the transition function to be a convolution. If we now set the total number of recurrent steps T to be equal to the input length, we obtain exactly a Neural GPU. Note that ...
BIBLIOTHEQUE/03_COMP-REAS/Universal Transformers (UT)/Universal Transformers (UT).md	261	<sup>&</sup>lt;sup>5</sup>Note that in UT both the self-attention and transition weights are tied across layers.
BIBLIOTHEQUE/03_COMP-REAS/Universal Transformers (UT)/Universal Transformers (UT).md	319	# Output Probabilities Softmax After T steps Recurrent Layer Normalization Decoder Block Dropout Transition Function Recurrent Layer Normalization Layer Normalization Encoder Block Dropout Dropout After T steps Transition Function Multihead Attention Laver Normalization Layer Normalization For T steps Dropout Dropout Multihead Self-Attention Multihead Self-Attention Timestep embedding Timestep ...
BIBLIOTHEQUE/03_COMP-REAS/Universal Transformers (UT)/Universal Transformers (UT).md	404	transformed state = transition function(self attention(state))
BIBLIOTHEQUE/05_ML-FNDTNS/A Generalist Agent (Gato)/A Generalist Agent (Gato).md	469	Context-length is therefore a current limitation of our architecture, mainly due to the quadratic scaling of self-attention. Many recently proposed architectures enable a longer context at greater efficiency and these innovations could potentially improve our agent performance. We hope to explore these architectures in future work.
BIBLIOTHEQUE/05_ML-FNDTNS/A Generalist Agent (Gato)/A Generalist Agent (Gato).md	775	**Regularization:** We train with an AdamW weight decay parameter of 0.1. Additionally, we use stochastic depth (Huang et al., 2016) during pretraining, where each of the transformer sub-layers (i.e. each Multi-Head Attention and Dense Feedforward layer) is skipped with a probability of 0.1.
BIBLIOTHEQUE/05_ML-FNDTNS/A Generalist Agent (Gato)/A Generalist Agent (Gato).md	875	To render the transformer attention weights, we retrieved the cross-attention logits, a tensor with dimension (H,T,T) where H is the number of heads and T is the number of tokens in a sequence. The (h,i,j)th entry of this matrix can be interpreted as the amount that head h attends to token j from token i. Due to Gato's image tokenization scheme, there are multiple tokens per timestep. Therefore...
BIBLIOTHEQUE/05_ML-FNDTNS/ALBEF- Align Before Fuse/ALBEF- Align Before Fuse.md	50	As illustrated in Figure 1, ALBEF contains an image encoder, a text encoder, and a multimodal encoder. We use a 12-layer visual transformer ViT-B/16 [38] as the image encoder, and initialize it with weights pre-trained on ImageNet-1k from [31]. An input image I is encoded into a sequence of embeddings: $\{v_{\rm cls}, v_1, ..., v_N\}$ , where $v_{\rm cls}$ is the embedding of the [CLS] token. W...
BIBLIOTHEQUE/05_ML-FNDTNS/ALBEF- Align Before Fuse/ALBEF- Align Before Fuse.md	166	**Visual Question Answering** (VQA [52]) requires the model to predict an answer given an image and a question. Different from existing methods that formulate VQA as a multi-answer classification problem [53, 2], we consider VQA as an answer generation problem, similar to [54]. Specifically, we use a 6-layer transformer decoder to generate the answer. As shown in Figure 3a, the auto-regressive ...
BIBLIOTHEQUE/05_ML-FNDTNS/ALBEF- Align Before Fuse/ALBEF- Align Before Fuse.md	176	Natural Language for Visual Reasoning (NLVR<sup>2</sup> [19]) requires the model to predict whether a text describes a pair of images. We extend our multimodal encoder to enable reasoning over two images. As shown in Figure 3b, each layer of the multimodal encoder is replicated to have two consecutive transformer blocks, where each block contains a self-attention layer, a cross-attention layer,...
BIBLIOTHEQUE/05_ML-FNDTNS/ALBEF- Align Before Fuse/ALBEF- Align Before Fuse.md	270	Figure 4: Grad-CAM visualization on the cross-attention maps in the 3rd layer of the multimodal encoder.
BIBLIOTHEQUE/05_ML-FNDTNS/ALBEF- Align Before Fuse/ALBEF- Align Before Fuse.md	282	Figure 5: Grad-CAM visualizations on the cross-attention maps of the multimodal encoder for the VQA model.
BIBLIOTHEQUE/05_ML-FNDTNS/ALBEF- Align Before Fuse/ALBEF- Align Before Fuse.md	288	Figure 6: Grad-CAM visualizations on the cross-attention maps corresponding to individual words.
BIBLIOTHEQUE/05_ML-FNDTNS/ALBEF- Align Before Fuse/ALBEF- Align Before Fuse.md	290	visualizations on the self-attention maps in the last layer of the image encoder, where the gradients are acquired by maximizing the image-text similarity $s_{\rm itc}$ . The ALBEF $_{\rm itm}$ variant computes Grad-CAM on the cross-attention maps in the 3rd layer of the multimodal encoder (which is a layer specialized in grounding), where the gradients are acquired by maximizing the image-text...
BIBLIOTHEQUE/05_ML-FNDTNS/ALBEF- Align Before Fuse/ALBEF- Align Before Fuse.md	404	Visual Grounding. We conduct experiments on the RefCOCO+ dataset [56], which is collected using a two-player ReferitGame [62]. It contains 141,564 expressions for 19,992 images from COCO training set. Strictly speaking, our model is not allowed to see the val/test images of RefCOCO+, but it has been exposed to those images during pre-training. We hypothesize that this has little effect because ...
BIBLIOTHEQUE/05_ML-FNDTNS/ALBEF- Align Before Fuse/ALBEF- Align Before Fuse.md	412	Figure 8: Grounding accuracy on the validation set of RefCOCO+. (a) varying cross-attention layers where each layer uses all heads. (b) varying cross-attention heads in the best-performing (3rd) layer.
BIBLIOTHEQUE/05_ML-FNDTNS/ALBEF- Align Before Fuse/ALBEF- Align Before Fuse.md	416	Figure 9: Grad-CAM visualization on the cross-attention maps corresponding to individual words.
BIBLIOTHEQUE/05_ML-FNDTNS/ALBEF- Align Before Fuse/ALBEF- Align Before Fuse.md	428	Das *et al.* [63] collected human attention maps for a subset of the VQA dataset [20]. Given a question and a blurred version of the image, humans on Amazon Mechanical Turk were asked to interactively deblur image regions until they could confidently answer the question. In this work we compare human attention maps to Grad-CAM visualizations for the ALBEF VQA model computed at the 3rd multi-mod...
BIBLIOTHEQUE/05_ML-FNDTNS/Attention Is All You Need/Attention Is All You Need.md	29	<sup>\*</sup>Equal contribution. Listing order is random. Jakob proposed replacing RNNs with self-attention and started the effort to evaluate this idea. Ashish, with Illia, designed and implemented the first Transformer models and has been crucially involved in every aspect of this work. Noam proposed scaled dot-product attention, multi-head attention and the parameter-free position representa...
BIBLIOTHEQUE/05_ML-FNDTNS/Attention Is All You Need/Attention Is All You Need.md	47	The goal of reducing sequential computation also forms the foundation of the Extended Neural GPU [16], ByteNet [18] and ConvS2S [9], all of which use convolutional neural networks as basic building block, computing hidden representations in parallel for all input and output positions. In these models, the number of operations required to relate signals from two arbitrary input or output positio...
BIBLIOTHEQUE/05_ML-FNDTNS/Attention Is All You Need/Attention Is All You Need.md	49	Self-attention, sometimes called intra-attention is an attention mechanism relating different positions of a single sequence in order to compute a representation of the sequence. Self-attention has been used successfully in a variety of tasks including reading comprehension, abstractive summarization, textual entailment and learning task-independent sentence representations [4, 27, 28, 22].
BIBLIOTHEQUE/05_ML-FNDTNS/Attention Is All You Need/Attention Is All You Need.md	53	To the best of our knowledge, however, the Transformer is the first transduction model relying entirely on self-attention to compute representations of its input and output without using sequence-aligned RNNs or convolution. In the following sections, we will describe the Transformer, motivate self-attention and discuss its advantages over models such as [17, 18] and [9].
BIBLIOTHEQUE/05_ML-FNDTNS/Attention Is All You Need/Attention Is All You Need.md	63	The Transformer follows this overall architecture using stacked self-attention and point-wise, fully connected layers for both the encoder and decoder, shown in the left and right halves of Figure 1, respectively.
BIBLIOTHEQUE/05_ML-FNDTNS/Attention Is All You Need/Attention Is All You Need.md	67	**Encoder:** The encoder is composed of a stack of N=6 identical layers. Each layer has two sub-layers. The first is a multi-head self-attention mechanism, and the second is a simple, position-wise fully connected feed-forward network. We employ a residual connection [11] around each of the two sub-layers, followed by layer normalization [1]. That is, the output of each sub-layer is LayerNorm $...
BIBLIOTHEQUE/05_ML-FNDTNS/Attention Is All You Need/Attention Is All You Need.md	69	**Decoder:** The decoder is also composed of a stack of N=6 identical layers. In addition to the two sub-layers in each encoder layer, the decoder inserts a third sub-layer, which performs multi-head attention over the output of the encoder stack. Similar to the encoder, we employ residual connections around each of the sub-layers, followed by layer normalization. We also modify the self-attent...
BIBLIOTHEQUE/05_ML-FNDTNS/Attention Is All You Need/Attention Is All You Need.md	75	#### Scaled Dot-Product Attention
BIBLIOTHEQUE/05_ML-FNDTNS/Attention Is All You Need/Attention Is All You Need.md	81	Figure 2: (left) Scaled Dot-Product Attention. (right) Multi-Head Attention consists of several attention layers running in parallel.
BIBLIOTHEQUE/05_ML-FNDTNS/Attention Is All You Need/Attention Is All You Need.md	85	#### 3.2.1 Scaled Dot-Product Attention
BIBLIOTHEQUE/05_ML-FNDTNS/Attention Is All You Need/Attention Is All You Need.md	87	We call our particular attention "Scaled Dot-Product Attention" (Figure 2). The input consists of queries and keys of dimension $d_k$ , and values of dimension $d_v$ . We compute the dot products of the query with all keys, divide each by $\sqrt{d_k}$ , and apply a softmax function to obtain the weights on the values.
BIBLIOTHEQUE/05_ML-FNDTNS/Attention Is All You Need/Attention Is All You Need.md	99	#### 3.2.2 Multi-Head Attention
BIBLIOTHEQUE/05_ML-FNDTNS/Attention Is All You Need/Attention Is All You Need.md	107	Multi-head attention allows the model to jointly attend to information from different representation subspaces at different positions. With a single attention head, averaging inhibits this.
BIBLIOTHEQUE/05_ML-FNDTNS/Attention Is All You Need/Attention Is All You Need.md	117	The Transformer uses multi-head attention in three different ways:
BIBLIOTHEQUE/05_ML-FNDTNS/Attention Is All You Need/Attention Is All You Need.md	120	- The encoder contains self-attention layers. In a self-attention layer all of the keys, values
BIBLIOTHEQUE/05_ML-FNDTNS/Attention Is All You Need/Attention Is All You Need.md	124	- Similarly, self-attention layers in the decoder allow each position in the decoder to attend to all positions in the decoder up to and including that position. We need to prevent leftward information flow in the decoder to preserve the auto-regressive property. We implement this inside of scaled dot-product attention by masking out (setting to $-\infty$ ) all values in the input of the softma...
BIBLIOTHEQUE/05_ML-FNDTNS/Attention Is All You Need/Attention Is All You Need.md	138	Table 1: Maximum path lengths, per-layer complexity and minimum number of sequential operations for different layer types. n is the sequence length, d is the representation dimension, k is the kernel size of convolutions and r the size of the neighborhood in restricted self-attention.
BIBLIOTHEQUE/05_ML-FNDTNS/Attention Is All You Need/Attention Is All You Need.md	142	| Self-Attention | $O(n^2 \cdot d)$ | O(1) | O(1) |
BIBLIOTHEQUE/05_ML-FNDTNS/Attention Is All You Need/Attention Is All You Need.md	145	| Self-Attention (restricted) | $O(r \cdot n \cdot d)$ | O(1) | O(n/r) |
BIBLIOTHEQUE/05_ML-FNDTNS/Attention Is All You Need/Attention Is All You Need.md	161	# 4 Why Self-Attention
BIBLIOTHEQUE/05_ML-FNDTNS/Attention Is All You Need/Attention Is All You Need.md	163	In this section we compare various aspects of self-attention layers to the recurrent and convolutional layers commonly used for mapping one variable-length sequence of symbol representations $(x_1,...,x_n)$ to another sequence of equal length $(z_1,...,z_n)$ , with $x_i,z_i\in\mathbb{R}^d$ , such as a hidden layer in a typical sequence transduction encoder or decoder. Motivating our use of self...
BIBLIOTHEQUE/05_ML-FNDTNS/Attention Is All You Need/Attention Is All You Need.md	169	As noted in Table 1, a self-attention layer connects all positions with a constant number of sequentially executed operations, whereas a recurrent layer requires O(n) sequential operations. In terms of computational complexity, self-attention layers are faster than recurrent layers when the sequence
BIBLIOTHEQUE/05_ML-FNDTNS/Attention Is All You Need/Attention Is All You Need.md	171	length n is smaller than the representation dimensionality d, which is most often the case with sentence representations used by state-of-the-art models in machine translations, such as word-piece [38] and byte-pair [31] representations. To improve computational performance for tasks involving very long sequences, self-attention could be restricted to considering only a neighborhood of size r i...
BIBLIOTHEQUE/05_ML-FNDTNS/Attention Is All You Need/Attention Is All You Need.md	173	A single convolutional layer with kernel width k < n does not connect all pairs of input and output positions. Doing so requires a stack of O(n/k) convolutional layers in the case of contiguous kernels, or $O(\log_k(n))$ in the case of dilated convolutions [18], increasing the length of the longest paths between any two positions in the network. Convolutional layers are generally more expensive...
BIBLIOTHEQUE/05_ML-FNDTNS/Attention Is All You Need/Attention Is All You Need.md	175	As side benefit, self-attention could yield more interpretable models. We inspect attention distributions from our models and present and discuss examples in the appendix. Not only do individual attention heads clearly learn to perform different tasks, many appear to exhibit behavior related to the syntactic and semantic structure of the sentences.
BIBLIOTHEQUE/05_ML-FNDTNS/Attention Is All You Need/Attention Is All You Need.md	304	In this work, we presented the Transformer, the first sequence transduction model based entirely on attention, replacing the recurrent layers most commonly used in encoder-decoder architectures with multi-headed self-attention.
BIBLIOTHEQUE/05_ML-FNDTNS/Attention Is All You Need/Attention Is All You Need.md	363	Figure 3: An example of the attention mechanism following long-distance dependencies in the encoder self-attention in layer 5 of 6. Many of the attention heads attend to a distant dependency of the verb 'making', completing the phrase 'making...more difficult'. Attentions here shown only for the word 'making'. Different colors represent different heads. Best viewed in color.
BIBLIOTHEQUE/05_ML-FNDTNS/Attention Is All You Need/Attention Is All You Need.md	371	Figure 5: Many of the attention heads exhibit behaviour that seems related to the structure of the sentence. We give two such examples above, from two different heads from the encoder self-attention at layer 5 of 6. The heads clearly learned to perform different tasks.
BIBLIOTHEQUE/05_ML-FNDTNS/Behind RoPE- How Does Causal Mask Encode Positional Information-/Behind RoPE- How Does Causal Mask Encode Positional Information-.md	171	Finally, in the second-layer self-attention (i), we clearly observe the expected pattern of strict increase with i, in agreement with our theoretical analysis.
BIBLIOTHEQUE/05_ML-FNDTNS/Behind RoPE- How Does Causal Mask Encode Positional Information-/Behind RoPE- How Does Causal Mask Encode Positional Information-.md	181	We extended our earlier simulation in Section 4.1 by applying RoPE, with $\theta_{\text{RoPE}}=10000$ and $\alpha=0$ . The results with non-zero $\alpha$ are provided in Appendix Figure 9. As shown in the first row of Figure 4, the first layer behaves as described by Barbero et al. (2025): when the input is independent Gaussian noise, RoPE alone does not affect the inner products. However, from...
BIBLIOTHEQUE/05_ML-FNDTNS/Behind RoPE- How Does Causal Mask Encode Positional Information-/Behind RoPE- How Does Causal Mask Encode Positional Information-.md	200	- Ta-Chung Chi, Ting-Han Fan, Li-Wei Chen, Alexander Rudnicky, and Peter Ramadge. Latent positional information is in the self-attention variance of transformer language models without positional embeddings. In *Proceedings of the 61st Annual Meeting of the Association for Computational Linguistics (Volume 2: Short Papers)*, pp. 1183–1193, 2023.
BIBLIOTHEQUE/05_ML-FNDTNS/BEiT- BERT Pre-Training of Image Transformers/BEiT- BERT Pre-Training of Image Transformers.md	37	- We present that the self-attention mechanism of self-supervised BEIT learns to distinguish semantic regions and object boundaries, although without using any human annotation.
BIBLIOTHEQUE/05_ML-FNDTNS/BEiT- BERT Pre-Training of Image Transformers/BEiT- BERT Pre-Training of Image Transformers.md	115	We find that proper initialization is important to stabilize Transformer, especially for large-scale pretraining. We first randomly initialize all the parameters within a small range, such as [-0.02, 0.02]. Then, for the l-th Transformer layer, we rescale the output matrices (i.e., the last linear projection within each sub-layer) of the self-attention module and the feed-forward network by $\f...
BIBLIOTHEQUE/05_ML-FNDTNS/BEiT- BERT Pre-Training of Image Transformers/BEiT- BERT Pre-Training of Image Transformers.md	215	#### 3.4 Analysis of Self-Attention Map
BIBLIOTHEQUE/05_ML-FNDTNS/BEiT- BERT Pre-Training of Image Transformers/BEiT- BERT Pre-Training of Image Transformers.md	217	We show that the self-attention mechanism in BEIT can separate objects, even though our pre-training does not rely on any manual annotation at all. Similar properties are also observed by [CTM<sup>+</sup>21]. The probing images are taken from the MS COCO [LMB<sup>+</sup>14] corpus to avoid appearing in the pre-training data.
BIBLIOTHEQUE/05_ML-FNDTNS/BEiT- BERT Pre-Training of Image Transformers/BEiT- BERT Pre-Training of Image Transformers.md	219	As shown in Figure 2, we plot the self-attention map for different reference points within an image. The visualizations are produced by attention scores computed via query-key product in the last layer. For each reference point, we use the corresponding patch as query, and show which patch it attends to. After pre-training, BEIT learns to distinguish semantic regions using self-attention heads,...
BIBLIOTHEQUE/05_ML-FNDTNS/BEiT- BERT Pre-Training of Image Transformers/BEiT- BERT Pre-Training of Image Transformers.md	227	Figure 2: Self-attention map for different reference points. The self-attention mechanism in BEIT is able to separate objects, although self-supervised pre-training does not use manual annotations.
BIBLIOTHEQUE/05_ML-FNDTNS/BEiT- BERT Pre-Training of Image Transformers/BEiT- BERT Pre-Training of Image Transformers.md	258	- [HDWX20] Yaru Hao, Li Dong, Furu Wei, and Ke Xu. Self-attention attribution: Interpreting information interactions inside Transformer. *arXiv preprint arXiv:2004.11207*, 2020.
BIBLIOTHEQUE/05_ML-FNDTNS/BERT- Pre-training of Deep Bidirectional Transformers for Language Understanding/BERT- Pre-training of Deep Bidirectional Transformers for Language Understanding.md	19	We argue that current techniques restrict the power of the pre-trained representations, especially for the fine-tuning approaches. The major limitation is that standard language models are unidirectional, and this limits the choice of architectures that can be used during pre-training. For example, in OpenAI GPT, the authors use a left-to-right architecture, where every token can only attend to...
BIBLIOTHEQUE/05_ML-FNDTNS/BERT- Pre-training of Deep Bidirectional Transformers for Language Understanding/BERT- Pre-training of Deep Bidirectional Transformers for Language Understanding.md	67	In this work, we denote the number of layers (i.e., Transformer blocks) as L, the hidden size as H, and the number of self-attention heads as A.<sup>3</sup> We primarily report results on two model sizes: **BERT**<sub>BASE</sub> (L=12, H=768, A=12, Total Parameters=110M) and **BERT**<sub>LARGE</sub> (L=24, H=1024, A=16, Total Parameters=340M).
BIBLIOTHEQUE/05_ML-FNDTNS/BERT- Pre-training of Deep Bidirectional Transformers for Language Understanding/BERT- Pre-training of Deep Bidirectional Transformers for Language Understanding.md	69	BERT<sub>BASE</sub> was chosen to have the same model size as OpenAI GPT for comparison purposes. Critically, however, the BERT Transformer uses bidirectional self-attention, while the GPT Transformer uses constrained self-attention where every token can only attend to context to its left.<sup>4</sup>
BIBLIOTHEQUE/05_ML-FNDTNS/BERT- Pre-training of Deep Bidirectional Transformers for Language Understanding/BERT- Pre-training of Deep Bidirectional Transformers for Language Understanding.md	111	Fine-tuning is straightforward since the self-attention mechanism in the Transformer allows BERT to model many downstream tasks—whether they involve single text or text pairs—by swapping out the appropriate inputs and outputs. For applications involving text pairs, a common pattern is to independently encode text pairs before applying bidirectional cross attention, such as Parikh et al. (2016);...
BIBLIOTHEQUE/05_ML-FNDTNS/BERT- Pre-training of Deep Bidirectional Transformers for Language Understanding/BERT- Pre-training of Deep Bidirectional Transformers for Language Understanding.md	324	- Rami Al-Rfou, Dokook Choe, Noah Constant, Mandy Guo, and Llion Jones. 2018. Character-level language modeling with deeper self-attention. *arXiv* preprint arXiv:1808.04444.
BIBLIOTHEQUE/05_ML-FNDTNS/BERT- Pre-training of Deep Bidirectional Transformers for Language Understanding/BERT- Pre-training of Deep Bidirectional Transformers for Language Understanding.md	377	Wei Wang, Ming Yan, and Chen Wu. 2018b. Multigranularity hierarchical attention fusion networks for reading comprehension and question answering. In *Proceedings of the 56th Annual Meeting of the As*sociation for Computational Linguistics (Volume 1: Long Papers). Association for Computational Linguistics.
BIBLIOTHEQUE/05_ML-FNDTNS/BERT- Pre-training of Deep Bidirectional Transformers for Language Understanding/BERT- Pre-training of Deep Bidirectional Transformers for Language Understanding.md	387	Adams Wei Yu, David Dohan, Minh-Thang Luong, Rui Zhao, Kai Chen, Mohammad Norouzi, and Quoc V Le. 2018. QANet: Combining local convolution with global self-attention for reading comprehension. In *ICLR*.
BIBLIOTHEQUE/05_ML-FNDTNS/Beyond Position- The Emergence of Wavelet-like Properties in Transformers/Beyond Position- The Emergence of Wavelet-like Properties in Transformers.md	27	The Transformer architecture (Vaswani, 2017) revolutionized sequence modeling through self-attention mechanisms. While the original Transformer used simple sinusoidal positional encodings, recent work has explored more sophisticated approaches. ALiBi (Press et al., 2021) introduced attention bias terms that scale with relative position,
BIBLIOTHEQUE/05_ML-FNDTNS/BLIP- Bootstrapping Language-Image Pre-training/BLIP- Bootstrapping Language-Image Pre-training.md	36	Figure 2. Pre-training model architecture and objectives of BLIP (same parameters have the same color). We propose multimodal mixture of encoder-decoder, a unified vision-language model which can operate in one of the three functionalities: (1) Unimodal encoder is trained with an image-text contrastive (ITC) loss to align the vision and language representations. (2) Image-grounded text encoder ...
BIBLIOTHEQUE/05_ML-FNDTNS/BLIP- Bootstrapping Language-Image Pre-training/BLIP- Bootstrapping Language-Image Pre-training.md	71	- (2) Image-grounded text encoder, which injects visual information by inserting one additional cross-attention (CA) layer between the self-attention (SA) layer and the feed forward network (FFN) for each transformer block of the text encoder. A task-specific [Encode] token is appended to the text, and the output embedding of [Encode] is used as the multimodal representation of the image-text p...
BIBLIOTHEQUE/05_ML-FNDTNS/BLIP- Bootstrapping Language-Image Pre-training/BLIP- Bootstrapping Language-Image Pre-training.md	72	- (3) Image-grounded text decoder, which replaces the bidirectional self-attention layers in the image-grounded text encoder with causal self-attention layers. A [Decode] token is used to signal the beginning of a sequence, and an end-of-sequence token is used to signal its end.
BIBLIOTHEQUE/05_ML-FNDTNS/BLIP- Bootstrapping Language-Image Pre-training/BLIP- Bootstrapping Language-Image Pre-training.md	86	In order to perform efficient pre-training while leveraging multi-task learning, the text encoder and text decoder share all parameters except for the SA layers. The reason is that the differences between the encoding and decoding tasks are best captured by the SA layers. In particular, the encoder employs *bi-directional* self-attention to build representations for the *current* input tokens, ...
BIBLIOTHEQUE/05_ML-FNDTNS/BLIP- Bootstrapping Language-Image Pre-training/BLIP- Bootstrapping Language-Image Pre-training.md	177	During pre-training, the text encoder and decoder share all parameters except for the self-attention layers. In Table 3, we evaluate models pre-trained with different parameter sharing strategies, where pre-training is performed on the 14M images with web texts. As the result shows, sharing all
BIBLIOTHEQUE/05_ML-FNDTNS/BLIP- Bootstrapping Language-Image Pre-training/BLIP- Bootstrapping Language-Image Pre-training.md	296	soning over two images, we make a simple modification to our pre-trained model which leads to a more computationalefficient architecture than previous approaches (Li et al., 2021a; Wang et al., 2021). As shown in Figure 5(b), for each transformer block in the image-grounded text encoder, there exist two cross-attention layers to process the two input images, and their outputs are merged and fed...
BIBLIOTHEQUE/05_ML-FNDTNS/BLIP- Bootstrapping Language-Image Pre-training/BLIP- Bootstrapping Language-Image Pre-training.md	300	VisDial (Das et al., 2017) extends VQA in a natural conversational setting, where the model needs to predict an answer not only based on the image-question pair, but also considering the dialog history and the image's caption. We follow the discriminative setting where the model ranks a pool of answer candidates (Gan et al., 2019; Wang et al., 2020; Murahari et al., 2020). As shown in Figure 5(...
BIBLIOTHEQUE/05_ML-FNDTNS/BLIP-2- Bootstrapping Language-Image Pre-training with Frozen Models/BLIP-2- Bootstrapping Language-Image Pre-training with Frozen Models.md	45	More similar to us are methods that leverage off-the-shelf pre-trained models and keep them frozen during VLP. Some methods freeze the image encoder, including the early work which adopts a frozen object detector to extract visual features (Chen et al., 2020; Li et al., 2020; Zhang et al., 2021), and the recent LiT (Zhai et al., 2022) which uses a frozen pre-trained image encoder for CLIP (Radf...
BIBLIOTHEQUE/05_ML-FNDTNS/BLIP-2- Bootstrapping Language-Image Pre-training with Frozen Models/BLIP-2- Bootstrapping Language-Image Pre-training with Frozen Models.md	55	We propose Q-Former as the trainable module to bridge the gap between a frozen image encoder and a frozen LLM. It extracts a fixed number of output features from the image encoder, independent of input image resolution. As shown in Figure 2, Q-Former consists of two transformer submodules that share the same self-attention layers: (1) an image transformer that interacts with the frozen image en...
BIBLIOTHEQUE/05_ML-FNDTNS/BLIP-2- Bootstrapping Language-Image Pre-training with Frozen Models/BLIP-2- Bootstrapping Language-Image Pre-training with Frozen Models.md	59	Figure 2. (Left) Model architecture of Q-Former and BLIP-2's first-stage vision-language representation learning objectives. We jointly optimize three objectives which enforce the queries (a set of learnable embeddings) to extract visual representation most relevant to the text. (Right) The self-attention masking strategy for each objective to control query-text interaction.
BIBLIOTHEQUE/05_ML-FNDTNS/BLIP-2- Bootstrapping Language-Image Pre-training with Frozen Models/BLIP-2- Bootstrapping Language-Image Pre-training with Frozen Models.md	61	for visual feature extraction, (2) a text transformer that can function as both a text encoder and a text decoder. We create a set number of learnable query embeddings as input to the image transformer. The queries interact with each other through self-attention layers, and interact with frozen image features through cross-attention layers (inserted every other transformer block). The queries c...
BIBLIOTHEQUE/05_ML-FNDTNS/BLIP-2- Bootstrapping Language-Image Pre-training with Frozen Models/BLIP-2- Bootstrapping Language-Image Pre-training with Frozen Models.md	71	t from the text transformer, where t is the output embedding of the <code>[CLS]</code> token. Since Z contains multiple output embeddings (one from each query), we first compute the pairwise similarity between each query output and t, and then select the highest one as the image-text similarity. To avoid information leak, we employ a unimodal self-attention mask, where the queries and text are ...
BIBLIOTHEQUE/05_ML-FNDTNS/BLIP-2- Bootstrapping Language-Image Pre-training with Frozen Models/BLIP-2- Bootstrapping Language-Image Pre-training with Frozen Models.md	73	Image-grounded Text Generation (ITG) loss trains the Q-Former to generate texts, given input images as the condition. Since the architecture of Q-Former does not allow direct interactions between the frozen image encoder and the text tokens, the information required for generating the text must be first extracted by the queries, and then passed to the text tokens via self-attention layers. Ther...
BIBLIOTHEQUE/05_ML-FNDTNS/BLIP-2- Bootstrapping Language-Image Pre-training with Frozen Models/BLIP-2- Bootstrapping Language-Image Pre-training with Frozen Models.md	75	Image-Text Matching (ITM) aims to learn fine-grained alignment between image and text representation. It is a binary classification task where the model is asked to predict whether an image-text pair is positive (matched) or negative (unmatched). We use a bi-directional self-attention mask where all queries and texts can attend to each other. The output query embeddings Z thus capture multimoda...
BIBLIOTHEQUE/05_ML-FNDTNS/BLIP-2- Bootstrapping Language-Image Pre-training with Frozen Models/BLIP-2- Bootstrapping Language-Image Pre-training with Frozen Models.md	191	Given annotated VQA data, we finetune the parameters of the Q-Former and the image encoder while keeping the LLM frozen. We finetune with the open-ended answer generation loss, where the LLM receives Q-Former's output and the question as input, and is asked to generate the answer. In order to extract image features that are more relevant to the question, we additionally condition Q-Former on th...
BIBLIOTHEQUE/05_ML-FNDTNS/CoAtNet- Marrying Convolution and Attention for All Data Sizes/CoAtNet- Marrying Convolution and Attention for All Data Sizes.md	9	Transformers have attracted increasing interests in computer vision, but they still fall behind state-of-the-art convolutional networks. In this work, we show that while Transformers tend to have larger model capacity, their generalization can be worse than convolutional networks due to the lack of the right inductive bias. To effectively combine the strengths from both architectures, we presen...
BIBLIOTHEQUE/05_ML-FNDTNS/CoAtNet- Marrying Convolution and Attention for All Data Sizes/CoAtNet- Marrying Convolution and Attention for All Data Sizes.md	13	Since the breakthrough of AlexNet [1], Convolutional Neural Networks (ConvNets) have been the dominating model architecture for computer vision [2, 3, 4, 5]. Meanwhile, with the success of self-attention models like Transformers [6] in natural language processing [7, 8], many previous works have attempted to bring in the power of attention into computer vision [9, 10, 11, 12]. More recently, Vi...
BIBLIOTHEQUE/05_ML-FNDTNS/CoAtNet- Marrying Convolution and Attention for All Data Sizes/CoAtNet- Marrying Convolution and Attention for All Data Sizes.md	29	- 1. How to combine the convolution and self-attention within one basic computational block?
BIBLIOTHEQUE/05_ML-FNDTNS/CoAtNet- Marrying Convolution and Attention for All Data Sizes/CoAtNet- Marrying Convolution and Attention for All Data Sizes.md	34	#### 2.1 Merging Convolution and Self-Attention
BIBLIOTHEQUE/05_ML-FNDTNS/CoAtNet- Marrying Convolution and Attention for All Data Sizes/CoAtNet- Marrying Convolution and Attention for All Data Sizes.md	38	Besides the similarity of inverted bottleneck, we also notice that both depthwise convolution and self-attention can be expressed as a per-dimension weighted sum of values in a pre-defined receptive field. Specifically, convolution relies on a fixed kernel to gather information from a local receptive field
BIBLIOTHEQUE/05_ML-FNDTNS/CoAtNet- Marrying Convolution and Attention for All Data Sizes/CoAtNet- Marrying Convolution and Attention for All Data Sizes.md	45	In comparison, self-attention allows the receptive field to be the entire spatial locations and computes the weights based on the re-normalized pairwise similarity between the pair $(x_i, x_j)$ :<sup>2</sup>
BIBLIOTHEQUE/05_ML-FNDTNS/CoAtNet- Marrying Convolution and Attention for All Data Sizes/CoAtNet- Marrying Convolution and Attention for All Data Sizes.md	47	$$y_i = \sum_{j \in \mathcal{G}} \underbrace{\frac{\exp\left(x_i^{\top} x_j\right)}{\sum_{k \in \mathcal{G}} \exp\left(x_i^{\top} x_k\right)}}_{A_{i,i}} x_j \quad \text{(self-attention)}, \tag{2}$$
BIBLIOTHEQUE/05_ML-FNDTNS/CoAtNet- Marrying Convolution and Attention for All Data Sizes/CoAtNet- Marrying Convolution and Attention for All Data Sizes.md	51	- First of all, the depthwise convolution kernel $w_{i-j}$ is an input-independent parameter of static value, while the attention weight $A_{i,j}$ dynamically depends on the representation of the input. Hence, it is much easier for the self-attention to capture complicated relational interactions between different spatial positions, a property that we desire most when processing high-level conc...
BIBLIOTHEQUE/05_ML-FNDTNS/CoAtNet- Marrying Convolution and Attention for All Data Sizes/CoAtNet- Marrying Convolution and Attention for All Data Sizes.md	53	- Finally, the size of the receptive field is one of the most crucial differences between self-attention and convolution. Generally speaking, a larger receptive field provides more contextual information, which could lead to higher model capacity. Hence, the global receptive field has been a key motivation to employ self-attention in vision. However, a large receptive field requires significant...
BIBLIOTHEQUE/05_ML-FNDTNS/CoAtNet- Marrying Convolution and Attention for All Data Sizes/CoAtNet- Marrying Convolution and Attention for All Data Sizes.md	55	Table 1: Desirable properties found in convolution or self-attention.
BIBLIOTHEQUE/05_ML-FNDTNS/CoAtNet- Marrying Convolution and Attention for All Data Sizes/CoAtNet- Marrying Convolution and Attention for All Data Sizes.md	57	| Properties | Convolution | Self-Attention |
BIBLIOTHEQUE/05_ML-FNDTNS/CoAtNet- Marrying Convolution and Attention for All Data Sizes/CoAtNet- Marrying Convolution and Attention for All Data Sizes.md	61	Given the comparison above, an ideal model should be able to combine the 3 desirable properties in Table 1. With the similar form of depthwise convolution in Eqn. (1) and self-attention in Eqn. (2), a straightforward idea that could achieve this is simply to sum a *global* static convolution kernel with the adaptive attention matrix, either after or before the Softmax normalization, i.e.,
BIBLIOTHEQUE/05_ML-FNDTNS/CoAtNet- Marrying Convolution and Attention for All Data Sizes/CoAtNet- Marrying Convolution and Attention for All Data Sizes.md	66	Interestingly, while the idea seems overly simplified, the pre-normalization version $y^{\text{pre}}$ corresponds to a particular variant of relative self-attention [30, 31]. In this case, the attention weight $A_{i,j}$ is decided jointly by the $w_{i-j}$ of translation equivariance and the input-adaptive $x_i^\top x_j$ , which can enjoy both effects depending on their relative magnitudes. Impo...
BIBLIOTHEQUE/05_ML-FNDTNS/CoAtNet- Marrying Convolution and Attention for All Data Sizes/CoAtNet- Marrying Convolution and Attention for All Data Sizes.md	77	- (B) Enforce local attention, which restricts the global receptive field $\mathcal{G}$ in attention to a local field $\mathcal{L}$ just like in convolution [22, 21].
BIBLIOTHEQUE/05_ML-FNDTNS/CoAtNet- Marrying Convolution and Attention for All Data Sizes/CoAtNet- Marrying Convolution and Attention for All Data Sizes.md	80	We briefly experimented with option (C) without getting a reasonably good result. For option (B), we found that implementing local attention involves many non-trivial shape formatting operations that requires intensive memory access. On our accelerator of choice (TPU), such operation turns out to be extremely slow [34], which not only defeats the original purpose of speeding up global attention...
BIBLIOTHEQUE/05_ML-FNDTNS/CoAtNet- Marrying Convolution and Attention for All Data Sizes/CoAtNet- Marrying Convolution and Attention for All Data Sizes.md	128	**Self-attention and Transformers.** With the key ingredients of self-attention, Transformers have been widely adopted for neural language processing and speech understanding. As an early work, stand-alone self-attention network [34] shows self-attention alone can work well for different vision tasks, though with some practical difficulties. Recently, ViT [13] applies a vanilla Transformer to I...
BIBLIOTHEQUE/05_ML-FNDTNS/CoAtNet- Marrying Convolution and Attention for All Data Sizes/CoAtNet- Marrying Convolution and Attention for All Data Sizes.md	132	Combining convolution and self-attention. The idea of combining convolution and self-attention for vision recognition is not new. A common approach is to augment the ConvNet backbone with explicit self-attention or non-local modules [9, 10, 11, 12], or to replace certain convolution layers with standard self-attention [11] or a more flexible mix of linear attention and convolution [41]. While s...
BIBLIOTHEQUE/05_ML-FNDTNS/CoAtNet- Marrying Convolution and Attention for All Data Sizes/CoAtNet- Marrying Convolution and Attention for All Data Sizes.md	134	While our work also belongs to this category, we show that our relative attention instantiation is a natural mixture of depthwise convolution and content-based attention with minimum additional cost. More importantly, starting from the perspectives of generalization and model capacity, we take a systematic approach to the vertical layout design and show how and why different network stages pref...
BIBLIOTHEQUE/05_ML-FNDTNS/CoAtNet- Marrying Convolution and Attention for All Data Sizes/CoAtNet- Marrying Convolution and Attention for All Data Sizes.md	303	- [21] Ashish Vaswani, Prajit Ramachandran, Aravind Srinivas, Niki Parmar, Blake Hechtman, and Jonathon Shlens. Scaling local self-attention for parameter efficient visual backbones. *arXiv* preprint arXiv:2103.12731, 2021.
BIBLIOTHEQUE/05_ML-FNDTNS/CoAtNet- Marrying Convolution and Attention for All Data Sizes/CoAtNet- Marrying Convolution and Attention for All Data Sizes.md	312	- [30] Peter Shaw, Jakob Uszkoreit, and Ashish Vaswani. Self-attention with relative position representations. *arXiv preprint arXiv:1803.02155*, 2018.
BIBLIOTHEQUE/05_ML-FNDTNS/CoAtNet- Marrying Convolution and Attention for All Data Sizes/CoAtNet- Marrying Convolution and Attention for All Data Sizes.md	316	- [34] Prajit Ramachandran, Niki Parmar, Ashish Vaswani, Irwan Bello, Anselm Levskaya, and Jonathon Shlens. Stand-alone self-attention in vision models. arXiv preprint arXiv:1906.05909, 2019.
BIBLIOTHEQUE/05_ML-FNDTNS/CoAtNet- Marrying Convolution and Attention for All Data Sizes/CoAtNet- Marrying Convolution and Attention for All Data Sizes.md	356	where Module denotes the MBConv, Self-Attention or FFN module, while Norm corresponds to BatchNorm for MBConv and LayerNorm for Self-Attention and FFN. We have experimented with using LayerNorm in the MBConv block, which achieves the same performance while being significantly slower on our accelerator (TPU). In general, we recommend whichever is faster on your device. Following the same spirit,...
BIBLIOTHEQUE/05_ML-FNDTNS/CoAtNet- Marrying Convolution and Attention for All Data Sizes/CoAtNet- Marrying Convolution and Attention for All Data Sizes.md	358	**Down-Sampling** For the first block inside each stage from S1 to S4, down-sampling is performed independently for the residual branch and the identity branch. Specifically, for the Transformer block, the standard max pooling of stride 2 is directly applied to the input states of both branches of the self-attention module, similar to Funnel Transformer [52]. Also, a channel projection is appli...
BIBLIOTHEQUE/05_ML-FNDTNS/CoCa- Contrastive Captioners/CoCa- Contrastive Captioners.md	9	Exploring large-scale pretrained foundation models is of significant interest in computer vision because these models can be quickly transferred to many downstream tasks. This paper presents Contrastive Captioner (CoCa), a minimalist design to pretrain an image-text encoder-decoder foundation model jointly with contrastive loss and captioning loss, thereby subsuming model capabilities from cont...
BIBLIOTHEQUE/05_ML-FNDTNS/CoCa- Contrastive Captioners/CoCa- Contrastive Captioners.md	27	In this work, we unify *single-encoder*, *dual-encoder* and *encoder-decoder* paradigms, and train one image-text foundation model that subsumes the capabilities of all three approaches. We propose a simple model family named Contrastive Captioners (CoCa) with a modified encoder-decoder architecture trained with both contrastive loss and captioning (generative) loss. As shown in Figure 1, we de...
BIBLIOTHEQUE/05_ML-FNDTNS/CoCa- Contrastive Captioners/CoCa- Contrastive Captioners.md	80	decoder transformers, CoCa omits cross-attention in the first half of the decoder layers to encode *unimodal* text representations, and cascades the rest of the decoder layers, cross-attending to the image encoder for *multimodal* image-text representations. As a result, the CoCa decoder simultaneously produces both unimodal and multimodal text representations that allow us to apply both contra...
BIBLIOTHEQUE/05_ML-FNDTNS/CoCa- Contrastive Captioners/CoCa- Contrastive Captioners.md	86	**Decoupled Text Decoder and CoCa Architecture.** The captioning approach optimizes the conditional likelihood of text while the contrastive approach uses an unconditional text representation. To address this dilemma and combine these two methods into a single model, we propose a simple decoupled decoder design where we split the decoder into unimodal and multimodal components, by skipping the ...
BIBLIOTHEQUE/05_ML-FNDTNS/CoCa- Contrastive Captioners/CoCa- Contrastive Captioners.md	88	Attentional Poolers. It is noteworthy that the contrastive loss uses a single embedding for each image while the decoder usually attends to a sequence of image output tokens in an encoder-decoder captioner [16]. Our preliminary experiments show that a single pooled image embedding helps visual recognition tasks as a global representation, while more visual tokens (thus more fine-grained) are be...
BIBLIOTHEQUE/05_ML-FNDTNS/CoCa- Contrastive Captioners/CoCa- Contrastive Captioners.md	313	Attentional Poolers. CoCa exploits attentional poolers in its design both for different pretraining objectives and objective-specific downstream task adaptations. In pretraining, we compare a few design variants on using poolers for contrastive loss and generative loss: (1) the "parallel" design which extracts both contrastive and generative losses at the same time on Vision Transformer encoder...
BIBLIOTHEQUE/05_ML-FNDTNS/Denoising Diffusion Probabilistic Models/Denoising Diffusion Probabilistic Models.md	160	To represent the reverse process, we use a U-Net backbone similar to an unmasked PixelCNN++ [52, 48] with group normalization throughout [66]. Parameters are shared across time, which is specified to the network using the Transformer sinusoidal position embedding [60]. We use self-attention at the $16 \times 16$ feature map resolution [63, 60]. Details are in Appendix B.
BIBLIOTHEQUE/05_ML-FNDTNS/Denoising Diffusion Probabilistic Models/Denoising Diffusion Probabilistic Models.md	406	Our neural network architecture follows the backbone of PixelCNN++ [52], which is a U-Net [48] based on a Wide ResNet [72]. We replaced weight normalization [49] with group normalization [66] to make the implementation simpler. Our $32 \times 32$ models use four feature map resolutions ( $32 \times 32$ to $4 \times 4$ ), and our $256 \times 256$ models use six. All models have two convolutional...
BIBLIOTHEQUE/05_ML-FNDTNS/Denoising Diffusion Probabilistic Models/Denoising Diffusion Probabilistic Models.md	426	- 1. We use a U-Net with self-attention; NCSN uses a RefineNet with dilated convolutions. We condition all layers on t by adding in the Transformer sinusoidal position embedding, rather than only in normalization layers (NCSNv1) or only at the output (v2).
BIBLIOTHEQUE/05_ML-FNDTNS/Dense Passage Retrieval for Open-Domain Question Answering/Dense Passage Retrieval for Open-Domain Question Answering.md	209	score is chosen as the final answer. The passage selection model serves as a reranker through cross-attention between the question and the passage. Although cross-attention is not feasible for retrieving relevant passages in a large corpus due to its non-decomposable nature, it has more capacity than the dual-encoder model sim(q, p) as in Eq. (1). Applying it to selecting the passage from a sma...
BIBLIOTHEQUE/05_ML-FNDTNS/Dense Passage Retrieval for Open-Domain Question Answering/Dense Passage Retrieval for Open-Domain Question Answering.md	260	The use of dense vector representations for retrieval has a long history since Latent Semantic Analysis (Deerwester et al., 1990). Using labeled pairs of queries and documents, discriminatively trained dense encoders have become popular recently (Yih et al., 2011; Huang et al., 2013; Gillick et al., 2019), with applications to cross-lingual document retrieval, ad relevance prediction, Web searc...
BIBLIOTHEQUE/05_ML-FNDTNS/Density Adaptive Attention is All You Need- Robust Parameter-Efficient Fine-Tuning Across Multiple Modalities/Density Adaptive Attention is All You Need- Robust Parameter-Efficient Fine-Tuning Across Multiple Modalities.md	21	In recent years, the self-attention mechanism, or its variations that are based on dot-product, has become central to the encoders of Pre-Trained Models (PTMs) developed using Self-Supervised Learning (SSL) methods. Notable examples include WavLM [5] and HuBERT [6] for speech processing, Llama 2 [7] for text processing, and BEiT [8] for image processing. These PTMs
BIBLIOTHEQUE/05_ML-FNDTNS/Density Adaptive Attention is All You Need- Robust Parameter-Efficient Fine-Tuning Across Multiple Modalities/Density Adaptive Attention is All You Need- Robust Parameter-Efficient Fine-Tuning Across Multiple Modalities.md	42	Below, we analyze the theoretical aspects of entropy for both traditional self-attention mechanisms and DAAM.
BIBLIOTHEQUE/05_ML-FNDTNS/Density Adaptive Attention is All You Need- Robust Parameter-Efficient Fine-Tuning Across Multiple Modalities/Density Adaptive Attention is All You Need- Robust Parameter-Efficient Fine-Tuning Across Multiple Modalities.md	50	#### **Traditional Self-Attention**
BIBLIOTHEQUE/05_ML-FNDTNS/Density Adaptive Attention is All You Need- Robust Parameter-Efficient Fine-Tuning Across Multiple Modalities/Density Adaptive Attention is All You Need- Robust Parameter-Efficient Fine-Tuning Across Multiple Modalities.md	52	Traditional self-attention mechanisms are mathematically represented as Attention (Q,K,V)= softmax $\left(\frac{QK^T}{\sqrt{d_k}}\right)V$ . In this framework, the softmax function is applied to the scaled dot products of queries (Q) and keys (K), producing attention weights. Consider a vector $z=\{z_1,z_2,\ldots,z_n\}$ , derived from these scaled dot products. Let $S=\sum_{j=1}^n e^{z_j}$ deno...
BIBLIOTHEQUE/05_ML-FNDTNS/Density Adaptive Attention is All You Need- Robust Parameter-Efficient Fine-Tuning Across Multiple Modalities/Density Adaptive Attention is All You Need- Robust Parameter-Efficient Fine-Tuning Across Multiple Modalities.md	54	In practical terms, the output of traditional self-attention often skews towards dominant features, concentrating attention and leading to lower entropy. Higher entropy, indicating a more uniform attention distribution, can be beneficial for tasks requiring a comprehensive view of all input data. Achieving higher entropy theoretically demands near-uniformity in the elements of z (the inputs to ...
BIBLIOTHEQUE/05_ML-FNDTNS/Density Adaptive Attention is All You Need- Robust Parameter-Efficient Fine-Tuning Across Multiple Modalities/Density Adaptive Attention is All You Need- Robust Parameter-Efficient Fine-Tuning Across Multiple Modalities.md	56	Higher entropy in an attention mechanism signifies a more balanced distribution of attention across various parts of the input data. This balance is crucial for ensuring that the model does not overly focus on a few features but instead considers a broader array of information. Such capability is vital in complex tasks where the input data is highly non-stationary. In contrast to traditional se...
BIBLIOTHEQUE/05_ML-FNDTNS/Density Adaptive Attention is All You Need- Robust Parameter-Efficient Fine-Tuning Across Multiple Modalities/Density Adaptive Attention is All You Need- Robust Parameter-Efficient Fine-Tuning Across Multiple Modalities.md	60	The Multi-Head Attention (MHA) mechanism in Transformer architectures uses parallel attention heads to enhance sequence modeling. Each head computes attention scores independently using the scaled dot-product attention formula:
BIBLIOTHEQUE/05_ML-FNDTNS/Density Adaptive Attention is All You Need- Robust Parameter-Efficient Fine-Tuning Across Multiple Modalities/Density Adaptive Attention is All You Need- Robust Parameter-Efficient Fine-Tuning Across Multiple Modalities.md	154	to be on training and subsequently evaluating the performance of the newly proposed decoder on the designated downstream task. This approach ensures that the intrinsic properties and learned representations of the PTMs are preserved, while the decoder adapts and fine-tunes to the specific requirements of the task at hand [25]. The output from each transformer layer (in the encoder) undergoes me...
BIBLIOTHEQUE/05_ML-FNDTNS/Density Adaptive Attention is All You Need- Robust Parameter-Efficient Fine-Tuning Across Multiple Modalities/Density Adaptive Attention is All You Need- Robust Parameter-Efficient Fine-Tuning Across Multiple Modalities.md	166	In this study, the primary evaluation metric is Accuracy (Acc.), calculated as the percentage of correct predictions to total predictions. Additionally, the Importance Factor (IF) is introduced, calculated using Density Attention weights (DA) from the attention module. IF is $\frac{DA_{ij}-\min(DA)}{\max(DA)-\min(DA)}$ with IF $\in$ [0, 1], indicating the relative importance of features in the ...
BIBLIOTHEQUE/05_ML-FNDTNS/Density Adaptive Attention is All You Need- Robust Parameter-Efficient Fine-Tuning Across Multiple Modalities/Density Adaptive Attention is All You Need- Robust Parameter-Efficient Fine-Tuning Across Multiple Modalities.md	170	The motivation for this research arises from the broad range of downstream applications that could benefit from an improved attention mechanism, addressing the limitations inherent in the self-attention mechanism (or other dot-product attention mechanism variations) found in Transformer models, which rely on normalized dot-products. This presents an opportunity to explore more robust and explai...
BIBLIOTHEQUE/05_ML-FNDTNS/Density Adaptive Attention is All You Need- Robust Parameter-Efficient Fine-Tuning Across Multiple Modalities/Density Adaptive Attention is All You Need- Robust Parameter-Efficient Fine-Tuning Across Multiple Modalities.md	172	Despite their widespread adoption, self-attention mechanisms face several limitations that can impact their performance. One significant challenge is the fixed-length context window, which can lead to sub-optimal outcomes, particularly for long sequences where distant elements may lack relevance [29]. Additionally, without inductive biases like locality [30], self-attention layers may require m...
BIBLIOTHEQUE/05_ML-FNDTNS/Density Adaptive Attention is All You Need- Robust Parameter-Efficient Fine-Tuning Across Multiple Modalities/Density Adaptive Attention is All You Need- Robust Parameter-Efficient Fine-Tuning Across Multiple Modalities.md	174	In our work, we introduce a significant enhancement to the Transformer model's attention mechanism: the (Multi-Head) Density Adaptive Attention Mechanism (DAAM). DAAM is designed to improve upon the standard self-attention mechanism in Transformers. Unlike conventional attention in the Transformer, which calculates weights based on dot-product between different weight matrices, DAAM employs a G...
BIBLIOTHEQUE/05_ML-FNDTNS/Density Adaptive Attention is All You Need- Robust Parameter-Efficient Fine-Tuning Across Multiple Modalities/Density Adaptive Attention is All You Need- Robust Parameter-Efficient Fine-Tuning Across Multiple Modalities.md	178	Our proposed DAAM mechanism learns multiple means and variances of input features in a Multi-Headed setting. This mechanism operates independently across different heads, each focusing on distinct, non-overlapping subspaces of the input features. By employing Gaussian modulation, DAAM assigns varying levels of importance to each feature, effectively generating local attention outputs from each ...
BIBLIOTHEQUE/05_ML-FNDTNS/Density Adaptive Attention is All You Need- Robust Parameter-Efficient Fine-Tuning Across Multiple Modalities/Density Adaptive Attention is All You Need- Robust Parameter-Efficient Fine-Tuning Across Multiple Modalities.md	184	In Table 2, we compare DAAM-based methods with those utilizing Multi-Head Self-Attention with and without Batch Normalization (BN); LoRA-based methods (rank of 4 and 8). BN assumes independent and identical distribution across mini-batches [44] and is applied immediately after MHA to maintain the normalization order consistent with the original Transformer architecture. DAAM, due to its multi-h...
BIBLIOTHEQUE/05_ML-FNDTNS/Density Adaptive Attention is All You Need- Robust Parameter-Efficient Fine-Tuning Across Multiple Modalities/Density Adaptive Attention is All You Need- Robust Parameter-Efficient Fine-Tuning Across Multiple Modalities.md	188	To understand the contribution of encoder layers, we employ heatmap visualizations of the Importance Factor (IF) to reveal how features within the frozen pre-trained models drive decision-making. We analyze the IF heatmap of the best-performing multi-head attention mechanism across each data modality, as indicated in Tables 2. For instance, in the context of *Speech Processing with WavLM-Large ...
BIBLIOTHEQUE/05_ML-FNDTNS/Density Adaptive Attention is All You Need- Robust Parameter-Efficient Fine-Tuning Across Multiple Modalities/Density Adaptive Attention is All You Need- Robust Parameter-Efficient Fine-Tuning Across Multiple Modalities.md	269	attention weights primarily indicate the level of correlation between different parts of the input sequence [46]. Each element's weight reflects its relevance to every other element within the same sequence. However, this approach does not directly translate to the performance on downstream tasks. For instance, the authors in [25] derive normalized self-attention weights for SER on IEMOCAP usin...
BIBLIOTHEQUE/05_ML-FNDTNS/Density Adaptive Attention is All You Need- Robust Parameter-Efficient Fine-Tuning Across Multiple Modalities/Density Adaptive Attention is All You Need- Robust Parameter-Efficient Fine-Tuning Across Multiple Modalities.md	283	- [3] Y. Zhuang, J. Zhang, and M. Tu, "Long-range sequence modeling with predictable sparse attention," in *Proceedings of the 60th Annual Meeting of the Association for Computational Linguistics (Volume 1: Long Papers)*, 2022, pp. 271–281.
BIBLIOTHEQUE/05_ML-FNDTNS/Density Adaptive Attention is All You Need- Robust Parameter-Efficient Fine-Tuning Across Multiple Modalities/Density Adaptive Attention is All You Need- Robust Parameter-Efficient Fine-Tuning Across Multiple Modalities.md	311	- [30] B. L. Edelman, S. Goel, S. Kakade, and C. Zhang, "Inductive biases and variable creation in self-attention mechanisms," *International Conference on Machine Learning (ICML)*, 2022. [Online]. Available: https://arxiv.org/abs/2110.10090
BIBLIOTHEQUE/05_ML-FNDTNS/Density Adaptive Attention is All You Need- Robust Parameter-Efficient Fine-Tuning Across Multiple Modalities/Density Adaptive Attention is All You Need- Robust Parameter-Efficient Fine-Tuning Across Multiple Modalities.md	312	- [31] M. Hahn, "Theoretical Limitations of Self-Attention in Neural Sequence Models," *Transactions of the Association for Computational Linguistics*, vol. 8, pp. 156–171, 2020. [Online]. Available: https://doi.org/10.1162/tacl\_a\_00306
BIBLIOTHEQUE/05_ML-FNDTNS/Density Adaptive Attention is All You Need- Robust Parameter-Efficient Fine-Tuning Across Multiple Modalities/Density Adaptive Attention is All You Need- Robust Parameter-Efficient Fine-Tuning Across Multiple Modalities.md	313	- [32] M. Bhan, N. Achache, V. Legrand, A. Blangero, and N. Chesneau, "Evaluating self-attention interpretability through human-grounded experimental protocol," in *Explainable Artificial Intelligence*, L. Longo, Ed. Cham: Springer Nature Switzerland, 2023, pp. 26–46.
BIBLIOTHEQUE/05_ML-FNDTNS/Density Adaptive Attention is All You Need- Robust Parameter-Efficient Fine-Tuning Across Multiple Modalities/Density Adaptive Attention is All You Need- Robust Parameter-Efficient Fine-Tuning Across Multiple Modalities.md	322	- [40] J. Kim, M. El-Khamy, and J. Lee, "T-gsa: Transformer with gaussian-weighted self-attention for speech enhancement," in *ICASSP 2020 2020 IEEE International Conference on Acoustics, Speech and Signal Processing (ICASSP)*, 2020, pp. 6649–6653.
BIBLIOTHEQUE/05_ML-FNDTNS/Density Adaptive Attention is All You Need- Robust Parameter-Efficient Fine-Tuning Across Multiple Modalities/Density Adaptive Attention is All You Need- Robust Parameter-Efficient Fine-Tuning Across Multiple Modalities.md	339	This section presents an extension of the Multi-Head Density Adaptive Attention Mechanism (DAAM), focusing on enhancing the stability of the training process and the model's efficiency by **significantly** reducing the number of learnable parameters even further. The proposed method integrates multi-head attention mechanisms with Gaussian mixtures and skip connections to provide a more refined ...
BIBLIOTHEQUE/05_ML-FNDTNS/Efficient Large-Scale Language Model Training on GPU Clusters Using Megatron-LM/Efficient Large-Scale Language Model Training on GPU Clusters Using Megatron-LM.md	108	A transformer layer consists of a self-attention block followed by a two-layer multi-layer perceptron (MLP). Further details of the transformer layer can be found in Vaswani et al [42].
BIBLIOTHEQUE/05_ML-FNDTNS/Efficient Large-Scale Language Model Training on GPU Clusters Using Megatron-LM/Efficient Large-Scale Language Model Training on GPU Clusters Using Megatron-LM.md	127	We exploit the inherent parallelism in the multi-head attention operation to partition the self-attention block (shown in Figure 5b). The key (K), query (Q), and value (V) matrices can be partitioned in a column-parallel fashion. The output linear layer can then directly operate on the partitioned output of the attention operation (weight matrix partitioned across rows).
BIBLIOTHEQUE/05_ML-FNDTNS/Efficient Large-Scale Language Model Training on GPU Clusters Using Megatron-LM/Efficient Large-Scale Language Model Training on GPU Clusters Using Megatron-LM.md	129	This approach splits GEMMs in the MLP and self-attention blocks across GPUs while requiring only two all-reduce operations in the forward pass (g operator) and two all-reduces in the backward pass (f operator). We implemented f and g in a few lines of code.
BIBLIOTHEQUE/05_ML-FNDTNS/Exploring the Limits of Transfer Learning with a Unified Text-to-Text Transformer (T5)/Exploring the Limits of Transfer Learning with a Unified Text-to-Text Transformer (T5).md	53	The primary building block of the Transformer is self-attention (Cheng et al., 2016). Self-attention is a variant of attention (Graves, 2013; Bahdanau et al., 2015) that processes a sequence by replacing each element by a weighted average of the rest of the sequence. The original Transformer consisted of an encoder-decoder architecture and was intended for sequence-to-sequence (Sutskever et al....
BIBLIOTHEQUE/05_ML-FNDTNS/Exploring the Limits of Transfer Learning with a Unified Text-to-Text Transformer (T5)/Exploring the Limits of Transfer Learning with a Unified Text-to-Text Transformer (T5).md	55	Overall, our encoder-decoder Transformer implementation closely follows its originally-proposed form (Vaswani et al., 2017). First, an input sequence of tokens is mapped to a sequence of embeddings, which is then passed into the encoder. The encoder consists of a stack of "blocks", each of which comprises two subcomponents: a self-attention layer followed by a small feed-forward network. Layer ...
BIBLIOTHEQUE/05_ML-FNDTNS/Exploring the Limits of Transfer Learning with a Unified Text-to-Text Transformer (T5)/Exploring the Limits of Transfer Learning with a Unified Text-to-Text Transformer (T5).md	61	mechanism after each self-attention layer that attends to the output of the encoder. The self-attention mechanism in the decoder also uses a form of autoregressive or causal self-attention, which only allows the model to attend to past outputs. The output of the final decoder block is fed into a dense layer with a softmax output, whose weights are shared with the input embedding matrix. All att...
BIBLIOTHEQUE/05_ML-FNDTNS/Exploring the Limits of Transfer Learning with a Unified Text-to-Text Transformer (T5)/Exploring the Limits of Transfer Learning with a Unified Text-to-Text Transformer (T5).md	63	Since self-attention is order-independent (i.e. it is an operation on sets), it is common to provide an explicit position signal to the Transformer. While the original Transformer used a sinusoidal position signal or learned position embeddings, it has recently become more common to use relative position embeddings (Shaw et al., 2018; Huang et al., 2018a). Instead of using a fixed embedding for...
BIBLIOTHEQUE/05_ML-FNDTNS/Exploring the Limits of Transfer Learning with a Unified Text-to-Text Transformer (T5)/Exploring the Limits of Transfer Learning with a Unified Text-to-Text Transformer (T5).md	158	Our baseline model is designed so that the encoder and decoder are each similar in size and configuration to a "BERT<sub>BASE</sub>" (Devlin et al., 2018) stack. Specifically, both the encoder and decoder consist of 12 blocks (each block comprising self-attention, optional encoder-decoder attention, and a feed-forward network). The feed-forward networks in each block consist of a dense layer wi...
BIBLIOTHEQUE/05_ML-FNDTNS/Exploring the Limits of Transfer Learning with a Unified Text-to-Text Transformer (T5)/Exploring the Limits of Transfer Learning with a Unified Text-to-Text Transformer (T5).md	216	A major distinguishing factor for different architectures is the "mask" used by different attention mechanisms in the model. Recall that the self-attention operation in a Transformer takes a sequence as input and outputs a new sequence of the same length. Each entry of the output sequence is produced by computing a weighted average of entries of the input sequence. Specifically, let $y_i$ refer...
BIBLIOTHEQUE/05_ML-FNDTNS/Exploring the Limits of Transfer Learning with a Unified Text-to-Text Transformer (T5)/Exploring the Limits of Transfer Learning with a Unified Text-to-Text Transformer (T5).md	220	The encoder uses a "fully-visible" attention mask. Fully-visible masking allows a self-attention mechanism to attend to any entry of the input when producing each entry of its output. We visualize this masking pattern in Figure 3, left. This form of masking is appropriate when attending over a "prefix", i.e. some context provided to the model that is later used when making predictions. BERT (De...
BIBLIOTHEQUE/05_ML-FNDTNS/Exploring the Limits of Transfer Learning with a Unified Text-to-Text Transformer (T5)/Exploring the Limits of Transfer Learning with a Unified Text-to-Text Transformer (T5).md	224	Figure 3: Matrices representing different attention mask patterns. The input and output of the self-attention mechanism are denoted x and y respectively. A dark cell at row i and column j indicates that the self-attention mechanism is allowed to attend to input element j at output timestep i. A light cell indicates that the self-attention mechanism is not allowed to attend to the corresponding ...
BIBLIOTHEQUE/05_ML-FNDTNS/Exploring the Limits of Transfer Learning with a Unified Text-to-Text Transformer (T5)/Exploring the Limits of Transfer Learning with a Unified Text-to-Text Transformer (T5).md	228	The self-attention operations in the Transformer's decoder use a "causal" masking pattern. When producing the ith entry of the output sequence, causal masking prevents the model from attending to the jth entry of the input sequence for j > i. This is used during training so that the model can't "see into the future" as it produces its output. An attention matrix for this masking pattern is show...
BIBLIOTHEQUE/05_ML-FNDTNS/Exploring the Limits of Transfer Learning with a Unified Text-to-Text Transformer (T5)/Exploring the Limits of Transfer Learning with a Unified Text-to-Text Transformer (T5).md	256	- A decoder-only prefix LM with the same architecture (and thus the same number of parameters and computational cost), but with fully-visible self-attention over the input.
BIBLIOTHEQUE/05_ML-FNDTNS/Exploring the Limits of Transfer Learning with a Unified Text-to-Text Transformer (T5)/Exploring the Limits of Transfer Learning with a Unified Text-to-Text Transformer (T5).md	325	First, we consider a simple variant of the BERT-style objective where we don't include the random token swapping step. The resulting objective simply replaces 15% of the tokens in the input with a mask token and the model is trained to reconstruct the original uncorrupted sequence. A similar masking objective was used by Song et al. (2019) where it was referred to as "MASS", so we call this var...
BIBLIOTHEQUE/05_ML-FNDTNS/Exploring the Limits of Transfer Learning with a Unified Text-to-Text Transformer (T5)/Exploring the Limits of Transfer Learning with a Unified Text-to-Text Transformer (T5).md	1064	- Rami Al-Rfou, Dokook Choe, Noah Constant, Mandy Guo, and Llion Jones. Character-level language modeling with deeper self-attention. In *Proceedings of the AAAI Conference on Artificial Intelligence*, 2019.
BIBLIOTHEQUE/05_ML-FNDTNS/Exploring the Limits of Transfer Learning with a Unified Text-to-Text Transformer (T5)/Exploring the Limits of Transfer Learning with a Unified Text-to-Text Transformer (T5).md	1068	- Alexei Baevski, Sergey Edunov, Yinhan Liu, Luke Zettlemoyer, and Michael Auli. Clozedriven pretraining of self-attention networks. arXiv preprint arXiv:1903.07785, 2019.
BIBLIOTHEQUE/05_ML-FNDTNS/Exploring the Limits of Transfer Learning with a Unified Text-to-Text Transformer (T5)/Exploring the Limits of Transfer Learning with a Unified Text-to-Text Transformer (T5).md	1173	- Peter Shaw, Jakob Uszkoreit, and Ashish Vaswani. Self-attention with relative position representations. arXiv preprint arXiv:1803.02155, 2018.
BIBLIOTHEQUE/05_ML-FNDTNS/Exploring the Limits of Transfer Learning with a Unified Text-to-Text Transformer (T5)/Exploring the Limits of Transfer Learning with a Unified Text-to-Text Transformer (T5).md	1201	- Adams Wei Yu, David Dohan, Minh-Thang Luong, Rui Zhao, Kai Chen, Mohammad Norouzi, and Quoc V. Le. QAnet: Combining local convolution with global self-attention for reading comprehension. arXiv preprint arXiv:1804.09541, 2018.
BIBLIOTHEQUE/05_ML-FNDTNS/FlashAttention-2- Faster Attention with Better Parallelism and Work Partitioning/FlashAttention-2- Faster Attention with Better Parallelism and Work Partitioning.md	1	# FLASHATTENTION-2:
BIBLIOTHEQUE/05_ML-FNDTNS/FlashAttention-2- Faster Attention with Better Parallelism and Work Partitioning/FlashAttention-2- Faster Attention with Better Parallelism and Work Partitioning.md	13	Scaling Transformers to longer sequence lengths has been a major problem in the last several years, promising to improve performance in language modeling and high-resolution image understanding, as well as to unlock new applications in code, audio, and video generation. The attention layer is the main bottleneck in scaling to longer sequences, as its runtime and memory increase quadratically in...
BIBLIOTHEQUE/05_ML-FNDTNS/FlashAttention-2- Faster Attention with Better Parallelism and Work Partitioning/FlashAttention-2- Faster Attention with Better Parallelism and Work Partitioning.md	21	<sup>&</sup>lt;sup>1</sup>FLASHATTENTION-2 is available at https://github.com/Dao-AILab/flash-attention
BIBLIOTHEQUE/05_ML-FNDTNS/FlashAttention-2- Faster Attention with Better Parallelism and Work Partitioning/FlashAttention-2- Faster Attention with Better Parallelism and Work Partitioning.md	23	with no approximation, and as a result FlashAttention has seen wide adoption in large-scale training and inference of Transformers.
BIBLIOTHEQUE/05_ML-FNDTNS/FlashAttention-2- Faster Attention with Better Parallelism and Work Partitioning/FlashAttention-2- Faster Attention with Better Parallelism and Work Partitioning.md	25	However, context length increases even more, FlashAttention is still not nearly as efficient as other primitives such as matrix-multiply (GEMM). In particular, while FlashAttention is already 2-4× faster than a standard attention implementation, the forward pass only reaches 30-50% of the theoretical maximum FLOPs/s of the device (Fig. 5), while the backward pass is even more challenging, reach...
BIBLIOTHEQUE/05_ML-FNDTNS/FlashAttention-2- Faster Attention with Better Parallelism and Work Partitioning/FlashAttention-2- Faster Attention with Better Parallelism and Work Partitioning.md	27	Building on FlashAttention, we propose FlashAttention-2 with better parallelism and work partitioning to address these challenges.
BIBLIOTHEQUE/05_ML-FNDTNS/FlashAttention-2- Faster Attention with Better Parallelism and Work Partitioning/FlashAttention-2- Faster Attention with Better Parallelism and Work Partitioning.md	33	In Section 4, we empirically validate that FlashAttention-2 yields significant speedup compared to even FlashAttention. Benchmarks on different settings (with or without causal mask, different head dimensions) show that FlashAttention-2 achieves around 2× speedup over FlashAttention, reaching up to 73% of the theoretical max throughput in the forward pass, and up to 63% of the theoretical max t...
BIBLIOTHEQUE/05_ML-FNDTNS/FlashAttention-2- Faster Attention with Better Parallelism and Work Partitioning/FlashAttention-2- Faster Attention with Better Parallelism and Work Partitioning.md	37	We provide some background on the performance characteristics and execution model of GPUs. We also describe the standard implementation of attention, as well as FlashAttention.
BIBLIOTHEQUE/05_ML-FNDTNS/FlashAttention-2- Faster Attention with Better Parallelism and Work Partitioning/FlashAttention-2- Faster Attention with Better Parallelism and Work Partitioning.md	51	where softmax is applied row-wise.<sup>2</sup> For multi-head attention (MHA), this same computation is performed in parallel across many heads, and parallel over the batch dimension (number of input sequences in a batch).
BIBLIOTHEQUE/05_ML-FNDTNS/FlashAttention-2- Faster Attention with Better Parallelism and Work Partitioning/FlashAttention-2- Faster Attention with Better Parallelism and Work Partitioning.md	61	#### 2.3 FLASHATTENTION
BIBLIOTHEQUE/05_ML-FNDTNS/FlashAttention-2- Faster Attention with Better Parallelism and Work Partitioning/FlashAttention-2- Faster Attention with Better Parallelism and Work Partitioning.md	67	FLASHATTENTION applies the classical technique of tiling to reduce memory IOs, by (1) loading blocks of inputs from HBM to SRAM, (2) computing attention with respect to that block, and then (3) updating the output without writing the large intermediate matrices S and P to HBM. As the softmax couples entire rows or blocks of row, online softmax [11, 13] can split the attention computation into b...
BIBLIOTHEQUE/05_ML-FNDTNS/FlashAttention-2- Faster Attention with Better Parallelism and Work Partitioning/FlashAttention-2- Faster Attention with Better Parallelism and Work Partitioning.md	81	We show how FlashAttention uses online softmax to enable tiling (Fig. 1) to reduce memory reads/writes.
BIBLIOTHEQUE/05_ML-FNDTNS/FlashAttention-2- Faster Attention with Better Parallelism and Work Partitioning/FlashAttention-2- Faster Attention with Better Parallelism and Work Partitioning.md	85	Figure 1: Diagram of how FlashAttention forward pass is performed, when the key K is partitioned into two blocks and the value V is also partitioned into two blocks. By computing attention with respect to each block and rescaling the output, we get the right answer at the end, while avoiding expensive memory reads/writes of the intermediate matrices S and P. We simplify the diagram, omitting th...
BIBLIOTHEQUE/05_ML-FNDTNS/FlashAttention-2- Faster Attention with Better Parallelism and Work Partitioning/FlashAttention-2- Faster Attention with Better Parallelism and Work Partitioning.md	89	In the backward pass, by re-computing the values of the attention matrices S and P once blocks of inputs Q, K, V are already loaded to SRAM, FLASHATTENTION avoids having to store large intermediate values. By not having to save the large matrices S and P of size $N \times N$ , FLASHATTENTION yields $10\text{-}20\times$ memory saving depending on sequence length (memory required in linear in seq...
BIBLIOTHEQUE/05_ML-FNDTNS/FlashAttention-2- Faster Attention with Better Parallelism and Work Partitioning/FlashAttention-2- Faster Attention with Better Parallelism and Work Partitioning.md	93	# 3 FLASHATTENTION-2: Algorithm, Parallelism, and Work Partitioning
BIBLIOTHEQUE/05_ML-FNDTNS/FlashAttention-2- Faster Attention with Better Parallelism and Work Partitioning/FlashAttention-2- Faster Attention with Better Parallelism and Work Partitioning.md	95	We describe the FlashAttention-2 algorithm, which includes several tweaks to FlashAttention to reduce the number of non-matmul FLOPs. We then describe how to parallelize the computation on different thread blocks to make full use the GPU resources. Finally we describe we partition the work between different warps within one thread block to reduce the amount of shared memory access. These improv...
BIBLIOTHEQUE/05_ML-FNDTNS/FlashAttention-2- Faster Attention with Better Parallelism and Work Partitioning/FlashAttention-2- Faster Attention with Better Parallelism and Work Partitioning.md	99	We tweak the algorithm from FLASHATTENTION to reduce the number of non-matmul FLOPs. This is because modern GPUs have specialized compute units (e.g., Tensor Cores on Nvidia GPUs) that makes matmul much faster. As an example, the A100 GPU has a max theoretical throughput of 312 TFLOPs/s of FP16/BF16 matmul, but only 19.5 TFLOPs/s of non-matmul FP32. Another way to think about this is that each ...
BIBLIOTHEQUE/05_ML-FNDTNS/FlashAttention-2- Faster Attention with Better Parallelism and Work Partitioning/FlashAttention-2- Faster Attention with Better Parallelism and Work Partitioning.md	119	We describe the full FlashAttention-2 forward pass in Algorithm 1.
BIBLIOTHEQUE/05_ML-FNDTNS/FlashAttention-2- Faster Attention with Better Parallelism and Work Partitioning/FlashAttention-2- Faster Attention with Better Parallelism and Work Partitioning.md	121	## **Algorithm 1** FlashAttention-2 forward pass
BIBLIOTHEQUE/05_ML-FNDTNS/FlashAttention-2- Faster Attention with Better Parallelism and Work Partitioning/FlashAttention-2- Faster Attention with Better Parallelism and Work Partitioning.md	147	- 1. As FlashAttention and FlashAttention-2 already operate by blocks, for any blocks where all the column indices are more than the row indices (approximately half of the blocks for large sequence length), we can skip the computation of that block. This leads to around 1.7-1.8× speedup compared to attention without the causal mask.
BIBLIOTHEQUE/05_ML-FNDTNS/FlashAttention-2- Faster Attention with Better Parallelism and Work Partitioning/FlashAttention-2- Faster Attention with Better Parallelism and Work Partitioning.md	150	Correctness, runtime, and memory requirement. As with FlashAttention, Algorithm 1 returns the correct output $\mathbf{O} = \operatorname{softmax}(\mathbf{Q}\mathbf{K}^{\mathsf{T}})\mathbf{V}$ (with no approximation), using $O(N^2d)$ FLOPs and requires O(N) additional memory beyond inputs and output (to store the logsumexp L). The proof is almost the same as the proof of Dao et al. [5, Theorem 1...
BIBLIOTHEQUE/05_ML-FNDTNS/FlashAttention-2- Faster Attention with Better Parallelism and Work Partitioning/FlashAttention-2- Faster Attention with Better Parallelism and Work Partitioning.md	154	The backward pass of FLASHATTENTION-2 is almost the same as that of FLASHATTENTION. We make a minor tweak to only use the row-wise logsum exp L instead of both the row-wise max and row-wise sum of exponentials in the softmax. We include the backward pass description in Algorithm 2 for completeness.
BIBLIOTHEQUE/05_ML-FNDTNS/FlashAttention-2- Faster Attention with Better Parallelism and Work Partitioning/FlashAttention-2- Faster Attention with Better Parallelism and Work Partitioning.md	157	Algorithm 2 FlashAttention-2 Backward Pass
BIBLIOTHEQUE/05_ML-FNDTNS/FlashAttention-2- Faster Attention with Better Parallelism and Work Partitioning/FlashAttention-2- Faster Attention with Better Parallelism and Work Partitioning.md	204	The first version of FLASHATTENTION parallelizes over batch size and number of heads. We use 1 thread block to process one attention head, and there are overall batch size · number of heads thread blocks. Each thread block is scheduled to run on a streaming multiprocessor (SM), and there are 108 of these SMs on
BIBLIOTHEQUE/05_ML-FNDTNS/FlashAttention-2- Faster Attention with Better Parallelism and Work Partitioning/FlashAttention-2- Faster Attention with Better Parallelism and Work Partitioning.md	210	Forward pass. We see that the outer loop (over sequence length) is embarrassingly parallel, and we schedule them on different thread blocks that do not need to communicate with each other. We also parallelize over the batch dimension and number of heads dimension, as done in FlashAttention. The increased parallelism over sequence length helps improve occupancy (fraction of GPU resources being u...
BIBLIOTHEQUE/05_ML-FNDTNS/FlashAttention-2- Faster Attention with Better Parallelism and Work Partitioning/FlashAttention-2- Faster Attention with Better Parallelism and Work Partitioning.md	212	These ideas of swapping the order of the loop (outer loop over row blocks and inner loop over column blocks, instead of the other way round in the original FLASHATTENTION paper), as well as parallelizing over the sequence length dimension were first suggested and implemented by Phil Tillet in the Triton [17] implementation.<sup>3</sup>
BIBLIOTHEQUE/05_ML-FNDTNS/FlashAttention-2- Faster Attention with Better Parallelism and Work Partitioning/FlashAttention-2- Faster Attention with Better Parallelism and Work Partitioning.md	228	Forward pass. For each block, FlashAttention splits K and V across 4 warps while keeping Q accessible by all warps. Each warp multiplies to get a slice of $QK^{\top}$ , then they need to multiply with a slice of V and communicate to add up the result. This is referred to as the "split-K" scheme. However, this is inefficient since all warps need to write their intermediate results out to shared ...
BIBLIOTHEQUE/05_ML-FNDTNS/FlashAttention-2- Faster Attention with Better Parallelism and Work Partitioning/FlashAttention-2- Faster Attention with Better Parallelism and Work Partitioning.md	230	In FlashAttention-2, we instead split $\mathbf{Q}$ across 4 warps while keeping $\mathbf{K}$ and $\mathbf{V}$ accessible by all warps. After each warp performs matrix multiply to get a slice of $\mathbf{Q}\mathbf{K}^{\mathsf{T}}$ , they just need to multiply with their shared slice of $\mathbf{V}$ to get their corresponding slice of the output. There is no need for communication between warps. ...
BIBLIOTHEQUE/05_ML-FNDTNS/FlashAttention-2- Faster Attention with Better Parallelism and Work Partitioning/FlashAttention-2- Faster Attention with Better Parallelism and Work Partitioning.md	244	We evaluate the impact of using FlashAttention-2 to train Transformer models.
BIBLIOTHEQUE/05_ML-FNDTNS/FlashAttention-2- Faster Attention with Better Parallelism and Work Partitioning/FlashAttention-2- Faster Attention with Better Parallelism and Work Partitioning.md	246	• Benchmarking attention. We measure the runtime of FlashAttention-2 across different sequence lengths and compare it to a standard implementation in PyTorch, FlashAttention, and FlashAttention in Triton. We confirm that FlashAttention-2 is 1.7-3.0× faster than FlashAttention, 1.3-2.5× faster than FlashAttention in Triton, and 3-10× faster than a standard attention implementation.
BIBLIOTHEQUE/05_ML-FNDTNS/FlashAttention-2- Faster Attention with Better Parallelism and Work Partitioning/FlashAttention-2- Faster Attention with Better Parallelism and Work Partitioning.md	248	FLASHATTENTION-2 reaches up to 230 TFLOPs/s, 73% of the theoretical maximum TFLOPs/s on A100 GPUs.
BIBLIOTHEQUE/05_ML-FNDTNS/FlashAttention-2- Faster Attention with Better Parallelism and Work Partitioning/FlashAttention-2- Faster Attention with Better Parallelism and Work Partitioning.md	250	• End-to-end training speed When used end-to-end to train GPT-style models of size 1.3B and 2.7B on sequence lengths either 2k or 8k, FlashAttention-2 yields up to 1.3× speedup compared to FlashAttention and 2.8× speedup compared to a baseline without FlashAttention. FlashAttention-2 reaches up to 225 TFLOPs/s (72% model FLOPs utilization) per A100 GPU.
BIBLIOTHEQUE/05_ML-FNDTNS/FlashAttention-2- Faster Attention with Better Parallelism and Work Partitioning/FlashAttention-2- Faster Attention with Better Parallelism and Work Partitioning.md	254	We measure the runtime of different attention methods on an A100 80GB SXM4 GPU for different settings (without / with causal mask, head dimension 64 or 128). We report the results in Fig. 4, Fig. 5 and Fig. 6, showing that FlashAttention-2 is around 2× faster than FlashAttention and FlashAttention in xformers (the "cutlass" implementation). FlashAttention-2 is around 1.3-1.5× faster than FlashA...
BIBLIOTHEQUE/05_ML-FNDTNS/FlashAttention-2- Faster Attention with Better Parallelism and Work Partitioning/FlashAttention-2- Faster Attention with Better Parallelism and Work Partitioning.md	274	We measure the training throughput of GPT-style models with either 1.3B or 2.7B parameters, on 8×A100 80GB SXM4. As shown in Table 1, FlashAttention-2 yields 2.8× speedup compared to a baseline without FlashAttention and 1.3× speedup compared to FlashAttention, reaching up to 225 TFLOPs/s per A100 GPU.
BIBLIOTHEQUE/05_ML-FNDTNS/FlashAttention-2- Faster Attention with Better Parallelism and Work Partitioning/FlashAttention-2- Faster Attention with Better Parallelism and Work Partitioning.md	284	FLASHATTENTION-2 is 2× faster than FLASHATTENTION, which means that we can train models with 16k longer context for the same price as previously training a 8k context model, for the same number of tokens.
BIBLIOTHEQUE/05_ML-FNDTNS/FlashAttention-2- Faster Attention with Better Parallelism and Work Partitioning/FlashAttention-2- Faster Attention with Better Parallelism and Work Partitioning.md	290	Table 1: Training speed (TFLOPs/s/GPU) of GPT-style models on 8×A100 GPUs. FlashAttention-2 reaches up to 225 TFLOPs/s (72% model FLOPs utilization). We compare against a baseline running without FlashAttention.
BIBLIOTHEQUE/05_ML-FNDTNS/FlashAttention-2- Faster Attention with Better Parallelism and Work Partitioning/FlashAttention-2- Faster Attention with Better Parallelism and Work Partitioning.md	292	| $\operatorname{Model}$ | Without FlashAttention | FLASHATTENTION | FLASHATTENTION-2 |
BIBLIOTHEQUE/05_ML-FNDTNS/FlashAttention-2- Faster Attention with Better Parallelism and Work Partitioning/FlashAttention-2- Faster Attention with Better Parallelism and Work Partitioning.md	299	We are excited about how this can be used to understand long books and reports, high resolution images, audio and video. FlashAttention-2 will also speed up training, finetuning, and inference of existing models.
BIBLIOTHEQUE/05_ML-FNDTNS/FlashAttention-2- Faster Attention with Better Parallelism and Work Partitioning/FlashAttention-2- Faster Attention with Better Parallelism and Work Partitioning.md	301	In the near future, we plan to collaborate with researchers and engineers to make FlashAttention widely applicable in different kinds of devices (e.g., H100 GPUs, AMD GPUs), as well as new data types such as FP8. As an immediate next step, we plan to optimize FlashAttention-2 for H100 GPUs to use new hardware features (TMA, 4th-gen Tensor Cores, fp8). Combining the low-level optimizations in Fl...
BIBLIOTHEQUE/05_ML-FNDTNS/FlashAttention-2- Faster Attention with Better Parallelism and Work Partitioning/FlashAttention-2- Faster Attention with Better Parallelism and Work Partitioning.md	309	We thank Phil Tillet and Daniel Haziza, who have implemented versions of FlashAttention in Triton [17] and the xformers library [10]. FlashAttention-2 was motivated by exchange of ideas between different ways that attention could be implemented. We are grateful to the Nvidia CUTLASS team (especially Vijay Thakkar, Cris Cecka, Haicheng Wu, and Andrew Kerr) for their CUTLASS library, in particula...
BIBLIOTHEQUE/05_ML-FNDTNS/FlashAttention-2- Faster Attention with Better Parallelism and Work Partitioning/FlashAttention-2- Faster Attention with Better Parallelism and Work Partitioning.md	318	- [5] Tri Dao, Daniel Y. Fu, Stefano Ermon, Atri Rudra, and Christopher Ré. FlashAttention: Fast and memory-efficient exact attention with IO-awareness. In *Advances in Neural Information Processing Systems*, 2022.
BIBLIOTHEQUE/05_ML-FNDTNS/FlashAttention-2- Faster Attention with Better Parallelism and Work Partitioning/FlashAttention-2- Faster Attention with Better Parallelism and Work Partitioning.md	326	- [13] Markus N Rabe and Charles Staats. Self-attention does not need $O(n^2)$ memory. $arXiv\ preprint$ $arXiv:2112.05682,\ 2021.$
BIBLIOTHEQUE/05_ML-FNDTNS/FlashAttention-2- Faster Attention with Better Parallelism and Work Partitioning/FlashAttention-2- Faster Attention with Better Parallelism and Work Partitioning.md	327	- [14] Aurko Roy, Mohammad Saffar, Ashish Vaswani, and David Grangier. Efficient content-based sparse attention with routing transformers. Transactions of the Association for Computational Linguistics, 9: 53–68, 2021.
BIBLIOTHEQUE/05_ML-FNDTNS/FlashAttention-2- Faster Attention with Better Parallelism and Work Partitioning/FlashAttention-2- Faster Attention with Better Parallelism and Work Partitioning.md	332	- [19] Sinong Wang, Belinda Z Li, Madian Khabsa, Han Fang, and Hao Ma. Linformer: Self-attention with linear complexity. arXiv preprint arXiv:2006.04768, 2020.
BIBLIOTHEQUE/05_ML-FNDTNS/Fourier Features Let Networks Learn High Frequency Functions in Low Dimensional Domains/Fourier Features Let Networks Learn High Frequency Functions in Low Dimensional Domains.md	244	- [42] Da Xu, Chuanwei Ruan, Evren Korpeoglu, Sushant Kumar, and Kannan Achan. Self-attention with functional time representation learning. *NeurIPS*, 2019.
BIBLIOTHEQUE/05_ML-FNDTNS/Generating Long Sequences with Sparse Transformers/Generating Long Sequences with Sparse Transformers.md	7	Transformers are powerful sequence models, but require time and memory that grows quadratically with the sequence length. In this paper we introduce sparse factorizations of the attention matrix which reduce this to $O(n\sqrt{n})$ . We also introduce a) a variation on architecture and initialization to train deeper networks, b) the recomputation of attention matrices to save memory, and c) fast...
BIBLIOTHEQUE/05_ML-FNDTNS/Generating Long Sequences with Sparse Transformers/Generating Long Sequences with Sparse Transformers.md	21	Figure 1. Unconditional samples from our neural autoregressive model on ImageNet 64 and a classical music dataset. We used the same self-attention based architecture for audio, images, and text. The samples above were generated with softmax temperature 1.0, and had lengths 12,288 and 65,536. Audio samples be listened to at https://openai.com/blog/sparse-transformer
BIBLIOTHEQUE/05_ML-FNDTNS/Generating Long Sequences with Sparse Transformers/Generating Long Sequences with Sparse Transformers.md	25	Separately, the Transformer (Vaswani et al., 2017) has been shown to excel on many natural language tasks, which may be in part due to its ability to model arbitrary dependencies in a constant number of layers. As each self-attention layer has a global receptive field, the network can allocate representational capacity to the input regions for which it is
BIBLIOTHEQUE/05_ML-FNDTNS/Generating Long Sequences with Sparse Transformers/Generating Long Sequences with Sparse Transformers.md	31	The main contribution of this work is to introduce several sparse factorizations of the attention matrix, which scale as $O(n\sqrt[p]{n})$ with the sequence length without sacrificing performance. These work by separating the full attention computation into several faster attention operations which, when combined, can approximate the dense attention operation. We use this to apply self-attentio...
BIBLIOTHEQUE/05_ML-FNDTNS/Generating Long Sequences with Sparse Transformers/Generating Long Sequences with Sparse Transformers.md	36	- A set of sparse attention kernels which efficiently compute subsets of the attention matrix
BIBLIOTHEQUE/05_ML-FNDTNS/Generating Long Sequences with Sparse Transformers/Generating Long Sequences with Sparse Transformers.md	43	The most related work involves other techniques for scaling up autoregressive generative models. For images, (Reed et al., 2017) models conditional independence between the pixels in order to generate many locations in parallel, and (Menick & Kalchbrenner, 2018) imposes an ordering and multi-scale upsampling procedure to generate high fidelity samples. (Parmar et al., 2018) uses blocks of local...
BIBLIOTHEQUE/05_ML-FNDTNS/Generating Long Sequences with Sparse Transformers/Generating Long Sequences with Sparse Transformers.md	47	It is worth noting that the Gated Pixel CNN (Oord et al., 2016) and WaveNet (Van Den Oord et al., 2016) use multiplicative interactions in their networks, which are related to self-attention.
BIBLIOTHEQUE/05_ML-FNDTNS/Generating Long Sequences with Sparse Transformers/Generating Long Sequences with Sparse Transformers.md	58	A simple and powerful choice for model $\theta$ is a Transformer (Vaswani et al., 2017) in decoder-only mode, as demonstrated by (Radford et al., 2018) and (Liu et al., 2018). These models transform the input sequence with blocks of multihead self-attention over the entire sequence, followed by dense transformations over each sequence element. The self-attention portion of the network must comp...
BIBLIOTHEQUE/05_ML-FNDTNS/Generating Long Sequences with Sparse Transformers/Generating Long Sequences with Sparse Transformers.md	62	#### 4. Factorized Self-Attention
BIBLIOTHEQUE/05_ML-FNDTNS/Generating Long Sequences with Sparse Transformers/Generating Long Sequences with Sparse Transformers.md	64	Sparse Transformers separate the full self-attention operation across several steps of attention, as visualized in Figure 3(b) and 3(c). To motivate our approach, we first perform a qualitative assessment of attention patterns learned by a standard Transformer on an image dataset.
BIBLIOTHEQUE/05_ML-FNDTNS/Generating Long Sequences with Sparse Transformers/Generating Long Sequences with Sparse Transformers.md	76	We visualized the attention patterns learned by a 128-layer self-attention network on CIFAR-10, and present several examples in Figure 2. Visual inspection showed that most layers had sparse attention patterns across most data points, suggesting that some form of sparsity could be introduced without significantly affecting performance. Several layers (Figure 2c) clearly exhibited global pattern...
BIBLIOTHEQUE/05_ML-FNDTNS/Generating Long Sequences with Sparse Transformers/Generating Long Sequences with Sparse Transformers.md	78	In this paper, we restricted our investigation to a class of sparse attention patterns that have connectivity between all positions over several steps of attention. These methods can be more efficient than full attention while still providing global context to any given position. We aimed to empirically validate the performance of these factorized patterns on a range of tasks, given that they a...
BIBLIOTHEQUE/05_ML-FNDTNS/Generating Long Sequences with Sparse Transformers/Generating Long Sequences with Sparse Transformers.md	80	#### 4.2. Factorized self-attention
BIBLIOTHEQUE/05_ML-FNDTNS/Generating Long Sequences with Sparse Transformers/Generating Long Sequences with Sparse Transformers.md	82	A self-attention layer maps a matrix of input embeddings X to an output matrix and is parameterized by a connectivity pattern $S = \{S_1, ..., S_n\}$ , where $S_i$ denotes the set of indices of the input vectors to which the ith output vector attends. The output vector is a weighted sum of transformations of the input vectors:
BIBLIOTHEQUE/05_ML-FNDTNS/Generating Long Sequences with Sparse Transformers/Generating Long Sequences with Sparse Transformers.md	95	Full self-attention for autoregressive models defines $S_i = \{j: j \leq i\}$ , allowing every element to attend to all previous positions and its own position.
BIBLIOTHEQUE/05_ML-FNDTNS/Generating Long Sequences with Sparse Transformers/Generating Long Sequences with Sparse Transformers.md	97	Factorized self-attention instead has p separate attention heads, where the mth head defines a subset of the indices $A_i^{(m)} \subset \{j: j \leq i\}$ and lets $S_i = A_i^{(m)}$ . We are chiefly interested in *efficient* choices for the subset A, where $|A_i^{(m)}| \propto \sqrt[p]{n}$ .
BIBLIOTHEQUE/05_ML-FNDTNS/Generating Long Sequences with Sparse Transformers/Generating Long Sequences with Sparse Transformers.md	140	where $W_p$ denotes the post-attention weight matrix. The simplest technique for integrating factorized self-attention is to use one attention type per residual block, and interleave them sequentially or at a ratio determined as a hyperparameter:
BIBLIOTHEQUE/05_ML-FNDTNS/Generating Long Sequences with Sparse Transformers/Generating Long Sequences with Sparse Transformers.md	152	This is slightly more computationally intensive, but only by a constant factor. A third approach is to use multi-head attention (Vaswani et al., 2017), where $n_h$ attention products are computed in parallel, then concatenated along the feature dimension:
BIBLIOTHEQUE/05_ML-FNDTNS/Generating Long Sequences with Sparse Transformers/Generating Long Sequences with Sparse Transformers.md	206	Gradient checkpointing has been shown to be effective in reducing the memory requirements of training deep neural networks (Chen et al., 2016), (Gruslys et al., 2016). It is worth noting, however, that this technique is particularly effective for self-attention layers when long sequences are processed, as memory usage is high for these layers relative to the cost of computing them.
BIBLIOTHEQUE/05_ML-FNDTNS/Generating Long Sequences with Sparse Transformers/Generating Long Sequences with Sparse Transformers.md	212	#### 5.5. Efficient block-sparse attention kernels
BIBLIOTHEQUE/05_ML-FNDTNS/Generating Long Sequences with Sparse Transformers/Generating Long Sequences with Sparse Transformers.md	214	The sparse attention masks in 3(b) and 3(c) can be efficiently computed by slicing out sub-blocks from the query, key, and value matrices and computing the product in blocks. Attention over a local window can be computed as-is, whereas attention with a stride of k can be computed by transposing the matrix and computing a local window. Fixed attention positions can be aggregated and computed in ...
BIBLIOTHEQUE/05_ML-FNDTNS/Generating Long Sequences with Sparse Transformers/Generating Long Sequences with Sparse Transformers.md	259	| Deeper Self-Attention (Al-Rfou et al., 2018) | 1.06 |
BIBLIOTHEQUE/05_ML-FNDTNS/Generating Long Sequences with Sparse Transformers/Generating Long Sequences with Sparse Transformers.md	322	Overall, we found that increasing the sequence length by a factor of 4 requires a reduction in model capacity of approximately $4\sqrt{4}=8$ . Thus we found we could use factorized self-attention on sequences over 1 million timesteps long, albeit with extremely few parameters (3 million).
BIBLIOTHEQUE/05_ML-FNDTNS/Generating Long Sequences with Sparse Transformers/Generating Long Sequences with Sparse Transformers.md	344	- Al-Rfou, R., Choe, D., Constant, N., Guo, M., and Jones, L. Character-level language modeling with deeper self-attention. *arXiv preprint arXiv:1808.04444*, 2018.
BIBLIOTHEQUE/05_ML-FNDTNS/Generating Long Sequences with Sparse Transformers/Generating Long Sequences with Sparse Transformers.md	359	D. An improved relative self-attention mechanism for transformer with application to music generation. *arXiv* preprint arXiv:1809.04281, 2018.
BIBLIOTHEQUE/05_ML-FNDTNS/GPipe- Efficient Training of Giant Neural Networks using Pipeline Parallelism/GPipe- Efficient Training of Giant Neural Networks using Pipeline Parallelism.md	162	Our comparison is based on the performance of a single Transformer [15] trained on all language pairs in this corpus. We scale the architecture along two dimensions to stress the flexibility of GPipe: (i) along the depth by increasing the number of layers in the model and (ii) along the width by increasing the hidden dimension in the feed-forward layers and the number of attention heads (as wel...
BIBLIOTHEQUE/05_ML-FNDTNS/GPT-4 Technical Report/GPT-4 Technical Report.md	794	- [31] Tri Dao, Daniel Y. Fu, Stefano Ermon, Atri Rudra, and Christopher Ré. Flashattention: Fast and memory-efficient exact attention with io-awareness. *arXiv* preprint arXiv:2205.14135, 2022.
BIBLIOTHEQUE/05_ML-FNDTNS/GPT-4 Technical Report/GPT-4 Technical Report.md	796	- [33] Markus N. Rabe and Charles Staats. Self-attention does not need $o(n^2)$ memory. arXiv preprint arXiv:2112.05682, 2021.
BIBLIOTHEQUE/05_ML-FNDTNS/Grokking- Generalization Beyond Overfitting on Small Algorithmic Datasets/Grokking- Generalization Beyond Overfitting on Small Algorithmic Datasets.md	146	We trained a standard decoder-only transformer Vaswani et al. (2017) with causal attention masking, and calculated loss and accuracy only on the answer part of the equation. For all experiments we used a transformer with 2 layers, width 128, and 4 attention heads, with a total of about $4 \cdot 10^5$ non-embedding parameters.
BIBLIOTHEQUE/05_ML-FNDTNS/Hierarchical Text-Conditional Image Generation with CLIP Latents/Hierarchical Text-Conditional Image Generation with CLIP Latents.md	113	predict the resulting sequence using a Transformer [53] model with a causal attention mask. This results in a threefold reduction in the number of tokens predicted during inference, and improves training stability.
BIBLIOTHEQUE/05_ML-FNDTNS/Hierarchical Text-Conditional Image Generation with CLIP Latents/Hierarchical Text-Conditional Image Generation with CLIP Latents.md	117	For the diffusion prior, we train a decoder-only Transformer with a causal attention mask on a sequence consisting of, in order: the encoded text, the CLIP text embedding, an embedding for the diffusion timestep, the noised CLIP image embedding, and a final embedding whose output from the Transformer is used to predict the unnoised CLIP image embedding. We choose not to condition the diffusion ...
BIBLIOTHEQUE/05_ML-FNDTNS/Hierarchical Text-Conditional Image Generation with CLIP Latents/Hierarchical Text-Conditional Image Generation with CLIP Latents.md	409	Our CLIP model uses a ViT-H/16 [13] image encoder that consumes $256 \times 256$ resolution images, and has width 1280 with 32 Transformer [53] blocks. The text encoder also follows the architecture described in Radford et al. [39]: it is a Transformer [53] with a causal attention mask, with width 1024 and 24 Transformer blocks. Both models are trained with learning rate $3 \times 10^{-4}$ and ...
BIBLIOTHEQUE/05_ML-FNDTNS/Hierarchical Text-Conditional Image Generation with CLIP Latents/Hierarchical Text-Conditional Image Generation with CLIP Latents.md	417	For the AR prior, we use a Transformer text encoder with width 2048 and 24 blocks and a decoder with a causal attention mask, width 1664, and 24 blocks. For the diffusion prior, we use a Transformer with width 2048 and 24 blocks, and sample with Analytic DPM [2] with 64 strided sampling steps. To reuse hyperparameters tuned for diffusion noise schedules on images from Dhariwal and Nichol [11], ...
BIBLIOTHEQUE/05_ML-FNDTNS/High-Resolution Image Synthesis with Latent Diffusion Models/High-Resolution Image Synthesis with Latent Diffusion Models.md	11	By decomposing the image formation process into a sequential application of denoising autoencoders, diffusion models (DMs) achieve state-of-the-art synthesis results on image data and beyond. Additionally, their formulation allows for a guiding mechanism to control the image generation process without retraining. However, since these models typically operate directly in pixel space, optimizatio...
BIBLIOTHEQUE/05_ML-FNDTNS/High-Resolution Image Synthesis with Latent Diffusion Models/High-Resolution Image Synthesis with Latent Diffusion Models.md	48	- (v) Moreover, we design a general-purpose conditioning mechanism based on cross-attention, enabling multi-modal training. We use it to train class-conditional, text-to-image and layout-to-image models.
BIBLIOTHEQUE/05_ML-FNDTNS/High-Resolution Image Synthesis with Latent Diffusion Models/High-Resolution Image Synthesis with Latent Diffusion Models.md	95	Figure 3. We condition LDMs either via concatenation or by a more general cross-attention mechanism. See Sec. 3.3
BIBLIOTHEQUE/05_ML-FNDTNS/High-Resolution Image Synthesis with Latent Diffusion Models/High-Resolution Image Synthesis with Latent Diffusion Models.md	109	We turn DMs into more flexible conditional image generators by augmenting their underlying UNet backbone with the cross-attention mechanism [97], which is effective for learning attention-based models of various input modalities [35,36]. To pre-process y from various modalities (such as language prompts) we introduce a domain specific encoder $\tau_{\theta}$ that projects y to an intermediate r...
BIBLIOTHEQUE/05_ML-FNDTNS/High-Resolution Image Synthesis with Latent Diffusion Models/High-Resolution Image Synthesis with Latent Diffusion Models.md	204	By introducing cross-attention based conditioning into LDMs we open them up for various conditioning modalities previously unexplored for diffusion models. For textto-image image modeling, we train a 1.45B parameter KL-regularized LDM conditioned on language prompts on LAION-400M [78]. We employ the BERT-tokenizer [14] and implement $\tau_{\theta}$ as a transformer [97] to infer a latent code w...
BIBLIOTHEQUE/05_ML-FNDTNS/High-Resolution Image Synthesis with Latent Diffusion Models/High-Resolution Image Synthesis with Latent Diffusion Models.md	314	We have presented latent diffusion models, a simple and efficient way to significantly improve both the training and sampling efficiency of denoising diffusion models without degrading their quality. Based on this and our cross-attention conditioning mechanism, our experiments could demonstrate favorable results compared to state-of-the-art methods across a wide range of conditional image synth...
BIBLIOTHEQUE/05_ML-FNDTNS/High-Resolution Image Synthesis with Latent Diffusion Models/High-Resolution Image Synthesis with Latent Diffusion Models.md	714	For the experiments on text-to-image and layout-to-image (Sec. 4.3.1) synthesis, we implement the conditioner $\tau_{\theta}$ as an unmasked transformer which processes a tokenized version of the input y and produces an output $\zeta := \tau_{\theta}(y)$ , where $\zeta \in \mathbb{R}^{M \times d_{\tau}}$ . More specifically, the transformer is implemented from N transformer blocks consisting of...
BIBLIOTHEQUE/05_ML-FNDTNS/High-Resolution Image Synthesis with Latent Diffusion Models/High-Resolution Image Synthesis with Latent Diffusion Models.md	777	With $\zeta$ available, the conditioning is mapped into the UNet via the cross-attention mechanism as depicted in Fig. 3. We modify the "ablated UNet" [15] architecture and replace the self-attention layer with a shallow (unmasked) transformer consisting of T blocks with alternating layers of (i) self-attention, (ii) a position-wise MLP and (iii) a cross-attention layer;
BIBLIOTHEQUE/05_ML-FNDTNS/High-Resolution Image Synthesis with Latent Diffusion Models/High-Resolution Image Synthesis with Latent Diffusion Models.md	787	Note that the class-conditional model as described in Sec. 4.1 is also implemented via cross-attention, where $\tau_{\theta}$ is a single learnable embedding layer with a dimensionality of 512, mapping classes y to $\zeta \in \mathbb{R}^{1 \times 512}$ .
BIBLIOTHEQUE/05_ML-FNDTNS/High-Resolution Image Synthesis with Latent Diffusion Models/High-Resolution Image Synthesis with Latent Diffusion Models.md	797	Table 16. Architecture of a transformer block as described in Sec. E.2.1, replacing the self-attention layer of the standard "ablated UNet" architecture [15]. Here, $n_h$ denotes the number of attention heads and d the dimensionality per head.
BIBLIOTHEQUE/05_ML-FNDTNS/How Can Self-Attention Networks Recognize Dyck-n Languages-/How Can Self-Attention Networks Recognize Dyck-n Languages-.md	1	# How Can Self-Attention Networks Recognize Dyck-n Languages?
BIBLIOTHEQUE/05_ML-FNDTNS/How Can Self-Attention Networks Recognize Dyck-n Languages-/How Can Self-Attention Networks Recognize Dyck-n Languages-.md	9	We focus on the recognition of Dyck-n $(\mathcal{D}_n)$ languages with self-attention (SA) networks, which has been deemed to be a difficult task for these networks. We compare the performance of two variants of SA, one with a starting symbol (SA<sup>+</sup>) and one without (SA<sup>-</sup>). Our results show that SA<sup>+</sup> is able to generalize to longer sequences and deeper dependencies....
BIBLIOTHEQUE/05_ML-FNDTNS/How Can Self-Attention Networks Recognize Dyck-n Languages-/How Can Self-Attention Networks Recognize Dyck-n Languages-.md	27	self-attention mechanisms to model hierarchical structures is limited. Shen et al. (2019) show that the performance of Transformers on tasks such as logical inference (Bowman et al., 2015) and ListOps (Nangia and Bowman, 2018) is either poor or worse than LSTMs. Tran et al. (2018) have also reported similar results on SA, concluding that recurrence is necessary to model hierarchical structures....
BIBLIOTHEQUE/05_ML-FNDTNS/How Can Self-Attention Networks Recognize Dyck-n Languages-/How Can Self-Attention Networks Recognize Dyck-n Languages-.md	39	We train two multi-headed self-attention networks (i.e., only the encoder part of a Transformer), one of which incorporates an additional starting symbol in the vocabulary (SA<sup>+</sup>), and the other does not (SA<sup>-</sup>). For each model, the number of layers is 2, the number of attention heads h = 4 and model dimension d = 256. We use learnable embeddings to convert each input symbol t...
BIBLIOTHEQUE/05_ML-FNDTNS/How Can Self-Attention Networks Recognize Dyck-n Languages-/How Can Self-Attention Networks Recognize Dyck-n Languages-.md	140	We provide empirical evidence on the ability of self-attention (SA) networks to learn generalized $\mathcal{D}_n$ languages. We compare the performance of two SA networks, SA<sup>+</sup> and SA<sup>-</sup>, which differ only in the inclusion of a starting symbol in their vocabulary. We demonstrate that a simple addition of the starting symbol helps SA<sup>+</sup> generalize to sequences that ar...
BIBLIOTHEQUE/05_ML-FNDTNS/Image as a Foreign Language- BEiT Pretraining for All Vision and Vision-Language Tasks/Image as a Foreign Language- BEiT Pretraining for All Vision and Vision-Language Tasks.md	56	We use Multiway Transformers [WBDW21] as the backbone model to encode different modalities. As shown in Figure 2, each Multiway Transformer block consists of a shared self-attention module, and a pool of feed-forward networks (i.e., modality experts) used for different modalities. We route each input token to the experts depending on its modality. In our implementation, each layer contains a vi...
BIBLIOTHEQUE/05_ML-FNDTNS/Image as a Foreign Language- BEiT Pretraining for All Vision and Vision-Language Tasks/Image as a Foreign Language- BEiT Pretraining for All Vision and Vision-Language Tasks.md	88	**Backbone Network** BEIT-3 is a giant-size foundation model following the setup of ViT-giant [ZKHB21]. As shown in Table 2, the model consists of a 40-layer Multiway Transformer with 1408 hidden size, 6144 intermediate size, and 16 attention heads. All layers contain both vision experts and language experts. Vision-language experts are also employed in the top three Multiway Transformer layers...
BIBLIOTHEQUE/05_ML-FNDTNS/Image as a Foreign Language- BEiT Pretraining for All Vision and Vision-Language Tasks/Image as a Foreign Language- BEiT Pretraining for All Vision and Vision-Language Tasks.md	100	<sup>&</sup>lt;sup>4</sup>We first randomly initialize the parameters within a small range, e.g., [-0.02, 0.02]. Next, we rescale the l-th Transformer layer's output matrices (i.e., the last linear projection within each sublayer) of self-attention and FFN by $\frac{1}{\sqrt{2l}}$ .
BIBLIOTHEQUE/05_ML-FNDTNS/Image as a Foreign Language- BEiT Pretraining for All Vision and Vision-Language Tasks/Image as a Foreign Language- BEiT Pretraining for All Vision and Vision-Language Tasks.md	126	Image Captioning The task aims to generate a natural language caption for the given image. We use the COCO [LMB+14] benchmark, finetune and evaluate the model on Karpathy split [KF15]. Following UNILM [DYW+19] and s2s-ft [BDW+21], BEIT-3 is used as a conditional generation model via masked finetuning. To be more specific, a special self-attention mask is employed for the image captioning task. ...
BIBLIOTHEQUE/05_ML-FNDTNS/Improving Image Generation with Better Captions/Improving Image Generation with Better Captions.md	19	In parallel, researchers have found ways to build image generators out of stacks of self-attention layers[15, 3, 4]. Decoupling image generation from the implicit spatial biases of convolutions has allowed text-to-image models to reliably improve via the well-studied scaling properties of transformers.
BIBLIOTHEQUE/05_ML-FNDTNS/Improving Language Understanding by Generative Pre-Training/Improving Language Understanding by Generative Pre-Training.md	56	In our experiments, we use a multi-layer *Transformer decoder* [34] for the language model, which is a variant of the transformer [62]. This model applies a multi-headed self-attention operation over the input context tokens followed by position-wise feedforward layers to produce an output distribution over target tokens:
BIBLIOTHEQUE/05_ML-FNDTNS/Improving Language Understanding by Generative Pre-Training/Improving Language Understanding by Generative Pre-Training.md	109	**Model specifications** Our model largely follows the original transformer work [62]. We trained a 12-layer decoder-only transformer with masked self-attention heads (768 dimensional states and 12 attention heads). For the position-wise feed-forward networks, we used 3072 dimensional inner states. We used the Adam optimization scheme [27] with a max learning rate of 2.5e-4. The learning rate w...
BIBLIOTHEQUE/05_ML-FNDTNS/In-context Learning and Induction Heads/In-context Learning and Induction Heads.md	835	The "full-scale models" are from the same set of models as described in Askell $et\ al.$ [18] The context window and vocabulary size are the same as the small models (that is, 8192 tokens and 216 tokens respectively). Unlike the small models, their dimensions are adjusted to scale up with increasing size, with an activation dimension $d_{model}=128*n_{layer}$ , and a varying number of attention...
BIBLIOTHEQUE/05_ML-FNDTNS/In-context Learning and Induction Heads/In-context Learning and Induction Heads.md	1161	#### 26. Analyzing multi-head self-attention: Specialized heads do the heavy lifting, the rest can be pruned [PDF]
BIBLIOTHEQUE/05_ML-FNDTNS/Interactive4D- Interactive 4D LiDAR Segmentation/Interactive4D- Interactive 4D LiDAR Segmentation.md	67	**Refinement.** (Fig. 2, $\square$ ) This module consists of L consecutive click attention layers that refine both the click queries $Q_K^0$ and the voxel features $\mathcal{F}_K^0$ . In each layer, $Q_K^l$ attend to $\mathcal{F}_K^l$ through cross-attention. Then, $Q_K^l$ selfattend to each other. Finally, $\mathcal{F}_K^l$ cross attend to $Q_K^l$ to refine feature representations. This progre...
BIBLIOTHEQUE/05_ML-FNDTNS/Jukebox- A Generative Model for Music/Jukebox- A Generative Model for Music.md	92	and train separate models for the top-level prior $p(\mathbf{z}^{top})$ , and upsamplers $p(\mathbf{z}^{middle}|\mathbf{z}^{top})$ and $p(\mathbf{z}^{bottom}|\mathbf{z}^{middle},\mathbf{z}^{top})$ . Each of these is an autoregressive modeling problem in the discrete token space produced by the VQ-VAE. We use Transformers with sparse attention (Vaswani et al., 2017; Child et al., 2019) as they a...
BIBLIOTHEQUE/05_ML-FNDTNS/Jukebox- A Generative Model for Music/Jukebox- A Generative Model for Music.md	323	- Ho, J., Kalchbrenner, N., Weissenborn, D., and Salimans, T. Axial attention in multidimensional transformers. arXiv preprint arXiv:1912.12180, 2019.
BIBLIOTHEQUE/05_ML-FNDTNS/Jukebox- A Generative Model for Music/Jukebox- A Generative Model for Music.md	389	- Zhang, H., Goodfellow, I., Metaxas, D., and Odena, A. Self-attention generative adversarial networks. In *International Conference on Machine Learning*, 2019b.
BIBLIOTHEQUE/05_ML-FNDTNS/Jukebox- A Generative Model for Music/Jukebox- A Generative Model for Music.md	401	(a) Three axis-aligned attention patterns are sparse attention patterns that allow autoregressive generative modeling while only using simple Python-level array manipulation. Masked row and column attention patterns use autoregressive masks, whereas unmasked previous-row attention is fully visible.
BIBLIOTHEQUE/05_ML-FNDTNS/Jukebox- A Generative Model for Music/Jukebox- A Generative Model for Music.md	405	(b) Combining two of the attention patterns, each position can attend to any of the previous positions, while not causing a state bottleneck as in fixed sparse attention (Child et al., 2019).
BIBLIOTHEQUE/05_ML-FNDTNS/Jukebox- A Generative Model for Music/Jukebox- A Generative Model for Music.md	443	When the model is trained on lyrics, the top-level prior takes lyrics data corresponding to each audio segment and uses them to train an encoder-decoder Transformer as shown in Figure 8c. All transformer stacks use sparse self-attention layers with the three factorized attention types (row, column, and previous-row) repeating, and encoder-decoder attention layers, when present, are interleaved ...
BIBLIOTHEQUE/05_ML-FNDTNS/Jukebox- A Generative Model for Music/Jukebox- A Generative Model for Music.md	519	| Transformer self-attention layers | 72 |
BIBLIOTHEQUE/05_ML-FNDTNS/Language Models are Few-Shot Learners/Language Models are Few-Shot Learners.md	138	We use the same model and architecture as GPT-2 [RWC<sup>+</sup>19], including the modified initialization, pre-normalization, and reversible tokenization described therein, with the exception that we use alternating dense and locally banded sparse attention patterns in the layers of the transformer, similar to the Sparse Transformer [CGRS19]. To study the dependence of ML performance on model ...
BIBLIOTHEQUE/05_ML-FNDTNS/Language Models are Unsupervised Multitask Learners/Language Models are Unsupervised Multitask Learners.md	29	utilize a combination of pre-training and supervised fine-tuning. This approach has a long history with a trend to-wards more flexible forms of transfer. First, word vectors were learned and used as inputs to task-specific architectures (Mikolov et al., 2013) (Collobert et al., 2011), then the contextual representations of recurrent networks were transferred (Dai & Le, 2015) (Peters et al., 201...
BIBLIOTHEQUE/05_ML-FNDTNS/Language Models are Unsupervised Multitask Learners/Language Models are Unsupervised Multitask Learners.md	44	This approach allows for tractable sampling from and estimation of p(x) as well as any conditionals of the form $p(s_{n-k},...,s_n|s_1,...,s_{n-k-1})$ . In recent years, there have been significant improvements in the expressiveness of models that can compute these conditional probabilities, such as self-attention architectures like the Transformer (Vaswani et al., 2017).
BIBLIOTHEQUE/05_ML-FNDTNS/Language Models are Unsupervised Multitask Learners/Language Models are Unsupervised Multitask Learners.md	103	few modifications. Layer normalization (Ba et al., 2016) was moved to the input of each sub-block, similar to a pre-activation residual network (He et al., 2016) and an additional layer normalization was added after the final self-attention block. A modified initialization which accounts for the accumulation on the residual path with model depth is used. We scale the weights of residual layers ...
BIBLIOTHEQUE/05_ML-FNDTNS/Language Models are Unsupervised Multitask Learners/Language Models are Unsupervised Multitask Learners.md	297	- Al-Rfou, R., Choe, D., Constant, N., Guo, M., and Jones, L. Character-level language modeling with deeper self-attention. arXiv preprint arXiv:1808.04444, 2018.
BIBLIOTHEQUE/05_ML-FNDTNS/Learning Transferable Visual Models From Natural Language Supervision/Learning Transferable Visual Models From Natural Language Supervision.md	108	The text encoder is a Transformer (Vaswani et al., 2017) with the architecture modifications described in Radford et al. (2019). As a base size we use a 63M-parameter 12layer 512-wide model with 8 attention heads. The transformer operates on a lower-cased byte pair encoding (BPE) representation of the text with a 49,152 vocab size (Sennrich et al., 2015). For computational efficiency, the max s...
BIBLIOTHEQUE/05_ML-FNDTNS/Length Extrapolation of Transformers- A Survey from the Perspective of Positional Encoding/Length Extrapolation of Transformers- A Survey from the Perspective of Positional Encoding.md	41	In this section, we follow Dufter et al. (2022) to present a formal description of the encoder layer of the Transformer, as the decoder layer is almost the same except for the cross-attention mechanism. Given an input matrix $\boldsymbol{X} \in \mathbb{R}^{n \times d}$ as a sequence of n embeddings with dimension d, an encoder layer $f: \mathbb{R}^{n \times d} \to \mathbb{R}^{n \times d}$ with ...
BIBLIOTHEQUE/05_ML-FNDTNS/Length Extrapolation of Transformers- A Survey from the Perspective of Positional Encoding/Length Extrapolation of Transformers- A Survey from the Perspective of Positional Encoding.md	219	where the bias b(i,j) is mapped from positions using a learnable continuous function $f_{\theta}: \mathbb{R} \to \mathbb{R}$ , e.g., MLP. To avoid the generalization issue when the inputs are outside the training domain of the function, they proposed progressive interpolation by normalizing the distance by query position index, namely $b(i,j) = f_{\theta}(\frac{i-j}{i})$ . Note that in causal a...
BIBLIOTHEQUE/05_ML-FNDTNS/Length Extrapolation of Transformers- A Survey from the Perspective of Positional Encoding/Length Extrapolation of Transformers- A Survey from the Perspective of Positional Encoding.md	318	The most intuitive way to achieve large context window is directly pre-training the model or fine-tuning (continual pre-training) a pre-trained model on long sequences. Xiong et al. (2023) empirically demonstrated that long context continual pre-training is more efficient and similarly effective compared to pre-training from scratch with long sequences. However, both pre-training and fine-tunin...
BIBLIOTHEQUE/05_ML-FNDTNS/Length Extrapolation of Transformers- A Survey from the Perspective of Positional Encoding/Length Extrapolation of Transformers- A Survey from the Perspective of Positional Encoding.md	375	- Ta-Chung Chi, Ting-Han Fan, Li-Wei Chen, Alexander Rudnicky, and Peter Ramadge. 2023a. Latent Positional Information is in the Self-Attention Variance of Transformer Language Models Without Positional Embeddings. In *Proceedings of the 61st Annual Meeting of the Association for Computational Linguistics (Volume 2: Short Papers)*, pages 1183–1193, Toronto, Canada. Association for Computational...
BIBLIOTHEQUE/05_ML-FNDTNS/Length Extrapolation of Transformers- A Survey from the Perspective of Positional Encoding/Length Extrapolation of Transformers- A Survey from the Perspective of Positional Encoding.md	383	- Tri Dao. 2023. FlashAttention-2: Faster Attention with Better Parallelism and Work Partitioning. *arXiv* preprint. ArXiv:2307.08691 [cs].
BIBLIOTHEQUE/05_ML-FNDTNS/Length Extrapolation of Transformers- A Survey from the Perspective of Positional Encoding/Length Extrapolation of Transformers- A Survey from the Perspective of Positional Encoding.md	384	- Tri Dao, Dan Fu, Stefano Ermon, Atri Rudra, and Christopher Ré. 2022. FlashAttention: Fast and Memory-Efficient Exact Attention with IO-Awareness. Advances in Neural Information Processing Systems, 35:16344–16359.
BIBLIOTHEQUE/05_ML-FNDTNS/Length Extrapolation of Transformers- A Survey from the Perspective of Positional Encoding/Length Extrapolation of Transformers- A Survey from the Perspective of Positional Encoding.md	448	- Peter Shaw, Jakob Uszkoreit, and Ashish Vaswani. 2018. Self-Attention with Relative Position Representations. In *Proceedings of the 2018 Conference of the North American Chapter of the Association for Computational Linguistics: Human Language Technologies, Volume 2 (Short Papers)*, pages 464–468, New Orleans, Louisiana. Association for Computational Linguistics.
BIBLIOTHEQUE/05_ML-FNDTNS/Length Extrapolation of Transformers- A Survey from the Perspective of Positional Encoding/Length Extrapolation of Transformers- A Survey from the Perspective of Positional Encoding.md	464	- Ulme Wennberg and Gustav Eje Henter. 2021. The Case for Translation-Invariant Self-Attention in
BIBLIOTHEQUE/05_ML-FNDTNS/Length Generalization of Causal Transformers without Position Encoding/Length Generalization of Causal Transformers without Position Encoding.md	38	Figure 2: **UniformScale** modifies the temperature hyper-parameter of the SoftMax operator in self-attention layers (Left, NoPE; Right, RoPE). NoPE can generalize to longer context by merely scaling the softmax scores. However, this exact technique does not directly apply to RoPE models.
BIBLIOTHEQUE/05_ML-FNDTNS/Length Generalization of Causal Transformers without Position Encoding/Length Generalization of Causal Transformers without Position Encoding.md	72	To analyze NoPE's generalization failure, we first see that since explicit position encodings have been dropped, the casual Transformer block is only left with three core modules, the embedding layer, feedforward layers, and self-attention layers. The outputs of the former two modules are independent of their inputs' position in sequence (i.e., no matter which position, they always have the sam...
BIBLIOTHEQUE/05_ML-FNDTNS/Length Generalization of Causal Transformers without Position Encoding/Length Generalization of Causal Transformers without Position Encoding.md	88	We write the general scaled dot-product attention as
BIBLIOTHEQUE/05_ML-FNDTNS/Length Generalization of Causal Transformers without Position Encoding/Length Generalization of Causal Transformers without Position Encoding.md	113	After verifying that the attention scaling can help NoPE generalizing, we delved deeper into the multi-head attention mechanism and posed a new question, "Does each attention head require a unique scaling factor?"
BIBLIOTHEQUE/05_ML-FNDTNS/Length Generalization of Causal Transformers without Position Encoding/Length Generalization of Causal Transformers without Position Encoding.md	324	- Ta-Chung Chi, Ting-Han Fan, Li-Wei Chen, Alexander Rudnicky, and Peter Ramadge. 2023. Latent positional information is in the self-attention variance of transformer language models without positional embeddings. In *Proceedings of the 61st Annual Meeting of the Association for Computational Linguistics* (Volume 2: Short Papers), pages 1183–1193, Toronto, Canada. Association for Computational ...
BIBLIOTHEQUE/05_ML-FNDTNS/Length Generalization of Causal Transformers without Position Encoding/Length Generalization of Causal Transformers without Position Encoding.md	325	- David Chiang and Peter Cholak. 2022. Overcoming a theoretical limitation of self-attention. In *Proceedings of the 60th Annual Meeting of the Association for Computational Linguistics (Volume 1: Long Papers)*, pages 7654–7664.
BIBLIOTHEQUE/05_ML-FNDTNS/LoRA- Low-Rank Adaptation of Large Language Models/LoRA- Low-Rank Adaptation of Large Language Models.md	48	**Terminologies and Conventions** We make frequent references to the Transformer architecture and use the conventional terminologies for its dimensions. We call the input and output dimension size of a Transformer layer $d_{model}$ . We use $W_q$ , $W_k$ , $W_v$ , and $W_o$ to refer to the query/key/value/output projection matrices in the self-attention module. W or $W_0$ refers to a pretrained...
BIBLIOTHEQUE/05_ML-FNDTNS/LoRA- Low-Rank Adaptation of Large Language Models/LoRA- Low-Rank Adaptation of Large Language Models.md	112	In principle, we can apply LoRA to any subset of weight matrices in a neural network to reduce the number of trainable parameters. In the Transformer architecture, there are four weight matrices in the self-attention module $(W_q, W_k, W_v, W_o)$ and two in the MLP module. We treat $W_q$ (or $W_k, W_v$ ) as a single matrix of dimension $d_{model} \times d_{model}$ , even though the output dimen...
BIBLIOTHEQUE/05_ML-FNDTNS/LoRA- Low-Rank Adaptation of Large Language Models/LoRA- Low-Rank Adaptation of Large Language Models.md	158	Adapter tuning as proposed in Houlsby et al. (2019) inserts adapter layers between the self-attention module (and the MLP module) and the subsequent residual connection. There are two fully connected layers with biases in an adapter layer with a nonlinearity in between. We call this original design Adapter<sup>H</sup>. Recently, Lin et al. (2020) proposed a more efficient design with the adapte...
BIBLIOTHEQUE/05_ML-FNDTNS/LoRA- Low-Rank Adaptation of Large Language Models/LoRA- Low-Rank Adaptation of Large Language Models.md	217	**Transformer Language Models.** Transformer (Vaswani et al., 2017) is a sequence-to-sequence architecture that makes heavy use of self-attention. Radford et al. (a) applied it to autoregressive language modeling by using a stack of Transformer decoders. Since then, Transformer-based language models have dominated NLP, achieving the state-of-the-art in many tasks. A new paradigm emerged with BE...
BIBLIOTHEQUE/05_ML-FNDTNS/LoRA- Low-Rank Adaptation of Large Language Models/LoRA- Low-Rank Adaptation of Large Language Models.md	239	Given a limited parameter budget, which types of weights should we adapt with LoRA to obtain the best performance on downstream tasks? As mentioned in Section 4.2, we only consider weight matrices in the self-attention module. We set a parameter budget of 18M (roughly 35MB if stored in FP16) on GPT-3 175B, which corresponds to r=8 if we adapt one type of attention weights or r=4 if we adapt two...
BIBLIOTHEQUE/05_ML-FNDTNS/Lost in the Middle- How Language Models Use Long Contexts/Lost in the Middle- How Language Models Use Long Contexts.md	298	- Tri Dao, Daniel Y. Fu, Stefano Ermon, Atri Rudra, and Christopher Ré. 2022. FlashAttention: Fast and memory-efficient exact attention with IO-awareness. ArXiv:2205.14135.
BIBLIOTHEQUE/05_ML-FNDTNS/Lost in the Middle- How Language Models Use Long Contexts/Lost in the Middle- How Language Models Use Long Contexts.md	348	Sinong Wang, Belinda Z. Li, Madian Khabsa, Han Fang, and Hao Ma. 2020. Linformer: Self-attention with linear complexity. ArXiv:2006.04768.
BIBLIOTHEQUE/05_ML-FNDTNS/Masked Autoencoders Are Scalable Vision Learners (MAE)/Masked Autoencoders Are Scalable Vision Learners (MAE).md	191	Moreover, by skipping the mask token in the encoder, we greatly reduce training computation. In Table 1c, we reduce the overall training FLOPs by $3.3\times$ . This leads to a $2.8\times$ wall-clock speedup in our implementation (see Table 2). The wall-clock speedup is even bigger $(3.5-4.1\times)$ , for a smaller decoder (1-block), a larger encoder (ViT-H), or both. Note that the speedup can b...
BIBLIOTHEQUE/05_ML-FNDTNS/Masked Autoencoders Are Scalable Vision Learners (MAE)/Masked Autoencoders Are Scalable Vision Learners (MAE).md	419	**ViT architecture.** We follow the standard ViT architecture [16]. It has a stack of Transformer blocks [57], and each block consists of a multi-head self-attention block and an MLP block, both having LayerNorm (LN) [1]. The encoder ends with LN. As the MAE encoder and decoder have different width, we adopt a linear projection layer after the encoder to match it. Our MAE adds positional embedd...
BIBLIOTHEQUE/05_ML-FNDTNS/Megatron-LM- Training Multi-Billion Parameter Language Models Using Model Parallelism/Megatron-LM- Training Multi-Billion Parameter Language Models Using Model Parallelism.md	45	### 2.2. Transformer Language Models and Multi-Head Attention
BIBLIOTHEQUE/05_ML-FNDTNS/Megatron-LM- Training Multi-Billion Parameter Language Models Using Model Parallelism/Megatron-LM- Training Multi-Billion Parameter Language Models Using Model Parallelism.md	55	Figure 2 shows a schematic diagram of the model we used. We refer the reader to prior work for a detailed description of the model architecture (Vaswani et al., 2017; Devlin et al., 2018; Radford et al., 2019). It is worthwhile to mention that both GPT-2 and BERT use GeLU (Hendrycks & Gimpel, 2016) nonlinearities and layer normalization (Ba et al., 2016) to the input of the multi-head attention...
BIBLIOTHEQUE/05_ML-FNDTNS/Megatron-LM- Training Multi-Billion Parameter Language Models Using Model Parallelism/Megatron-LM- Training Multi-Billion Parameter Language Models Using Model Parallelism.md	73	We take advantage of the structure of transformer networks to create a simple model parallel implementation by adding a few synchronization primitives. A transformer layer consists of a self attention block followed by a two-layer, multi-layer perceptron (MLP) as shown in Figure 2. We introduce model parallelism in both of these blocks separately.
BIBLIOTHEQUE/05_ML-FNDTNS/Megatron-LM- Training Multi-Billion Parameter Language Models Using Model Parallelism/Megatron-LM- Training Multi-Billion Parameter Language Models Using Model Parallelism.md	105	(b) Self-Attention
BIBLIOTHEQUE/05_ML-FNDTNS/Megatron-LM- Training Multi-Billion Parameter Language Models Using Model Parallelism/Megatron-LM- Training Multi-Billion Parameter Language Models Using Model Parallelism.md	109	As shown in Figure 3b, for the self attention block we exploit inherent parallelism in the multihead attention operation, partitioning the GEMMs associated with key (K), query (Q), and value (V) in a column parallel fashion such that the matrix multiply corresponding to each attention head is done locally on one GPU. This allows us to split per attention head parameters and workload across the ...
BIBLIOTHEQUE/05_ML-FNDTNS/Megatron-LM- Training Multi-Billion Parameter Language Models Using Model Parallelism/Megatron-LM- Training Multi-Billion Parameter Language Models Using Model Parallelism.md	135	To train our models efficiently we utilize mixed precision training with dynamic loss scaling to take advantage of the V100's Tensor Cores (Micikevicius et al., 2017; NVIDIA, 2018). We start by initializing our weights W with a simple normal distribution $W \sim \mathcal{N}(0,0.02)$ . We then scale weights immediately before residual layers by $\frac{1}{\sqrt{2N}}$ where N is the number of tran...
BIBLIOTHEQUE/05_ML-FNDTNS/Megatron-LM- Training Multi-Billion Parameter Language Models Using Model Parallelism/Megatron-LM- Training Multi-Billion Parameter Language Models Using Model Parallelism.md	149	To test the scalability of our implementation, we consider GPT-2 models with four sets of parameters detailed in Table 1. To have consistent GEMM sizes in the self attention layer, the hidden size per attention head is kept constant at 96 while the number of heads and layers are varied to obtain configurations ranging from 1 billion to 8 billion parameters. The configuration with 1.2 billion pa...
BIBLIOTHEQUE/05_ML-FNDTNS/Megatron-LM- Training Multi-Billion Parameter Language Models Using Model Parallelism/Megatron-LM- Training Multi-Billion Parameter Language Models Using Model Parallelism.md	357	Techniques that utilize random number generation, such as dropout, are a staple of modern deep learning training. Transformers have dropout layers outside the model parallel regions before residual connections and within model parallel regions in the self attention block. Because some dropout layers are in a model parallel region, while others are not, we need to treat random number generation ...
BIBLIOTHEQUE/05_ML-FNDTNS/Megatron-LM- Training Multi-Billion Parameter Language Models Using Model Parallelism/Megatron-LM- Training Multi-Billion Parameter Language Models Using Model Parallelism.md	453	This section studies the effect of attention heads on model parallel scaling. To this end, we consider the 8.3 billion parameter configuration with 8-way model parallelism and vary the number of heads from 16 to 32. The results are presented in Table 7. As the number of attention heads increases, some of the GEMMS inside the self-attention layer become smaller and also the number of elements in...
BIBLIOTHEQUE/05_ML-FNDTNS/Mini-ARC- Solving Abstraction and Reasoning Puzzles with Small Transformer Models/Mini-ARC- Solving Abstraction and Reasoning Puzzles with Small Transformer Models.md	69	- 3. A stack of Transformer self-attention encoder layers
BIBLIOTHEQUE/05_ML-FNDTNS/Mini-ARC- Solving Abstraction and Reasoning Puzzles with Small Transformer Models/Mini-ARC- Solving Abstraction and Reasoning Puzzles with Small Transformer Models.md	110	The full embedded sequence is passed through 16 Transformer encoder layers with self-attention mechanisms. A padding mask prevents padding tokens from attending to other tokens. And a causal attention mask prevents the input sequence from attending to the output sequence. Input tokens can attend to any tokens in the input sequence, and output tokens can attend to all tokens—both the input and o...
BIBLIOTHEQUE/05_ML-FNDTNS/Multi-Game Decision Transformers/Multi-Game Decision Transformers.md	149	as additional multi-layer perceptrons (MLPs) or transformer layers on top of the Impala CNN used in C51 and CQL baselines. CPC uses two additional MLP layers with 512 units each interleaved with ReLU activation to represent $\phi(s)$ , which is optimized by maximizing $\phi(s)^{\top}W\phi(s')$ of true transitions (s,s') and minimizing $\phi(s)^{\top}W\phi(\tilde{s})$ where $\tilde{s}$ is a stat...
BIBLIOTHEQUE/05_ML-FNDTNS/On neural scaling and the quanta hypothesis/On neural scaling and the quanta hypothesis.md	217	0.2 One-layer model Models with more than one layer has no induction heads. have induction heads form during phase change Figure from "In-context Learning and Induction Heads" showing that the "prefix matching score" jumps sharply during transformer training, as long as the model has at least two self-attention layers. Transformer (5 layer) on palindrome classification
BIBLIOTHEQUE/05_ML-FNDTNS/One-Step Diffusion Distillation via Deep Equilibrium Models (Generative Equilibrium Transformer, GET)/One-Step Diffusion Distillation via Deep Equilibrium Models (Generative Equilibrium Transformer, GET).md	106	where $\mathbf{W}_q, \mathbf{W}_k \in \mathbb{R}^{D \times D}$ are slices from $\mathbf{W}_i$ , and $\mathbf{u}_q, \mathbf{u}_k \in \mathbb{R}^{N \times D}$ are slices from $\mathbf{u}$ . This scheme adds no more computational cost compared to the standard MHA operation, yet it achieves a similar effect as cross-attention and offers good stability during training.
BIBLIOTHEQUE/05_ML-FNDTNS/OSCAR- Object-Semantics Aligned Pre-training for Vision-Language Tasks/OSCAR- Object-Semantics Aligned Pre-training for Vision-Language Tasks.md	9	Abstract. Large-scale pre-training methods of learning cross-modal representations on image-text pairs are becoming popular for vision-language tasks. While existing methods simply concatenate image region features and text features as input to the model to be pre-trained and use self-attention to learn image-text semantic alignments in a brute force manner, in this paper, we propose a new lear...
BIBLIOTHEQUE/05_ML-FNDTNS/OSCAR- Object-Semantics Aligned Pre-training for Vision-Language Tasks/OSCAR- Object-Semantics Aligned Pre-training for Vision-Language Tasks.md	17	These VLP models are based on multi-layer Transformers [39]. To pre-train such models, existing methods simply concatenate image region features and text features as input and resort to the self-attention mechanism to learn semantic alignments between image regions and text in a brute force manner. However, the lack of explicit alignment information between the image regions and text poses alig...
BIBLIOTHEQUE/05_ML-FNDTNS/OSCAR- Object-Semantics Aligned Pre-training for Vision-Language Tasks/OSCAR- Object-Semantics Aligned Pre-training for Vision-Language Tasks.md	43	VLP typically employs multi-layer self-attention Transformers [39] to learn cross-modal contextualized representations, based on the singular embedding of each modality. Hence, the success of VLP fundamentally relies on the quality of the input singular embeddings. Existing VLP methods take visual region features $\boldsymbol{v} = \{v_1, \cdots, v_K\}$ of an image and word embeddings $\boldsymb...
BIBLIOTHEQUE/05_ML-FNDTNS/OSCAR- Object-Semantics Aligned Pre-training for Vision-Language Tasks/OSCAR- Object-Semantics Aligned Pre-training for Vision-Language Tasks.md	105	Image Captioning requires the model to generate a natural language description of the content of an image. To enable sentence generation, we fine-tune OSCAR using the seq2seq objective. The input samples are processed to triples consisting of image region features, captions, and object tags, in the same way as that during the pre-training. We randomly mask out 15% of the caption tokens and use ...
BIBLIOTHEQUE/05_ML-FNDTNS/OSCAR- Object-Semantics Aligned Pre-training for Vision-Language Tasks/OSCAR- Object-Semantics Aligned Pre-training for Vision-Language Tasks.md	287	Vision-Language Pre-training There is a growing interest in pre-training generic models to solve a variety of V+L problems, such as visual questionanswering (VQA), image-text retrieval and image captioning etc. The existing methods [37,38,22,5,46,35,19,10] employ BERT-like objectives [6] to learn crossmodal representations from a concatenated-sequence of visual region features and language toke...
BIBLIOTHEQUE/05_ML-FNDTNS/OSCAR- Object-Semantics Aligned Pre-training for Vision-Language Tasks/OSCAR- Object-Semantics Aligned Pre-training for Vision-Language Tasks.md	318	- 18. Lee, K.H., Chen, X., Hua, G., Hu, H., He, X.: Stacked cross attention for image-text matching. In: ECCV (2018)
BIBLIOTHEQUE/05_ML-FNDTNS/Per-Pixel Classification is Not All You Need for Semantic Segmentation (MaskFormer)/Per-Pixel Classification is Not All You Need for Semantic Segmentation (MaskFormer).md	284	- [21] Zilong Huang, Xinggang Wang, Lichao Huang, Chang Huang, Yunchao Wei, and Wenyu Liu. CCNet: Criss-cross attention for semantic segmentation. In *ICCV*, 2019. 2, 6
BIBLIOTHEQUE/05_ML-FNDTNS/Scaling Laws for Autoregressive Generative Modeling/Scaling Laws for Autoregressive Generative Modeling.md	158	In every domain we use decoder-only transformer models trained using an autoregressive cross-entropy loss. For many models we use a sparse attention pattern [CGRS19], though we use dense attention when solving math problems.
BIBLIOTHEQUE/05_ML-FNDTNS/Scaling Laws for Autoregressive Generative Modeling/Scaling Laws for Autoregressive Generative Modeling.md	185	We study a dataset of approximately $10^8$ web images [TSF<sup>+</sup>15] scaled to pixel resolutions $R \times R = 8x8$ , 16x16, and 32x32 represented in raster order using RGB colors, each in the range [0, 255], giving a total of $3R^2$ tokens per image. We also study the same images at 64x64 resolution but VQ [vdOVK18] encoded with either a 16x16 or 32x32 VQ encoding pattern, for a total of ...
BIBLIOTHEQUE/05_ML-FNDTNS/Scaling Laws for Autoregressive Generative Modeling/Scaling Laws for Autoregressive Generative Modeling.md	189	We study a dataset of approximately $7 \times 10^5$ videos totaling about 100 hours scraped from the web, where each frame is scaled to a pixel resolution of 64x64. Each individual frame is encoded with the same 16x16 VQVAE [vdOVK18] used for images, resulting in 256 tokens per frame. We train on sequences of 16 sequential frames, resulting in a total of 4096 tokens per video. As with images, w...
BIBLIOTHEQUE/05_ML-FNDTNS/Scaling Laws for Neural Language Models/Scaling Laws for Neural Language Models.md	119	These relations hold across eight orders of magnitude in $C_{\min}$ , six orders of magnitude in N, and over two orders of magnitude in D. They depend very weakly on model shape and other Transformer hyperparameters (depth, width, number of self-attention heads), with specific numerical values associated with the Webtext2 training set [RWC<sup>+</sup>19]. The power laws $\alpha_N, \alpha_D, \al...
BIBLIOTHEQUE/05_ML-FNDTNS/Scaling Transformer-Based Novel View Synthesis with Models Token Disentanglement and Synthetic Data/Scaling Transformer-Based Novel View Synthesis with Models Token Disentanglement and Synthetic Data.md	94	The target patches are unpatchified to get the target image $T \in R^{H \times W \times 3}$ (see Figure 2). The training is supervised using MSE loss and perceptual loss designed to reconstruct. **Transformer Block** Consider a transformer block at layer l, which includes a *Multi-head Self Attention* layer (SelfAttnl), a Feed-forward network (FFNl), and a Layer Norm operation $(LN_l)$ . For an...
BIBLIOTHEQUE/05_ML-FNDTNS/Scaling Transformer-Based Novel View Synthesis with Models Token Disentanglement and Synthetic Data/Scaling Transformer-Based Novel View Synthesis with Models Token Disentanglement and Synthetic Data.md	102	Given the basic self attention based transformer blocks in LVSM. At the end of the optimization process there arises a need for all token outputs of a particular layer to be aligned since they are processed by the same set of weights. Hence, LVSM inherently has a chance to infuse noise or atifacts
BIBLIOTHEQUE/05_ML-FNDTNS/Scaling Up Vision-Language Learning With Noisy Text Supervision (ALIGN)/Scaling Up Vision-Language Learning With Noisy Text Supervision (ALIGN).md	39	advanced models emerge with cross-modal attention layers (Liu et al., 2019a; Lu et al., 2019; Chen et al., 2020c; Huang et al., 2020b) and show superior performance in image-text matching tasks. However, they are orders of magnitudes slower and hence impractical for image-text retrieval systems in the real world. In contrast, our model inherits the simplest VSE form, but still outperforms all p...
BIBLIOTHEQUE/05_ML-FNDTNS/Scaling Up Vision-Language Learning With Noisy Text Supervision (ALIGN)/Scaling Up Vision-Language Learning With Noisy Text Supervision (ALIGN).md	331	dual-encoder model using a contrastive loss. The resulting model, named ALIGN, is capable of cross-modal retrieval and significantly outperforms SOTA VSE and cross-attention vision-language models. In visual-only downstream tasks, ALIGN is also comparable to or outperforms SOTA models trained with large-scale labeled data.
BIBLIOTHEQUE/05_ML-FNDTNS/Segment Anything/Segment Anything.md	83	Mask decoder. The mask decoder efficiently maps the image embedding, prompt embeddings, and an output token to a mask. This design, inspired by [14, 20], employs a modification of a Transformer decoder block [103] followed by a dynamic mask prediction head. Our modified decoder block uses prompt self-attention and cross-attention in two directions (prompt-to-image embedding and vice-versa) to u...
BIBLIOTHEQUE/05_ML-FNDTNS/Segment Anything/Segment Anything.md	441	Image encoder. In general, the image encoder can be any network that outputs a $C \times H \times W$ image embedding. Motivated by scalability and access to strong pre-training, we use an MAE [47] pre-trained Vision Transformer (ViT) [33] with minimal adaptations to process high resolution inputs, specifically a ViT-H/16 with $14 \times 14$ windowed attention and four equally-spaced global atte...
BIBLIOTHEQUE/05_ML-FNDTNS/Segment Anything/Segment Anything.md	451	Figure 14: Details of the lightweight mask decoder. A two-layer decoder updates both the image embedding and prompt tokens via cross-attention. Then the image embedding is upscaled, from which the updated output tokens are used to dynamically predict masks. (Not illustrated for figure clarity: At every attention layer, positional encodings are added to the image embedding, and the entire origin...
BIBLIOTHEQUE/05_ML-FNDTNS/Segment Anything/Segment Anything.md	457	Our decoder design is shown in Fig. 14. Each decoder layer performs 4 steps: (1) self-attention on the tokens, (2) cross-attention from tokens (as queries) to the image embedding, (3) a point-wise MLP updates each token, and (4) cross-attention from the image embedding (as queries) to tokens. This last step updates the image embedding with prompt information. During cross-attention, the image e...
BIBLIOTHEQUE/05_ML-FNDTNS/Segment Anything/Segment Anything.md	465	The transformer uses an embedding dimension of 256. The transformer MLP blocks have a large internal dimension of 2048, but the MLP is applied only to the prompt tokens for which there are relatively few (rarely greater than 20). However, in cross-attention layers where we have a $64\times64$ image embedding, we reduce the channel dimension of the queries, keys, and values by $2\times$ to 128 f...
BIBLIOTHEQUE/05_ML-FNDTNS/SegPoint- Segment Any Point Cloud via Large Language Model/SegPoint- Segment Any Point Cloud via Large Language Model.md	95	As shown in Fig. 3, Geometric Enhancer Module $\mathcal G$ is composed of three blocks, each featuring a KPConv [58] layer followed by BN and ReLU activation. The architecture is similar to the 2D convolutional stem [16]. We utilize KPConv instead of vanilla convolution or linear layer here to facilitate grasping the local geometric information effectively. The resultant geometric feature, repr...
BIBLIOTHEQUE/05_ML-FNDTNS/SegPoint- Segment Any Point Cloud via Large Language Model/SegPoint- Segment Any Point Cloud via Large Language Model.md	115	Finally, to enable information exchange across different point densities, we propose attentive propagation. Take the propagation from $\tilde{\boldsymbol{f}}_5$ to $\tilde{\boldsymbol{f}}_4$ as example. Here, $\tilde{\boldsymbol{f}}_4 \in \mathbb{R}^{N_2 \times D}$ acts as a set of local centers. For each local center within $\tilde{\boldsymbol{f}}_4$ , we identify its neighboring points from $...
BIBLIOTHEQUE/05_ML-FNDTNS/Self-Distilled Reasoner- On-Policy Self-Distillation for Large Language Models/Self-Distilled Reasoner- On-Policy Self-Distillation for Large Language Models.md	399	All experiments were conducted using 8 A100 GPUs with gradient checkpointing and Flash Attention 2 for memory efficiency. We use the AdamW (Loshchilov & Hutter, 2017) optimizer and bfloat16 precision for all training runs. For OPSD, unless otherwise stated, we used full-vocabulary logit distillation.
BIBLIOTHEQUE/05_ML-FNDTNS/Set Transformer- A Framework for Attention-based Permutation-Invariant Neural Networks/Set Transformer- A Framework for Attention-based Permutation-Invariant Neural Networks.md	7	Many machine learning tasks such as multiple instance learning, 3D shape recognition and fewshot image classification are defined on sets of instances. Since solutions to such problems do not depend on the order of elements of the set, models used to address them should be *permutation* invariant. We present an attention-based neural network module, the *Set Transformer*, specifically designed ...
BIBLIOTHEQUE/05_ML-FNDTNS/Set Transformer- A Framework for Attention-based Permutation-Invariant Neural Networks/Set Transformer- A Framework for Attention-based Permutation-Invariant Neural Networks.md	33	- We use a self-attention mechanism to process every element in an input set, which allows our approach to naturally encode pairwise- or higher-order interactions between elements in the set.
BIBLIOTHEQUE/05_ML-FNDTNS/Set Transformer- A Framework for Attention-based Permutation-Invariant Neural Networks/Set Transformer- A Framework for Attention-based Permutation-Invariant Neural Networks.md	34	- 2. We propose a method to reduce the $\mathcal{O}(n^2)$ computation time of full self-attention (e.g. the Transformer) to $\mathcal{O}(nm)$ where m is a fixed hyperparameter, allowing our method to scale to large input sets.
BIBLIOTHEQUE/05_ML-FNDTNS/Set Transformer- A Framework for Attention-based Permutation-Invariant Neural Networks/Set Transformer- A Framework for Attention-based Permutation-Invariant Neural Networks.md	35	- 3. We use a self-attention mechanism to aggregate features, which is especially beneficial when the problem requires multiple outputs which depend on each other, such as the problem of meta-clustering, where the meaning of each cluster center heavily depends its location relative to the other clusters.
BIBLIOTHEQUE/05_ML-FNDTNS/Set Transformer- A Framework for Attention-based Permutation-Invariant Neural Networks/Set Transformer- A Framework for Attention-based Permutation-Invariant Neural Networks.md	71	Multi-head attention, originally introduced in Vaswani et al. (2017), is an extension of the previous attention
BIBLIOTHEQUE/05_ML-FNDTNS/Set Transformer- A Framework for Attention-based Permutation-Invariant Neural Networks/Set Transformer- A Framework for Attention-based Permutation-Invariant Neural Networks.md	95	We begin by defining our attention-based set operations, which we call SAB and ISAB. While existing pooling methods for sets obtain instance features independently of other instances, we use self-attention to concurrently encode the whole set. This gives the Set Transformer the ability to compute pairwise as well as higher-order interactions among instances during the encoding process. For this...
BIBLIOTHEQUE/05_ML-FNDTNS/Set Transformer- A Framework for Attention-based Permutation-Invariant Neural Networks/Set Transformer- A Framework for Attention-based Permutation-Invariant Neural Networks.md	109	In other words, an SAB takes a set and performs self-attention between the elements in the set, resulting in a set of equal size. Since the output of SAB contains information about pairwise interactions among the elements in the input set X, we can stack multiple SABs to encode higher order interactions. Note that while the SAB (8) involves a multihead attention operation (7), where Q = K = V =...
BIBLIOTHEQUE/05_ML-FNDTNS/Set Transformer- A Framework for Attention-based Permutation-Invariant Neural Networks/Set Transformer- A Framework for Attention-based Permutation-Invariant Neural Networks.md	138	We later empirically show that such self-attention after pooling helps in modeling explaining-away (e.g., among clusters in an amortized clustering problem).
BIBLIOTHEQUE/05_ML-FNDTNS/Set Transformer- A Framework for Attention-based Permutation-Invariant Neural Networks/Set Transformer- A Framework for Attention-based Permutation-Invariant Neural Networks.md	175	**Attention-based approaches for sets** Several recent works have highlighted the competency of attention mechanisms in modeling sets. Vinyals et al. (2016) pool elements in a set by a weighted average with weights computed using an attention mechanism. Yang et al. (2018) propose AttSets for multi-view 3D reconstruction, where dot-product attention is applied to compute the weights used to pool...
BIBLIOTHEQUE/05_ML-FNDTNS/Set Transformer- A Framework for Attention-based Permutation-Invariant Neural Networks/Set Transformer- A Framework for Attention-based Permutation-Invariant Neural Networks.md	310	In this paper, we introduced the Set Transformer, an attention-based set-input neural network architecture. Our proposed method uses attention mechanisms for both encoding and aggregating features, and we have empirically validated that both of them are necessary for modelling complicated interactions among elements of a set. We also proposed an inducing point method for self-attention, which m...
BIBLIOTHEQUE/05_ML-FNDTNS/Set Transformer- A Framework for Attention-based Permutation-Invariant Neural Networks/Set Transformer- A Framework for Attention-based Permutation-Invariant Neural Networks.md	380	We focus on H in (2). Since feed-forward networks are universal function approximators at the limit of infinite nodes, let the feed-forward layers in front and back of the MAB encode the element-wise functions $z \to z^p$ and $z \to z^{\frac{1}{p}}$ , respectively. We let h=d, so the number of heads is the same as the dimensionality of the inputs, and each head is one-dimensional. Let the proje...
BIBLIOTHEQUE/05_ML-FNDTNS/Set Transformer- A Framework for Attention-based Permutation-Invariant Neural Networks/Set Transformer- A Framework for Attention-based Permutation-Invariant Neural Networks.md	403	While this proof required us to ignore the pairwise interaction terms inside the SABs and ISABs to prove that Set Transformers are universal function approximators, our experiments indicated that self-attention in the encoder was crucial for good performance.
BIBLIOTHEQUE/05_ML-FNDTNS/Simultaneous Instance Pooling & Bag Selection for MIL using ViTs/Simultaneous Instance Pooling & Bag Selection for MIL using ViTs.md	123	The proposed ViT-IWRS consists of four steps. In the first step, we propose a vision transformer-based approach to identify the dependencies between the bag instances. This process transforms input instances into latent representations using an embedding network and provides the latent transformation as input to a transformer encoder. The encoding process involves a multi-head-self-attention pr...
BIBLIOTHEQUE/05_ML-FNDTNS/Simultaneous Instance Pooling & Bag Selection for MIL using ViTs/Simultaneous Instance Pooling & Bag Selection for MIL using ViTs.md	154	Transform encoder [45] combines multi-head self-attention (MHSA) blocks with multi-layer perceptrons (MLP). Before each block, layer normalization (LN) is applied, and residual connections are used after each block. There are two layers of MLP and GELU nonlinearity in the transformer encoder. The details of the transformer encoder and MHSA process are shown in Fig. 4. Vision transfer employs on...
BIBLIOTHEQUE/05_ML-FNDTNS/Simultaneous Instance Pooling & Bag Selection for MIL using ViTs/Simultaneous Instance Pooling & Bag Selection for MIL using ViTs.md	158	In MIL, the objective is classify a given bag $\boldsymbol{B}_i = \{\boldsymbol{x}_{i,1}, \boldsymbol{x}_{i,2}, \boldsymbol{x}_{i,3}, \dots, \boldsymbol{x}_{i,mi}\}$ of mi instances, where $\boldsymbol{x}_{i,j} \in \mathbb{R}^{1 \times d}$ . In this case, the ViT can be employed to generate robust bag embeddings and determine dependencies among the bag instances. The self-attention in the trans...
BIBLIOTHEQUE/05_ML-FNDTNS/Simultaneous Instance Pooling & Bag Selection for MIL using ViTs/Simultaneous Instance Pooling & Bag Selection for MIL using ViTs.md	170	Fig. 4 The vision transformer block is shown in (a), while the process of multi-head self-attention [45] is illustrated in (b)
BIBLIOTHEQUE/05_ML-FNDTNS/Simultaneous Instance Pooling & Bag Selection for MIL using ViTs/Simultaneous Instance Pooling & Bag Selection for MIL using ViTs.md	503	Compared to AbDMIL, Gated-AbDMIL, and LBA, the training process for ViT-IWRS is more time-consuming. This is because ViT uses a self-attention mechanism with quadratic complexity, making it more computationally expensive than traditional attention algorithms. Notably,
BIBLIOTHEQUE/05_ML-FNDTNS/Simultaneous Instance Pooling & Bag Selection for MIL using ViTs/Simultaneous Instance Pooling & Bag Selection for MIL using ViTs.md	650	Although the proposed approach produces promising results on several datasets related to images, this approach is less computationally expensive as compared to existing pooling techniques. Furthermore, the performance of ViT-IWRS is effective when labels are entirely dependent on the structural properties of the instances, such as molecular datasets. The proposed loss function can be further ex...
BIBLIOTHEQUE/05_ML-FNDTNS/Simultaneous Instance Pooling & Bag Selection for MIL using ViTs/Simultaneous Instance Pooling & Bag Selection for MIL using ViTs.md	728	- Hahn M (2020) Theoretical limitations of self-attention in neural sequence models. Trans Assoc Comput Linguist 8:156–171
BIBLIOTHEQUE/05_ML-FNDTNS/SmolVLM- Redefining small and efficient multimodal models/SmolVLM- Redefining small and efficient multimodal models.md	73	Following Laurençon et al. (2024), we adopt a self-attention architecture in which visual tokens from the vision encoder are concatenated with textual tokens and jointly processed by a language model (e.g., FROMAGe (Koh et al., 2023), BLIP-2 (Li et al., 2023a)). This design requires significantly more context than the 2k-token limit used in SmolLM2, as a single $512 \times 512$ image encoded wi...
BIBLIOTHEQUE/05_ML-FNDTNS/SmolVLM- Redefining small and efficient multimodal models/SmolVLM- Redefining small and efficient multimodal models.md	83	Extending the context window alone is not sufficient. Recent VLMs (e.g., MM1 (McKinzie et al., 2024), MiniCPM-V (Yao et al., 2024), InternVL (Chen et al., 2024c)) combine the self-attention architecture with token compression techniques (Zohar et al., 2024b; Laurençon et al., 2024) to fit longer sequences efficiently and reduce computational overhead.
BIBLIOTHEQUE/05_ML-FNDTNS/SmolVLM- Redefining small and efficient multimodal models/SmolVLM- Redefining small and efficient multimodal models.md	251	Early multimodal models achieved significant progress primarily by scaling parameters, but their high computational demands limited practical deployment. For instance, Flamingo (Alayrac et al., 2022b), an 80B-parameter Vision-Language Model (VLM), integrated a frozen 70B-parameter LM (Hoffmann et al., 2022) with a vision encoder employing gated cross-attention and a Perceiver Resampler (Jaegle ...
BIBLIOTHEQUE/05_ML-FNDTNS/Stabilizing Equilibrium Models by Jacobian Regularization/Stabilizing Equilibrium Models by Jacobian Regularization.md	205	One of the very first successes of large-scale DEQs was its Transformer instantiation (Bai et al., 2019), which uses a multi-head self-attention (Vaswani et al., 2017) layer as the underlying $f_{\theta}(\mathbf{z}; \mathbf{x})$ function. Although a DEQ-Transformer is able to perform competitively with a deep Transformer-XL (Dai et al., 2019) in terms of test perplexity, and consumes 60-70% les...
BIBLIOTHEQUE/05_ML-FNDTNS/Stabilizing Equilibrium Models by Jacobian Regularization/Stabilizing Equilibrium Models by Jacobian Regularization.md	306	We also highlight two limitations of this approach. First, the addition of Jacobian regularization term does not fundamentally solve the growing instability problem, but only empirically alleviates it. This means that we have to be careful about balancing the main loss objective and this auxiliary objective (see Table 3). Second, while Jacobian regularization facilitates faster convergence, the...
BIBLIOTHEQUE/05_ML-FNDTNS/Stabilizing Equilibrium Models by Jacobian Regularization/Stabilizing Equilibrium Models by Jacobian Regularization.md	511	This overall inability of weight decay alone to fix the DEQ stability issue (e.g., see Figures 8 and 10a), we believe, exactly suggests that there is a deeper *implicitness* property of the model that should be regularized than just the value of individual weights. As DEQ networks typically rely on a single $f_{\theta}$ block, their complex non-linear structure makes their stability depend as m...
BIBLIOTHEQUE/05_ML-FNDTNS/Stabilizing Equilibrium Models by Jacobian Regularization/Stabilizing Equilibrium Models by Jacobian Regularization.md	522	Transformer models can be quite bad (see purple dots in Figure 10b), with a clear correlation between the larger relative residual and larger $||J_{f_{\theta}}||_F^2$ . Indeed, with a non-linear structure as complex as the multi-head self-attention, simply constraining the weights to be small is not sufficient to ensure well-conditioned Jacobians. Moreover, while the Jacobian regularization hel...
BIBLIOTHEQUE/05_ML-FNDTNS/Supervising strong learners by amplifying weak experts/Supervising strong learners by amplifying weak experts.md	108	We implement X as an encoder-decoder architecture with self-attention, closely following the Transformer architecture (Vaswani et al., 2017):
BIBLIOTHEQUE/05_ML-FNDTNS/Supervising strong learners by amplifying weak experts/Supervising strong learners by amplifying weak experts.md	113	- We embed questions in the same way we embed facts, then apply the Transformer decoder to a batch of questions (omitting the self-attention altogether because it would correspond to interactions amongst questions, which ought to be independent).
BIBLIOTHEQUE/05_ML-FNDTNS/Supervising strong learners by amplifying weak experts/Supervising strong learners by amplifying weak experts.md	412	We embed contexts using N=6 layers with self-attention. Once we have processed a context, we answer a batch of questions about that context by using N=3 layers which attend over the context embedding. This is almost identical to the Transformer encoder/decoder, except that a Transformer decoder would also use self-attention (which is not appropriate here since different questions are unrelated ...
BIBLIOTHEQUE/05_ML-FNDTNS/Swin Transformer V2- Scaling Up Capacity and Resolution/Swin Transformer V2- Scaling Up Capacity and Resolution.md	29	Secondly, many downstream vision tasks such as object detection and semantic segmentation require high resolution input images or large attention windows. The window size variations between low-resolution pre-training and high-resolution fine-tuning can be quite large. The current common practice is to perform a bi-cubic interpolation of the position bias maps [22, 46]. This simple fix is somew...
BIBLIOTHEQUE/05_ML-FNDTNS/Swin Transformer V2- Scaling Up Capacity and Resolution/Swin Transformer V2- Scaling Up Capacity and Resolution.md	59	**Relative position bias** is a key component in the original Swin Transformer which introduces an additional parametric bias term to encode the geometric relationship in self-attention calculation:
BIBLIOTHEQUE/05_ML-FNDTNS/Swin Transformer V2- Scaling Up Capacity and Resolution/Swin Transformer V2- Scaling Up Capacity and Resolution.md	100	**Scaled cosine attention** In the original self-attention computation, the similarity terms of the pixel pairs are computed as a dot product of the *query* and *key* vectors. We find that when this approach is used in large visual models, the learnt attention maps of some blocks and heads are frequently dominated by a few pixel pairs, especially in the *res-post-norm* configuration. To ease th...
BIBLIOTHEQUE/05_ML-FNDTNS/Swin Transformer V2- Scaling Up Capacity and Resolution/Swin Transformer V2- Scaling Up Capacity and Resolution.md	148	• Sequential self-attention computation. To train large models on very large resolutions, for example, an image of 1,536×1,536 resolution with a window size of 32×32, regular A100 GPUs (40GB memory) are still unaffordable, even with the above two optimization technologies. We found that in this case, the self-attention module constitutes a bottleneck. To alleviate this problem, we implement sel...
BIBLIOTHEQUE/05_ML-FNDTNS/Swin Transformer V2- Scaling Up Capacity and Resolution/Swin Transformer V2- Scaling Up Capacity and Resolution.md	477	- [75] Jianwei Yang, Chunyuan Li, Pengchuan Zhang, Xiyang Dai, Bin Xiao, Lu Yuan, and Jianfeng Gao. Focal self-attention for local-global interactions in vision transformers, 2021. 3,
BIBLIOTHEQUE/05_ML-FNDTNS/Teaching Transformers Modular Arithmetic at Scale/Teaching Transformers Modular Arithmetic at Scale.md	105	Additionally, following Jelassi et al. (2023), we use an encoder-only transformer model, which provides two benefits. First, unlike MLPs used in much prior work on modular arithmetic, transformers have a self-attention mechanism that can capture relationships between the input elements and help the model learn to compute their sum. Second, an encoder-only transformer mirrors the structure of th...
BIBLIOTHEQUE/05_ML-FNDTNS/Text and Code Embeddings by Contrastive Pre-Training/Text and Code Embeddings by Contrastive Pre-Training.md	108	Previous work on training embedding methods for search typically requires fine-tuning on a particular text search dataset (Karpukhin et al., 2020a; Sachan et al., 2021; Qu et al., 2021). It is also common to have a multi-step setup where fine-tuned models rely on an expensive query and document cross-attention encoder in the final step (Qu et al., 2021; Wang et al., 2020). In contrast, we push ...
BIBLIOTHEQUE/05_ML-FNDTNS/Text and Code Embeddings by Contrastive Pre-Training/Text and Code Embeddings by Contrastive Pre-Training.md	184	In the transfer setting, our models achieve a 5.2% relative improvement over the previous best embedding method (Izacard et al., 2021). It also outperforms docT5query (Nogueira et al., 2019a) that relies on a fine-tuned T5 model (Raffel et al., 2019) for document expansion. cpt-text results are competitive even with methods that use substantially more compute at test time. BM25+CE (Wang et al.,...
BIBLIOTHEQUE/05_ML-FNDTNS/Text and Code Embeddings by Contrastive Pre-Training/Text and Code Embeddings by Contrastive Pre-Training.md	383	- Wang, W., Wei, F., Dong, L., Bao, H., Yang, N., and Zhou, M. Minilm: Deep self-attention distillation for taskagnostic compression of pre-trained transformers. arXiv preprint arXiv:2002.10957, 2020.
BIBLIOTHEQUE/05_ML-FNDTNS/The Quantization Model of Neural Scaling/The Quantization Model of Neural Scaling.md	294	When applying QDG to language models, we use gradients within self-attention and MLP layers, but do not include embed, unembed, or layer norm gradients when we flatten and concatenate gradients into a vector g.<sup>4</sup> We choose samples $(x_i, y_i)$ for which our 19m-parameter model achieves a crossentropy loss less than 0.1 nats. We filter based on this criteria since (1) we cannot cluster...
BIBLIOTHEQUE/05_ML-FNDTNS/Training Compute-Optimal Large Language Models (Chinchilla)/Training Compute-Optimal Large Language Models (Chinchilla).md	358	- Y. Levine, N. Wies, O. Sharir, H. Bata, and A. Shashua. The depth-to-width interplay in self-attention. arXiv preprint arXiv:2006.12467, 2020.
BIBLIOTHEQUE/05_ML-FNDTNS/Training data-efficient image transformers & distillation through attention/Training data-efficient image transformers & distillation through attention.md	43	Despite several attempts to use transformers for image classification (Chen et al., 2020a), until now their performance has been inferior to that of convnets. Nevertheless hybrid architectures that combine convnets and transformers, including the self-attention mechanism, have exhibited competitive results in image classification (Bello et al., 2019; Bello, 2021; Wu et al., 2020), detection (Ca...
BIBLIOTHEQUE/05_ML-FNDTNS/Training data-efficient image transformers & distillation through attention/Training data-efficient image transformers & distillation through attention.md	49	The Transformer architecture, introduced by Vaswani et al. (Vaswani et al., 2017) for machine translation is currently the reference model for all natural language processing (NLP) tasks. Many improvements of convnets for image classification are inspired by transformers. For example, Squeeze and Excitation (Hu et al., 2017), Selective Kernel (Li et al., 2019b), Split-Attention Networks (Zhang ...
BIBLIOTHEQUE/05_ML-FNDTNS/Training data-efficient image transformers & distillation through attention/Training data-efficient image transformers & distillation through attention.md	57	**Multi-head Self Attention layers (MSA).** The attention mechanism is based on a trainable associative memory with
BIBLIOTHEQUE/05_ML-FNDTNS/Training data-efficient image transformers & distillation through attention/Training data-efficient image transformers & distillation through attention.md	67	where the Softmax function is applied on each row of the input matrix. The $\sqrt{d}$ term provides proper normalization. Vaswani et al. (2017) propose a self-attention layer. Query, key and values matrices are themselves computed from a sequence of N input vectors (packed into $X \in \mathbb{R}^{N \times D}$ ): $Q = XW_Q$ , $K = XW_K$ , $V = XW_V$ , using linear transformations $W_Q$ , $W_K$ ,...
BIBLIOTHEQUE/05_ML-FNDTNS/Training data-efficient image transformers & distillation through attention/Training data-efficient image transformers & distillation through attention.md	69	Finally, Multi-head self-attention layer (MSA) is defined by considering h attention "heads", $ie\ h$ self-attention functions applied to the input. Each head provides a sequence of size $N\times d$ . These h sequences are rearranged into a $N\times dh$ sequence that is reprojected by a linear layer into $N\times D$ .
BIBLIOTHEQUE/05_ML-FNDTNS/Training data-efficient image transformers & distillation through attention/Training data-efficient image transformers & distillation through attention.md	79	NLP (Devlin et al., 2018), and departs from the typical pooling layers used in computer vision to predict the class. The transformer thus process batches of (N+1) tokens of dimension D, of which only the class vector is used to predict the output. This architecture forces the self-attention to spread information between the patch tokens and the class token: at training time the supervision sign...
BIBLIOTHEQUE/05_ML-FNDTNS/Training data-efficient image transformers & distillation through attention/Training data-efficient image transformers & distillation through attention.md	98	Figure 2. Our distillation procedure: we simply include a new distillation token. It interacts with the class and patch tokens through the self-attention layers. This distillation token is employed in a similar fashion as the class token, except that on output of the network its objective is to reproduce the (hard) label predicted by the teacher, instead of true label. Both the class and distil...
BIBLIOTHEQUE/05_ML-FNDTNS/Training data-efficient image transformers & distillation through attention/Training data-efficient image transformers & distillation through attention.md	108	**Distillation token.** We now focus on our proposal, which is illustrated in Figure 2. We add a new token, the distillation token, to the initial embeddings (patches and class token). Our distillation token is used similarly as the class token: it interacts with other embeddings through self-attention, and is output by the network after the last layer. Its target objective is given by the dist...
BIBLIOTHEQUE/05_ML-FNDTNS/Training data-efficient image transformers & distillation through attention/Training data-efficient image transformers & distillation through attention.md	340	- Cordonnier, J.-B., Loukas, A., and Jaggi, M. On the relationship between self-attention and convolutional layers. *arXiv preprint arXiv:1911.03584*, 2020.
BIBLIOTHEQUE/05_ML-FNDTNS/Training data-efficient image transformers & distillation through attention/Training data-efficient image transformers & distillation through attention.md	383	- skaya, A., and Shlens, J. Stand-alone self-attention in vision models. In *Advances in Neural Information Processing Systems*, 2019.
BIBLIOTHEQUE/05_ML-FNDTNS/Transformer Language Models without Positional Encodings Still Learn Positional Information/Transformer Language Models without Positional Encodings Still Learn Positional Information.md	9	Causal transformer language models (LMs), such as GPT-3, typically require some form of positional encoding, such as positional embeddings. However, we show that LMs without any explicit positional encoding are still competitive with standard models, and that this phenomenon is robust across different datasets, model sizes, and sequence lengths. Probing experiments reveal that such models acqui...
BIBLIOTHEQUE/05_ML-FNDTNS/Transformer Language Models without Positional Encodings Still Learn Positional Information/Transformer Language Models without Positional Encodings Still Learn Positional Information.md	25	We hypothesize that this surprising behavior is tied to the *causal* attention mask, which implicitly injects positional information into the self-attention layer in order to preserve the autoregressive nature of language models. Intuitively, a model that is able to count the predecessors of a given token
BIBLIOTHEQUE/05_ML-FNDTNS/Transformer Language Models without Positional Encodings Still Learn Positional Information/Transformer Language Models without Positional Encodings Still Learn Positional Information.md	35	Transformer models consist of interleaved selfattention and feed-forward layers, which are both order-invariant. Therefore, to convey the order of the input tokens, some form of positional information is explicitly introduced into the model. *Absolute positions* are commonly encoded as vectors (one for each position), which are then added to the input tokens' embeddings and fed to the first lay...
BIBLIOTHEQUE/05_ML-FNDTNS/Transformer Language Models without Positional Encodings Still Learn Positional Information/Transformer Language Models without Positional Encodings Still Learn Positional Information.md	132	How do transformers without explicit positional encoding learn absolute positions? We conjecture that the *causal attention* in autoregressive transformer language models allows them to predict the
BIBLIOTHEQUE/05_ML-FNDTNS/Transformer Language Models without Positional Encodings Still Learn Positional Information/Transformer Language Models without Positional Encodings Still Learn Positional Information.md	140	number of attendable tokens at each position, i.e. the number of tokens in the sequence that precede the current one. Such a mechanism could effectively encode the absolute position of each token into its vector representation. Indeed, our analysis (Section 5) reveals that some notion of absolute positions exists in the hidden layers of language models even when they are trained without explici...
BIBLIOTHEQUE/05_ML-FNDTNS/Transformer Language Models without Positional Encodings Still Learn Positional Information/Transformer Language Models without Positional Encodings Still Learn Positional Information.md	159	We show that, contrary to popular belief, transformers language models do learn positional information even when are not provided with any explicit positional encoding. Our experiments systematically demonstrate that this phenomenon is robust across different language modeling settings, and that one can approximate the absolute position of each token from the model's internal representations to...
BIBLIOTHEQUE/05_ML-FNDTNS/Transformer Language Models without Positional Encodings Still Learn Positional Information/Transformer Language Models without Positional Encodings Still Learn Positional Information.md	194	- Peter Shaw, Jakob Uszkoreit, and Ashish Vaswani. 2018. Self-attention with relative position representations. In *Proceedings of the 2018 Conference of the North American Chapter of the Association for Computational Linguistics: Human Language Technologies, Volume 2 (Short Papers)*, pages 464–468, New Orleans, Louisiana. Association for Computational Linguistics.
BIBLIOTHEQUE/05_ML-FNDTNS/Understanding the RoPE Extensions of Long-Context LLMs/Understanding the RoPE Extensions of Long-Context LLMs.md	109	tokens handled by the self-attention mechanism far exceeds that during training. More tokens lead to more dispersed attention, i.e., higher uncertainty, causing a mismatch between training and inference.
BIBLIOTHEQUE/05_ML-FNDTNS/UNITER- Universal Image-Text Representation Learning/UNITER- Universal Image-Text Representation Learning.md	23	In this spirit, we introduce **UN**iversal **Image-TE**xt **Representation** (**UNITER**), a large-scale pre-trained model for joint multimodal embedding. We adopt Transformer [49] as the core of our model, to leverage its elegant self-attention mechanism designed for learning contextualized representations. Inspired by BERT [9], which has successfully applied Transformer to NLP tasks through l...
BIBLIOTHEQUE/05_ML-FNDTNS/UNITER- Universal Image-Text Representation Learning/UNITER- Universal Image-Text Representation Learning.md	49	The model architecture of UNITER is illustrated in Figure 1. Given a pair of image and sentence, UNITER takes the visual regions of the image and textual tokens of the sentence as inputs. We design an Image Embedder and a Text Embedder to extract their respective embeddings. These embeddings are then fed into a multi-layer Transformer to learn a cross-modality contextualized embedding across vi...
BIBLIOTHEQUE/05_ML-FNDTNS/UNITER- Universal Image-Text Representation Learning/UNITER- Universal Image-Text Representation Learning.md	267	Comparison results are presented in Table 5. The *Pair* setting achieves better performance than the *Triplet* setting even without cross-attention between the image pairs. We hypothesize that it is due to the fact that our UNITER is pretrained with image-text pairs. Thus, it is difficult to finetune a pair-based pretrained model on triplet input. The bidirectional attention mechanism in the *P...
BIBLIOTHEQUE/05_ML-FNDTNS/UNITER- Universal Image-Text Representation Learning/UNITER- Universal Image-Text Representation Learning.md	276	- Block: intra-modality attention, *i.e.*, textual self-attention and visual self-attention;
BIBLIOTHEQUE/05_ML-FNDTNS/UNITER- Universal Image-Text Representation Learning/UNITER- Universal Image-Text Representation Learning.md	321	- Lee, K.H., Chen, X., Hua, G., Hu, H., He, X.: Stacked cross attention for image-text matching. In: ECCV (2018) 1, 3, 11, 21
BIBLIOTHEQUE/05_ML-FNDTNS/UNITER- Universal Image-Text Representation Learning/UNITER- Universal Image-Text Representation Learning.md	419	Natural Language for Visual Reasoning for Real (NLVR<sup>2</sup>) NLVR2 is a new challenging task for visual reasoning. The goal is to determine whether a natural language statement is true about the given image pair. Here we discuss the three architecture variants of NLVR<sup>2</sup> finetuning in detail. Since UNITER only handles one image and one text input at pre-training, the 'modality emb...
BIBLIOTHEQUE/05_ML-FNDTNS/VG4D- Vision-Language Model Goes 4D Video Recognition/VG4D- Vision-Language Model Goes 4D Video Recognition.md	44	Static Point Cloud Processing. Much progress [18] has been made in the field of static point cloud analysis. Point-based methods directly process raw point clouds as input. They are pioneered by PointNet [19], which models the permutation invariance of points with shared MLPs by point-wised feature extraction. PointNet++ [6] enhances PointNet by capturing local geometric structures. Later on, p...
BIBLIOTHEQUE/05_ML-FNDTNS/VG4D- Vision-Language Model Goes 4D Video Recognition/VG4D- Vision-Language Model Goes 4D Video Recognition.md	46	**4D Point Cloud Modeling.** Dynamic 4D point cloud modeling is more challenging than static point cloud processing. Previous point cloud video recognition methods rely on convolutional, multi-stream, or vision transformer. Within a convolutional framework, MeteorNet [28] is the first method on deep learning for dynamic raw 4D point cloud, which extends 3D points to 4D points and then appends a...
BIBLIOTHEQUE/05_ML-FNDTNS/VG4D- Vision-Language Model Goes 4D Video Recognition/VG4D- Vision-Language Model Goes 4D Video Recognition.md	48	Vision-Language Models. Large vision-language models, comprising an image and a text encoder, are trained on extensive image-text pairs in a contrastive manner to learn a shared feature space between images and textual labels. For example, CLIP is transferable to a variety of downstream tasks, including point cloud understanding [11], [12], video understanding [43]–[45], etc. Recently, several ...
BIBLIOTHEQUE/05_ML-FNDTNS/VG4D- Vision-Language Model Goes 4D Video Recognition/VG4D- Vision-Language Model Goes 4D Video Recognition.md	286	- [53] D. Ahn, S. Kim, H. Hong, and B. Ko, "Star-transformer: A spatiotemporal cross attention transformer for human action recognition," in WACV, 2023. 5
BIBLIOTHEQUE/05_ML-FNDTNS/Visual Instruction Tuning/Visual Instruction Tuning.md	102	Thus, we have a sequence of visual tokens $\mathbf{H}_{\nu}$ . Note that our simple projection scheme is lightweight, which allows us to iterate data centric experiments quickly. More sophisticated schemes to connect the image and language representations can also be considered, such as gated cross-attention in Flamingo [2] and Q-former in BLIP-2 [28]. We leave exploring possibly more effective...
BIBLIOTHEQUE/05_ML-FNDTNS/WALRUS- A Cross-Domain Foundation Model for Continuum Dynamics/WALRUS- A Cross-Domain Foundation Model for Continuum Dynamics.md	64	Walrus employs a space-time factorized transformer architecture (Ho et al., 2019; McCabe et al., 2023a) where alternating operations within a block attend along the space and time axes of space-time tensor-structured data. The procedure can be seen in Figure 1. Spatial processing uses the parallelized attention developed in Wang (2021) using axial RoPE (Su et al., 2023; Lu et al., 2023; 2024) f...
BIBLIOTHEQUE/05_ML-FNDTNS/WALRUS- A Cross-Domain Foundation Model for Continuum Dynamics/WALRUS- A Cross-Domain Foundation Model for Continuum Dynamics.md	314	Jonathan Ho, Nal Kalchbrenner, Dirk Weissenborn, and Tim Salimans. Axial attention in multidimensional transformers, 2019.
BIBLIOTHEQUE/05_ML-FNDTNS/WALRUS- A Cross-Domain Foundation Model for Continuum Dynamics/WALRUS- A Cross-Domain Foundation Model for Continuum Dynamics.md	396	- Vanilla Causal Attention (Time)
BIBLIOTHEQUE/05_ML-FNDTNS/WALRUS- A Cross-Domain Foundation Model for Continuum Dynamics/WALRUS- A Cross-Domain Foundation Model for Continuum Dynamics.md	435	| Time block | Causal Attention | Causal Attention |
BIBLIOTHEQUE/05_ML-FNDTNS/WALRUS- A Cross-Domain Foundation Model for Continuum Dynamics/WALRUS- A Cross-Domain Foundation Model for Continuum Dynamics.md	526	The Attention operation here is scaled dot product attention computed over the spatial domain such for a given time, all tokens in space attend to each other. Training stability is improved using QKNorm from (Dehghani et al., 2023). Position encoding is performed using axial RoPE (Lu et al., 2023) interpolated onto different sized grids.
BIBLIOTHEQUE/05_ML-FNDTNS/WALRUS- A Cross-Domain Foundation Model for Continuum Dynamics/WALRUS- A Cross-Domain Foundation Model for Continuum Dynamics.md	600	| Base operation (Space) | Full Attention | Axial Attention | SWIN Attention | AFNO |
BIBLIOTHEQUE/05_ML-FNDTNS/WALRUS- A Cross-Domain Foundation Model for Continuum Dynamics/WALRUS- A Cross-Domain Foundation Model for Continuum Dynamics.md	601	| Base operation (Time) | Causal Attention | Acausal Attention | None | Temporal-aggregation |
BIBLIOTHEQUE/05_ML-FNDTNS/What matters when building vision-language models- (Idefics2)/What matters when building vision-language models- (Idefics2).md	23	We identify two areas where various works adopt different design choices: (a) model architecture, and in particular, connector modules that fuse the vision and text modalities and their impact on inference efficiency, (b) multimodal training procedure and its impact on training stability. For each of these areas, we rigorously compare different design choices in a controlled environment and ext...
BIBLIOTHEQUE/05_ML-FNDTNS/What matters when building vision-language models- (Idefics2)/What matters when building vision-language models- (Idefics2).md	37	Recent works explore two main choices to combine the visual inputs and the text inputs. In the *cross-attention architecture* (Alayrac et al., 2022; Laurençon et al., 2023; Awadalla et al., 2023), the images encoded through the vision backbone are injected at different layers within the language model by interleaving cross-attention blocks in which the text cross-attends to the image hidden sta...
BIBLIOTHEQUE/05_ML-FNDTNS/What matters when building vision-language models- (Idefics2)/What matters when building vision-language models- (Idefics2).md	51	We fix the size of the pretrained backbones, the data used for multimodal pre-training, and the number of training updates. Under the cross-attention architecture, we observe that the greatest improvement in the performance on vision-language benchmarks comes from changing the language model to a better one. More specifically, replacing LLaMA-1-7B (Touvron et al., 2023) (35.1% on MMLU (Hendryck...
BIBLIOTHEQUE/05_ML-FNDTNS/What matters when building vision-language models- (Idefics2)/What matters when building vision-language models- (Idefics2).md	78	# 3.2 How does the fully autoregressive architecture compare to the cross-attention architecture?
BIBLIOTHEQUE/05_ML-FNDTNS/What matters when building vision-language models- (Idefics2)/What matters when building vision-language models- (Idefics2).md	82	Following (Alayrac et al., 2022), we first compare the two architectures by freezing the unimodal backbones and training only the newly initialized parameters (cross-attention on one side, and modality projection along with learned pooling on the other side), while fixing the amount of training data. Alayrac et al. (2022) shows that the more frequently the cross-attention blocks are interleaved...
BIBLIOTHEQUE/05_ML-FNDTNS/What matters when building vision-language models- (Idefics2)/What matters when building vision-language models- (Idefics2).md	88	| Cross-attention | Frozen | 66.7 |
BIBLIOTHEQUE/05_ML-FNDTNS/What matters when building vision-language models- (Idefics2)/What matters when building vision-language models- (Idefics2).md	89	| Cross-attention | LoRA | 67.3 |
BIBLIOTHEQUE/05_ML-FNDTNS/What matters when building vision-language models- (Idefics2)/What matters when building vision-language models- (Idefics2).md	94	guage model layers, and the higher the vision-language performance. As such, we note that under this setup, the cross-attention architecture has 1.3B more trainable parameters (2B trainable parameters in total) than the fully autoregressive architecture. Additionally, at inference time, the former uses 10% more flops than the latter. Under these conditions, we observe that the cross-attention a...
BIBLIOTHEQUE/05_ML-FNDTNS/What matters when building vision-language models- (Idefics2)/What matters when building vision-language models- (Idefics2).md	96	Out of the total number of parameters, approximately 15% for the fully autoregressive architecture and 25% for the cross-attention are trained. We hypothesize that this low proportion limits the expressivity of the training and hinders performance. To test that hypothesis, we compare the two architectures by unfreezing all parameters (newly initialized parameters and parameters of the pre-train...
BIBLIOTHEQUE/05_ML-FNDTNS/What matters when building vision-language models- (Idefics2)/What matters when building vision-language models- (Idefics2).md	98	This setup yields significantly more stable trainings, and more importantly, we observe a 12.9 points increase under the fully autoregressive architecture, and 0.6 point under the cross-attention architecture. While the cross-attention architecture performs better than the fully autoregressive architecture with frozen backbones, it is worse when we add degrees of liberty for the pre-trained bac...
BIBLIOTHEQUE/05_ML-FNDTNS/What matters when building vision-language models- (Idefics2)/What matters when building vision-language models- (Idefics2).md	102	**Finding 2.** The cross-attention architecture performs better than the fully autoregressive one when unimodal pre-trained backbones are kept frozen. However, when training the unimodal backbones, the fully autoregressive architecture outperforms the cross-attention one, even though the latter has more parameters.
BIBLIOTHEQUE/05_ML-FNDTNS/What matters when building vision-language models- (Idefics2)/What matters when building vision-language models- (Idefics2).md	209	FA: fully autoregressive architecture. CA: cross-attention architecture.
BIBLIOTHEQUE/05_ML-FNDTNS/What matters when building vision-language models- (Idefics2)/What matters when building vision-language models- (Idefics2).md	434	#### A.1.1 Cross-attention vs. fully autoregressive architectures
BIBLIOTHEQUE/05_ML-FNDTNS/What matters when building vision-language models- (Idefics2)/What matters when building vision-language models- (Idefics2).md	436	We apply LoRA modules to the LLM for the fully autoregressive architecture and to the cross-attention modules and the LLM for the cross-attention architecture. In Figure 4, we report the average performance with respect to the number of steps, the number of images, as well as the number of text tokens. We see an improvement across the board with the fully autoregressive architecture. Comparing ...
BIBLIOTHEQUE/05_ML-FNDTNS/What matters when building vision-language models- (Idefics2)/What matters when building vision-language models- (Idefics2).md	440	Figure 4: Comparison of the cross-attention and fully autoregressive architectures through the number of steps, the number of images and the number of text tokens.
BIBLIOTHEQUE/05_ML-FNDTNS/XLNet- Generalized Autoregressive Pretraining for Language Understanding/XLNet- Generalized Autoregressive Pretraining for Language Understanding.md	75	#### 2.3 Architecture: Two-Stream Self-Attention for Target-Aware Representations
BIBLIOTHEQUE/05_ML-FNDTNS/XLNet- Generalized Autoregressive Pretraining for Language Understanding/XLNet- Generalized Autoregressive Pretraining for Language Understanding.md	79	Figure 1: (a): Content stream attention, which is the same as the standard self-attention. (b): Query stream attention, which does not have access information about the content $x_{z_t}$ . (c): Overview of the permutation language modeling training with two-stream attention.
BIBLIOTHEQUE/05_ML-FNDTNS/XLNet- Generalized Autoregressive Pretraining for Language Understanding/XLNet- Generalized Autoregressive Pretraining for Language Understanding.md	92	**Two-Stream Self-Attention** While the idea of target-aware representations removes the ambiguity in target prediction, how to formulate $g_{\theta}(\mathbf{x}_{\mathbf{z}_{< t}}, z_t)$ remains a non-trivial problem. Among other possibilities, we propose to "stand" at the target position $z_t$ and rely on the position $z_t$ to gather information from the context $\mathbf{x}_{\mathbf{z}_{< t}}$...
BIBLIOTHEQUE/05_ML-FNDTNS/XLNet- Generalized Autoregressive Pretraining for Language Understanding/XLNet- Generalized Autoregressive Pretraining for Language Understanding.md	97	Computationally, the first layer query stream is initialized with a trainable vector, i.e. $g_i^{(0)} = w$ , while the content stream is set to the corresponding word embedding, i.e. $h_i^{(0)} = e(x_i)$ . For each self-attention layer $m = 1, \ldots, M$ , the two streams of representations are *schematically*<sup>2</sup> updated
BIBLIOTHEQUE/05_ML-FNDTNS/XLNet- Generalized Autoregressive Pretraining for Language Understanding/XLNet- Generalized Autoregressive Pretraining for Language Understanding.md	99	<sup>&</sup>lt;sup>2</sup>To avoid clutter, we omit the implementation details including multi-head attention, residual connection, layer normalization and position-wise feed-forward as used in Transformer(-XL). The details are included in Appendix A.2 for reference.
BIBLIOTHEQUE/05_ML-FNDTNS/XLNet- Generalized Autoregressive Pretraining for Language Understanding/XLNet- Generalized Autoregressive Pretraining for Language Understanding.md	107	where Q, K, V denote the query, key, and value in an attention operation [33]. The update rule of the content representations is exactly the same as the standard self-attention, so during finetuning, we can simply drop the query stream and use the content stream as a normal Transformer(-XL). Finally, we can use the last-layer query representation $g_{zt}^{(M)}$ to compute Eq. (4).
BIBLIOTHEQUE/05_ML-FNDTNS/XLNet- Generalized Autoregressive Pretraining for Language Understanding/XLNet- Generalized Autoregressive Pretraining for Language Understanding.md	266	- [1] Rami Al-Rfou, Dokook Choe, Noah Constant, Mandy Guo, and Llion Jones. Character-level language modeling with deeper self-attention. *arXiv preprint arXiv:1808.04444*, 2018.
BIBLIOTHEQUE/05_ML-FNDTNS/XLNet- Generalized Autoregressive Pretraining for Language Understanding/XLNet- Generalized Autoregressive Pretraining for Language Understanding.md	309	# A Target-Aware Representation via Two-Stream Self-Attention
BIBLIOTHEQUE/05_ML-FNDTNS/XLNet- Generalized Autoregressive Pretraining for Language Understanding/XLNet- Generalized Autoregressive Pretraining for Language Understanding.md	467	As shown in Figure 5 and 6, given the current position $z_t$ , the attention mask is decided by the permutation (or factorization order) $\mathbf{z}$ such that only tokens the occur before $z_t$ in the permutation can be attended; i.e., positions $z_i$ with i < t. Moreover, comparing Figure 5 and 6, we can see how the query stream and the content stream work differently with a specific permutat...
BIBLIOTHEQUE/05_ML-FNDTNS/XLNet- Generalized Autoregressive Pretraining for Language Understanding/XLNet- Generalized Autoregressive Pretraining for Language Understanding.md	475	Figure 5: A detailed illustration of the **content stream** of the proposed objective with both the joint view and split views based on a length-4 sequence under the factorization order [3, 2, 4, 1]. Note that if we ignore the query representation, the computation in this figure is simply the standard self-attention, though with a particular attention mask.
BIBLIOTHEQUE/05_ML-FNDTNS/Zephyr- Direct Distillation of LM Alignment/Zephyr- Direct Distillation of LM Alignment.md	79	models like LLaMa 34B on many NLP benchmarks. We use the Transformer Reinforcement Learning (TRL) library for fine-tuning (von Werra et al., 2020), in conjunction with DeepSpeed ZeRO-3 (Rajbhandari et al., 2020) and FlashAttention-2 (Dao, 2023) to optimize memory and improve training speed. All models are trained with the AdamW optimizer and no weight decay. We did not experiment with parameter...
BIBLIOTHEQUE/05_ML-FNDTNS/Zephyr- Direct Distillation of LM Alignment/Zephyr- Direct Distillation of LM Alignment.md	202	- Tri Dao. FlashAttention-2: Faster attention with better parallelism and work partitioning. 2023.
