BIBLIOTHEQUE/03_COMP-REAS/Adaptive Attention Span in Transformers/Adaptive Attention Span in Transformers.md	44	relative_position	where $\mathbf{W}_k$ and $\mathbf{W}_q$ are the "key" and "query" matrices, and $\mathbf{p}_{t-r}$ is the relative position embedding. The attention weights are then obtained by applying a softmax function on these similarities:
BIBLIOTHEQUE/03_COMP-REAS/Adaptive Thinking Using Dynamic Computation/Adaptive Thinking Using Dynamic Computation.md	126	relative_position	For simplicity, the MIND-Transformer employs the same configurations as a standard Transformer of Vaswani et al. (2017) (see Table 1). The model incorporates fixed point iterations within its self-attention mechanism and transition function block ( $\phi$ ) across multiple layers. We utilize relative positional embe...
BIBLIOTHEQUE/03_COMP-REAS/Autoregressive Modeling as Iterative Latent Equilibrium (Equilibrium Transformers, EqT)/Autoregressive Modeling as Iterative Latent Equilibrium (Equilibrium Transformers, EqT).md	590	sinusoidal_absolute	- Standard Transformer: 6 layers, 256 hidden dimensions, 8 attention heads, sinusoidal positional encoding. Total parameters: ∼6.3M.
BIBLIOTHEQUE/03_COMP-REAS/Beyond A-- Planning with Transformers/Beyond A-- Planning with Transformers.md	133	rope	For each experiment an adaptation of the encoder-decoder T5 architecture (Raffel et al., 2020) is used that integrates Rotary Position Embeddings (RoPE) (Su et al., 2023). More details and hyper-parameters can be found in Appendix B. The encoder processes the prompt> part of a training sequence, and the decoder proc...
BIBLIOTHEQUE/03_COMP-REAS/Deep Equilibrium Models/Deep Equilibrium Models.md	150	relative_position	where $W_{QKV} \in \mathbb{R}^{d \times 3d}$ produces the Q, K, V for the multi-head self-attention, and LN stands for layer normalization [5]. Note that we add input injection $\tilde{\mathbf{x}}_{1:T}$ to Q, K, V in addition to the positional embedding and initialize with $\mathbf{z}_{1:T}^{[0]} = \mathbf{0}$ . Fo...
BIBLIOTHEQUE/03_COMP-REAS/Deep Equilibrium Models/Deep Equilibrium Models.md	180	relative_position	**Setting.** Both instantiations of DEQ use Broyden's method [10] to avoid direct computation of the inverse Jacobian, as described in Section 3.1.3. We note that the use of DEQ implicitly introduces a new "hyperparameter" – the stopping criterion for Broyden iterations. During training, we set this tolerance $\vare...
BIBLIOTHEQUE/03_COMP-REAS/Gated Attention for LLMs- Non-linearity, Sparsity, Sink-Free/Gated Attention for LLMs- Non-linearity, Sparsity, Sink-Free.md	230	rope	Based on the attention-sink-free pattern, we evaluate the SDPA gating's effect in the long-context setting. Specifically, we extend the context length for the models trained on 3.5T tokens. We increase the RoPE (Su et al., 2024) base from 10k to 1M and continue training on data with a
BIBLIOTHEQUE/03_COMP-REAS/Gated Attention for LLMs- Non-linearity, Sparsity, Sink-Free/Gated Attention for LLMs- Non-linearity, Sparsity, Sink-Free.md	241	rope	sequence length of 32k for an additional 80B tokens. This gives us models with a context length of 32k. Subsequently, we use YaRN (Peng et al., 2023) to extend the context length to 128k. We evaluate models on the RULER benchmark (Hsieh et al., 2024) and summarize results in Tab. 5. We observe the following: (i) Und...
BIBLIOTHEQUE/03_COMP-REAS/Hierarchical Reasoning Model (HRM)/Hierarchical Reasoning Model (HRM).md	180	rope	Both the low-level and high-level recurrent modules $f_L$ and $f_H$ are implemented using encoderonly Transformer <sup>52</sup> blocks with identical architectures and dimensions. These modules take multiple inputs, and we use straightforward element-wise addition to combine them, though more sophisticated merging t...
BIBLIOTHEQUE/03_COMP-REAS/Implicit Factorized Transformer (IFactFormer)/Implicit Factorized Transformer (IFactFormer).md	224	rope	## Appendix A. Rotary Positional Encoding
BIBLIOTHEQUE/03_COMP-REAS/Implicit Factorized Transformer (IFactFormer)/Implicit Factorized Transformer (IFactFormer).md	226	rope	To provide the attention mechanism with relative positional information between different points, it is usually necessary to encode additional positional information. Su et al. [59] designed Rotary Position Embedding (RoPE) to effectively utilize the positional information, which is encoded through the inner product...
BIBLIOTHEQUE/03_COMP-REAS/Implicit Factorized Transformer (IFactFormer)/Implicit Factorized Transformer (IFactFormer).md	232	rope	where $\Theta = \left\{\theta_i = 10000^{-2(i-1)/d}, i \in [1,2,\dots,d/2]\right\}$ are the hyperparameters. This setting of the hyperparameters ensures a wide range of wavelengths, which means that each position has a unique positional encoding [19,59]. The matrix product with RoPE is defined as follows:
BIBLIOTHEQUE/03_COMP-REAS/Implicit Factorized Transformer (IFactFormer)/Implicit Factorized Transformer (IFactFormer).md	236	rope	Here $\mathbf{R}_{\Theta,n-m}^d = \left(\mathbf{R}_{\Theta,m}^d\right)^T \mathbf{R}_{\Theta,n}^d$ , benefiting from the properties of the rotary matrix.
BIBLIOTHEQUE/03_COMP-REAS/Less is More- Recursive Reasoning with Tiny Networks/Less is More- Recursive Reasoning with Tiny Networks.md	41	rope	HRM contains four learnable components: the input embedding $f_I(\cdot;\theta_I)$ , low-level recurrent network $f_L(\cdot;\theta_L)$ , high-level recurrent network $f_H(\cdot;\theta_H)$ , and the output head $f_O(\cdot;\theta_O)$ . Once the input is embedded, the shape becomes [B,L,D] where D is the embedding size....
BIBLIOTHEQUE/03_COMP-REAS/Memorizing Transformers/Memorizing Transformers.md	87	relative_position	**Position bias.** For dense attention within the local context, we use the T5 relative position bias (Raffel et al., 2020). As noted by Dai et al. (2019), adding a global position encoding to each token does not work well when processing long documents. We don't use a position bias for the retrieved memories. Exper...
BIBLIOTHEQUE/03_COMP-REAS/Nystromformer- A Nystrom-Based Algorithm for Approximating Self-Attention/Nystromformer- A Nystrom-Based Algorithm for Approximating Self-Attention.md	37	other_variant	Linearized Softmax. In (Blanc and Rendle 2018), an adaptive sampled softmax with a kernel based sampling was shown to speed up training. It involves sampling only some of the classes at each training step using a linear dot product approximation. In (Rawat et al. 2019), the Random Fourier Softmax (RF-softmax) idea u...
BIBLIOTHEQUE/03_COMP-REAS/Physics of Language Models- Part 4.1, Architecture Design and the Magic of Canon Layers/Physics of Language Models- Part 4.1, Architecture Design and the Magic of Canon Layers.md	11	rope	We present 12 key results. This includes how Canon layers enhance reasoning depth (e.g., by 2×), reasoning breadth, knowledge manipulation, etc. They lift weak architectures like NoPE to match RoPE, and linear attention to rival SOTA linear models like Mamba2/GDN—validated both through synthetic tasks and real-world...
BIBLIOTHEQUE/03_COMP-REAS/Physics of Language Models- Part 4.1, Architecture Design and the Magic of Canon Layers/Physics of Language Models- Part 4.1, Architecture Design and the Magic of Canon Layers.md	56	rope	- REVIVING NOPE. Integrating Canon layers transforms NoPE models into strong performers, often matching or surpassing RoPE(+Canon). Canon layers outperform positional fixes like ALiBi [45] or H-Alibi [31], and reducing/removing RoPE usage improves length generalization.
BIBLIOTHEQUE/03_COMP-REAS/Physics of Language Models- Part 4.1, Architecture Design and the Magic of Canon Layers/Physics of Language Models- Part 4.1, Architecture Design and the Magic of Canon Layers.md	56	alibi	- REVIVING NOPE. Integrating Canon layers transforms NoPE models into strong performers, often matching or surpassing RoPE(+Canon). Canon layers outperform positional fixes like ALiBi [45] or H-Alibi [31], and reducing/removing RoPE usage improves length generalization.
BIBLIOTHEQUE/03_COMP-REAS/Physics of Language Models- Part 4.1, Architecture Design and the Magic of Canon Layers/Physics of Language Models- Part 4.1, Architecture Design and the Magic of Canon Layers.md	75	rope	Result 12: Academic-Scale Real-World Pretraining (Section 8). Pretraining 1.3B-parameter models on 100B tokens (context length 4096) shows high noise and limited resolution, making many architectural comparisons statistically unreliable. Still, several consistent patterns emerge. Canon layers markedly improve NoPE a...
BIBLIOTHEQUE/03_COMP-REAS/Physics of Language Models- Part 4.1, Architecture Design and the Magic of Canon Layers/Physics of Language Models- Part 4.1, Architecture Design and the Magic of Canon Layers.md	97	alibi	<sup>&</sup>lt;sup>2</sup>This is observed in methods like ALiBi [45], Halibi [31], and Mimetic initialization [66], whose performance degrades on shorter contexts, as we show in this paper.
BIBLIOTHEQUE/03_COMP-REAS/Physics of Language Models- Part 4.1, Architecture Design and the Magic of Canon Layers/Physics of Language Models- Part 4.1, Architecture Design and the Magic of Canon Layers.md	159	rope	Quadratic-time attention models include BERT [36] and GPT-2 [48]. Refinements such as Rotary Position Embeddings (RoPE) [13, 61] and gated MLPs [56] define their modern variants. We use the Huggingface implementation of Llama, denoted Llama(RoPE), which includes both refinements, and Llama(NoPE), which omits positio...
BIBLIOTHEQUE/03_COMP-REAS/Physics of Language Models- Part 4.1, Architecture Design and the Magic of Canon Layers/Physics of Language Models- Part 4.1, Architecture Design and the Magic of Canon Layers.md	161	rope	RoPE models often generalize poorly beyond training context lengths, whereas NoPE generalizes better but achieves lower overall performance. Recent attention-score variants such as **ALiBi** [45] and **Hard-ALiBi** [31] partially mitigate this, and we shall investigate closely in this paper.
BIBLIOTHEQUE/03_COMP-REAS/Physics of Language Models- Part 4.1, Architecture Design and the Magic of Canon Layers/Physics of Language Models- Part 4.1, Architecture Design and the Magic of Canon Layers.md	161	alibi	RoPE models often generalize poorly beyond training context lengths, whereas NoPE generalizes better but achieves lower overall performance. Recent attention-score variants such as **ALiBi** [45] and **Hard-ALiBi** [31] partially mitigate this, and we shall investigate closely in this paper.
BIBLIOTHEQUE/03_COMP-REAS/Physics of Language Models- Part 4.1, Architecture Design and the Magic of Canon Layers/Physics of Language Models- Part 4.1, Architecture Design and the Magic of Canon Layers.md	173	rope	Figure 4: Initial comparison of base models on five synthetic tasks. GLA performs weakest; Mamba2(mlp) excels in knowledge (CAPO, MANO); GDN strengthens reasoning and surpasses Llama(RoPE) on Brevo (reasoning breadth), while RoPE remains best on DEPO+LANO (depth and structural reasoning). These results confirm our s...
BIBLIOTHEQUE/03_COMP-REAS/Physics of Language Models- Part 4.1, Architecture Design and the Magic of Canon Layers/Physics of Language Models- Part 4.1, Architecture Design and the Magic of Canon Layers.md	191	rope	From Figure 4, linear-attention GLA performs weakest overall. Mamba2 excels on knowledge tasks (Capo, Mano) but lags in reasoning. GDN improves Mamba2's reasoning and occasionally surpasses Llama(RoPE) on certain reasoning tasks (e.g., Brevo), though not others. These patterns align with real-world observations on n...
BIBLIOTHEQUE/03_COMP-REAS/Physics of Language Models- Part 4.1, Architecture Design and the Magic of Canon Layers/Physics of Language Models- Part 4.1, Architecture Design and the Magic of Canon Layers.md	211	rope	Figure 5: A trivial token-copying experiment for 500 tokens, added for completeness. 1-layer RoPE requires $d \ge 128$ , while 2-layer RoPE or 1-layer RoPE + Canon achieves 100% with d = 16.
BIBLIOTHEQUE/03_COMP-REAS/Physics of Language Models- Part 4.1, Architecture Design and the Magic of Canon Layers/Physics of Language Models- Part 4.1, Architecture Design and the Magic of Canon Layers.md	217	rope	The importance of local context. Even simple tasks like token recall require careful mixing of local context—not to say more complex ones or when words span multiple tokens. Since MLP layers don't mix tokens, attention must handle all communication. Rotary and relative positional encodings help by biasing attention ...
BIBLIOTHEQUE/03_COMP-REAS/Physics of Language Models- Part 4.1, Architecture Design and the Magic of Canon Layers/Physics of Language Models- Part 4.1, Architecture Design and the Magic of Canon Layers.md	253	rope	**Related Work.** A precursor to Canon layers appears in [6], which studied uniform attention—i.e., averaging the past k tokens—for $k \in \{1, 2, 4, 8, ...\}$ on CFG tasks. Surprisingly, this simple mixing outperformed GPT2 with absolute positional embeddings and closely approached GPT2(RoPE). Canon layers generali...
BIBLIOTHEQUE/03_COMP-REAS/Physics of Language Models- Part 4.1, Architecture Design and the Magic of Canon Layers/Physics of Language Models- Part 4.1, Architecture Design and the Magic of Canon Layers.md	267	rope	Figure 7: Column 1→2: Canon layers dramatically enhance RoPE, improving reasoning depth by 2–4×.
BIBLIOTHEQUE/03_COMP-REAS/Physics of Language Models- Part 4.1, Architecture Design and the Magic of Canon Layers/Physics of Language Models- Part 4.1, Architecture Design and the Magic of Canon Layers.md	269	rope	Column 4→5: Canon transforms NoPE into a strong performer on par with RoPE-based models.
BIBLIOTHEQUE/03_COMP-REAS/Physics of Language Models- Part 4.1, Architecture Design and the Magic of Canon Layers/Physics of Language Models- Part 4.1, Architecture Design and the Magic of Canon Layers.md	271	rope	Column 2+5→3: With Canon, RoPE usage can be reduced — RoPE + Canon (RoPE enabled for 1/4 dimensions) outperforms both RoPE/NoPE + Canon, great news for length generalization!
BIBLIOTHEQUE/03_COMP-REAS/Physics of Language Models- Part 4.1, Architecture Design and the Magic of Canon Layers/Physics of Language Models- Part 4.1, Architecture Design and the Magic of Canon Layers.md	283	rope	Figure 4+7 show that a 12-layer, 768-dimension Llama(RoPE) model trained on our ideal data can only handle 4-hop retrieval in contexts of length 2048. Can this be any better?
BIBLIOTHEQUE/03_COMP-REAS/Physics of Language Models- Part 4.1, Architecture Design and the Magic of Canon Layers/Physics of Language Models- Part 4.1, Architecture Design and the Magic of Canon Layers.md	287	rope	Figure 8: Training curves for RoPE models w/+w/o Canon, on DEPO2(K = 16), evaluated at k = 1, 2, 4, 8, 16 and maximum size n = N, shown in two best LRs. More model sizes/data are in Figure 19 on Page 41.
BIBLIOTHEQUE/03_COMP-REAS/Physics of Language Models- Part 4.1, Architecture Design and the Magic of Canon Layers/Physics of Language Models- Part 4.1, Architecture Design and the Magic of Canon Layers.md	289	rope	### 5.1 RoPE with Canon Layers
BIBLIOTHEQUE/03_COMP-REAS/Physics of Language Models- Part 4.1, Architecture Design and the Magic of Canon Layers/Physics of Language Models- Part 4.1, Architecture Design and the Magic of Canon Layers.md	291	rope	Result 2 (Figure 7 — 1st vs. 2nd column). In our controlled playground, Canon layers (ABCD) introduce substantial improvements: with a 0.5% increase in trainable parameters, reasoning depth of RoPE increases by 2-4×, reasoning breadth by 30%, knowledge capacity by 10–15%, knowledge manipulation length by 30%, measur...
BIBLIOTHEQUE/03_COMP-REAS/Physics of Language Models- Part 4.1, Architecture Design and the Magic of Canon Layers/Physics of Language Models- Part 4.1, Architecture Design and the Magic of Canon Layers.md	293	rope	Task Depo. In reasoning depth, RoPE pretrained on DEPo1(K=8)—covering ( $k \le 8$ )—hop instances—achieves near-zero accuracy even at k=4, whereas RoPE+Canon-ABCD exceeds 50% at k=8. On DEPo2(K=16)—a more challenging setup where each directed edge spans 10–14 tokens, far beyond a 4-token Canon window—RoPE completely...
BIBLIOTHEQUE/03_COMP-REAS/Physics of Language Models- Part 4.1, Architecture Design and the Magic of Canon Layers/Physics of Language Models- Part 4.1, Architecture Design and the Magic of Canon Layers.md	299	rope	Thus, architectures that enable faster mastery of 1- and 2-hop reasoning climb the hierarchy faster, as illustrated in Figure 8. RoPE + Canon-ABCD achieves deeper reasoning progression much faster than vanilla RoPE, leveraging the inherent easy-to-hard structure of multi-hop tasks. We emphasize again that this is no...
BIBLIOTHEQUE/03_COMP-REAS/Physics of Language Models- Part 4.1, Architecture Design and the Magic of Canon Layers/Physics of Language Models- Part 4.1, Architecture Design and the Magic of Canon Layers.md	301	rope	**Task Brevo.** On reasoning breadth, we observe 30% improvement by introducing Canon-ABCD. Specifically, the accuracies of RoPE to solve Brevo1(N=70) or Brevo2(N=30) resemble the performance of RoPE+Canon to solve Brevo1(N=90) or Brevo2(N=40). Since input length scales with N, this reflects roughly 30% increase in ...
BIBLIOTHEQUE/03_COMP-REAS/Physics of Language Models- Part 4.1, Architecture Design and the Magic of Canon Layers/Physics of Language Models- Part 4.1, Architecture Design and the Magic of Canon Layers.md	315	rope	| | Task Brevo1 - Llama(RoPE) - Canon-ABCD(res) | | | | | | | | | | | | | | | | | | | | | | | |
BIBLIOTHEQUE/03_COMP-REAS/Physics of Language Models- Part 4.1, Architecture Design and the Magic of Canon Layers/Physics of Language Models- Part 4.1, Architecture Design and the Magic of Canon Layers.md	320	rope	| | Task Brevo1 - Llama(RoPE) - | | | | | | | | | | | | | | | | | | | | | | | |
BIBLIOTHEQUE/03_COMP-REAS/Physics of Language Models- Part 4.1, Architecture Design and the Magic of Canon Layers/Physics of Language Models- Part 4.1, Architecture Design and the Magic of Canon Layers.md	328	rope	by depth of the dependency depth. Recall each query in BREVO requires the model to identify all vertices it recursively depends on, forming a sub-DAG of varying (minimum) depth. In Figure 9, we plot model accuracy not only overall but also separately for problem instaces spanning DAG depths of 1, 2, 3, 4, 5. The res...
BIBLIOTHEQUE/03_COMP-REAS/Physics of Language Models- Part 4.1, Architecture Design and the Magic of Canon Layers/Physics of Language Models- Part 4.1, Architecture Design and the Magic of Canon Layers.md	330	rope	Task Capo. On knowledge capacity, prior work [8] found that gated MLP layers in Llama(RoPE) reduce model capacity due to slower and less stable training dynamics. One remedy proposed in that work is to revert gated MLP back to standard MLP; however, this sacrifices reasoning capability (see Section 5.4). Here, we pr...
BIBLIOTHEQUE/03_COMP-REAS/Physics of Language Models- Part 4.1, Architecture Design and the Magic of Canon Layers/Physics of Language Models- Part 4.1, Architecture Design and the Magic of Canon Layers.md	332	rope	Task Mano. On knowledge manipulation, Canon layers increase manipulable length. RoPE+Canon matches the performance of vanilla RoPE on Mano(L=10) when tested on Mano(L=13), a 30% improvement in length. This again stems from Canon layers accelerating hierarchical learning, enabling the model to scale from simpler task...
BIBLIOTHEQUE/03_COMP-REAS/Physics of Language Models- Part 4.1, Architecture Design and the Magic of Canon Layers/Physics of Language Models- Part 4.1, Architecture Design and the Magic of Canon Layers.md	334	rope	Task Lano. Canon layers improve RoPE's performance on hierarchical language structure reasoning, though interpreting the gains requires some algorithmic background. For context, dataset cfg3k adds one level of structural complexity above cfg3f, using the same CFG rule distribution (see Appendix A.5). RoPE+Canon outp...
BIBLIOTHEQUE/03_COMP-REAS/Physics of Language Models- Part 4.1, Architecture Design and the Magic of Canon Layers/Physics of Language Models- Part 4.1, Architecture Design and the Magic of Canon Layers.md	342	rope	- NoPE+Canon matches RoPE+Canon and even surpasses it on DEPO; a remarkable result given that without Canon, NoPE achieves essentially zero performance on all measures.
BIBLIOTHEQUE/03_COMP-REAS/Physics of Language Models- Part 4.1, Architecture Design and the Magic of Canon Layers/Physics of Language Models- Part 4.1, Architecture Design and the Magic of Canon Layers.md	343	alibi	- NoPE+Canon significantly outperforms existing fixes for NoPE, such as ALiBi and H-Alibi.
BIBLIOTHEQUE/03_COMP-REAS/Physics of Language Models- Part 4.1, Architecture Design and the Magic of Canon Layers/Physics of Language Models- Part 4.1, Architecture Design and the Magic of Canon Layers.md	344	rope	- With Canon layers, RoPE usage can be greatly reduced: RoPE on only 1/4 dims (denoted RoPE+JCanon) outperforms both RoPE/NoPE+Canon, great news for length generalization.
BIBLIOTHEQUE/03_COMP-REAS/Physics of Language Models- Part 4.1, Architecture Design and the Magic of Canon Layers/Physics of Language Models- Part 4.1, Architecture Design and the Magic of Canon Layers.md	346	rope	Canon layers skyrocket NoPE performance. Canon layers dramatically improve NoPE (No Positional Embedding) transformers, lifting them from near-zero accuracy to competitive levels, even slightly surpassing RoPE+Canon on reasoning depth. NoPE-Canon is only weaker on Task Lano, which involves hierarchical structural le...
BIBLIOTHEQUE/03_COMP-REAS/Physics of Language Models- Part 4.1, Architecture Design and the Magic of Canon Layers/Physics of Language Models- Part 4.1, Architecture Design and the Magic of Canon Layers.md	348	rope	**Dominance over existing fixes on NoPE.** While NoPE excels at length generalization, its performance on complex reasoning tasks has historically been weak. Fixes like ALiBi [45] and Hard-Alibi [31] partially address this: ALiBi applies a distance-based penalty to attention weights $^{15}$ , while Hard-Alibi disabl...
BIBLIOTHEQUE/03_COMP-REAS/Physics of Language Models- Part 4.1, Architecture Design and the Magic of Canon Layers/Physics of Language Models- Part 4.1, Architecture Design and the Magic of Canon Layers.md	348	alibi	**Dominance over existing fixes on NoPE.** While NoPE excels at length generalization, its performance on complex reasoning tasks has historically been weak. Fixes like ALiBi [45] and Hard-Alibi [31] partially address this: ALiBi applies a distance-based penalty to attention weights $^{15}$ , while Hard-Alibi disabl...
BIBLIOTHEQUE/03_COMP-REAS/Physics of Language Models- Part 4.1, Architecture Design and the Magic of Canon Layers/Physics of Language Models- Part 4.1, Architecture Design and the Magic of Canon Layers.md	350	rope	Minimal RoPE usage with Canon layers. Canon layers eliminate the need for heavy RoPE usage, and excessive RoPE can even hurt performance. With Canons, minimal RoPE usage is sufficient—often preferable—for optimal results. For example, enabling RoPE on half of the heads at half of their dimensions (denoted JCanon) co...
BIBLIOTHEQUE/03_COMP-REAS/Physics of Language Models- Part 4.1, Architecture Design and the Magic of Canon Layers/Physics of Language Models- Part 4.1, Architecture Design and the Magic of Canon Layers.md	354	rope	These findings translate to real-life. To be shown in Section 8, NoPE+Canon consistently matches or surpasses RoPE+Canon in real-world pretraining; the RoPE+JCanon variants outperform RoPE+Canon on several reasoning tasks, particularly involving long-context inputs.
BIBLIOTHEQUE/03_COMP-REAS/Physics of Language Models- Part 4.1, Architecture Design and the Magic of Canon Layers/Physics of Language Models- Part 4.1, Architecture Design and the Magic of Canon Layers.md	366	rope	Figure 10: Ablation study on 12-layer, 768-dim Transformers—NoPE (top) and RoPE (bottom)—with Canon variants (A–D), residual links, activation functions, ALiBi, and H-Alibi. Blank entries indicate untested configs due to resource limits. Additional ablation studies (with more model sizes) are in Figure 27 (RoPE), Fi...
BIBLIOTHEQUE/03_COMP-REAS/Physics of Language Models- Part 4.1, Architecture Design and the Magic of Canon Layers/Physics of Language Models- Part 4.1, Architecture Design and the Magic of Canon Layers.md	366	alibi	Figure 10: Ablation study on 12-layer, 768-dim Transformers—NoPE (top) and RoPE (bottom)—with Canon variants (A–D), residual links, activation functions, ALiBi, and H-Alibi. Blank entries indicate untested configs due to resource limits. Additional ablation studies (with more model sizes) are in Figure 27 (RoPE), Fi...
BIBLIOTHEQUE/03_COMP-REAS/Physics of Language Models- Part 4.1, Architecture Design and the Magic of Canon Layers/Physics of Language Models- Part 4.1, Architecture Design and the Magic of Canon Layers.md	538	rope	Figure 14: **Final comparison of base architectures** equipped with full-score Canon layers: RoPE(→), NoPE, Mamba2, GLA and GDN. Most notably, with Canon layers added, Mamba2/GLA/GDN still underperform Transformers by 2× in reasoning depth, with meaningful results only for Depo(K=4).
BIBLIOTHEQUE/03_COMP-REAS/Physics of Language Models- Part 4.1, Architecture Design and the Magic of Canon Layers/Physics of Language Models- Part 4.1, Architecture Design and the Magic of Canon Layers.md	554	rope	- reasoning depth: $RoPE(\downarrow) \approx NoPE \gg Mamba2 \approx GLA \approx GDN$ (e.g., $4 \times$ deeper reasoning);
BIBLIOTHEQUE/03_COMP-REAS/Physics of Language Models- Part 4.1, Architecture Design and the Magic of Canon Layers/Physics of Language Models- Part 4.1, Architecture Design and the Magic of Canon Layers.md	555	rope	- reasoning breadth: $GDN \geq RoPE(J) \approx NoPE \approx GLA > Mamba2$ ;
BIBLIOTHEQUE/03_COMP-REAS/Physics of Language Models- Part 4.1, Architecture Design and the Magic of Canon Layers/Physics of Language Models- Part 4.1, Architecture Design and the Magic of Canon Layers.md	556	rope	- knowledge capacity: $Mamba2 \approx GLA \approx GDN \gg RoPE(\clubsuit) \approx NoPE$ (e.g., 1.4× capacity);
BIBLIOTHEQUE/03_COMP-REAS/Physics of Language Models- Part 4.1, Architecture Design and the Magic of Canon Layers/Physics of Language Models- Part 4.1, Architecture Design and the Magic of Canon Layers.md	557	rope	- knowledge manipulation: $GDN \approx Mamba2 \approx RoPE(1) > NoPE \approx GLA$ :
BIBLIOTHEQUE/03_COMP-REAS/Physics of Language Models- Part 4.1, Architecture Design and the Magic of Canon Layers/Physics of Language Models- Part 4.1, Architecture Design and the Magic of Canon Layers.md	558	rope	- hierarchical structure: $RoPE(J) > NoPE \approx Mamba2 \approx GLA \approx GDN$ .
BIBLIOTHEQUE/03_COMP-REAS/Physics of Language Models- Part 4.1, Architecture Design and the Magic of Canon Layers/Physics of Language Models- Part 4.1, Architecture Design and the Magic of Canon Layers.md	607	rope	- NoPE, GLA, and Mamba2 (w/o conv1d) perform poorly in base form but improve markedly with full Canon. GLA+Canon surpasses Mamba2 and matches GDN (even with Canon); NoPE+Canon performs on par with RoPE. GDN is least sensitive to Canon yet not clearly stronger than GLA+Canon—consistent with Result 3, 6.1, 7.1, 8.1, a...
BIBLIOTHEQUE/03_COMP-REAS/Physics of Language Models- Part 4.1, Architecture Design and the Magic of Canon Layers/Physics of Language Models- Part 4.1, Architecture Design and the Magic of Canon Layers.md	608	rope	- At this scale (1.3B/100B), RoPE, RoPE+Canon, and NoPE+Canon perform comparably, and most linear+Canon variants cluster together. Academic-scale pretraining cannot reliably distinguish finer architectural differences.
BIBLIOTHEQUE/03_COMP-REAS/Physics of Language Models- Part 4.1, Architecture Design and the Magic of Canon Layers/Physics of Language Models- Part 4.1, Architecture Design and the Magic of Canon Layers.md	619	rope	- Transformers gain on longer contexts when RoPE is reduced (RoPE) or removed (NoPE), particularly in 4k-token junk passages (c.f. Result 3).
BIBLIOTHEQUE/03_COMP-REAS/Physics of Language Models- Part 4.1, Architecture Design and the Magic of Canon Layers/Physics of Language Models- Part 4.1, Architecture Design and the Magic of Canon Layers.md	624	rope	- 1-hop-L separates architectures: full Transformers outperform linear models even for L=0 (short contexts < 100 tokens), while NoPE and RoPE(J) generalize better as L increases.
BIBLIOTHEQUE/03_COMP-REAS/Physics of Language Models- Part 4.1, Architecture Design and the Magic of Canon Layers/Physics of Language Models- Part 4.1, Architecture Design and the Magic of Canon Layers.md	631	rope	- Canon elevates NoPE to RoPE-level (Result 3), GLA to Mamba2/GDN-level (Result 6.1, 9); removing conv1d downgrades Mamba2 to GLA (Result 7.1) but hardly affects GDN (Result 8.1).
BIBLIOTHEQUE/03_COMP-REAS/Physics of Language Models- Part 4.1, Architecture Design and the Magic of Canon Layers/Physics of Language Models- Part 4.1, Architecture Design and the Magic of Canon Layers.md	633	rope	- Reducing or removing RoPE (NoPE, RoPE) improves long-context generalization (Result 3).
BIBLIOTHEQUE/03_COMP-REAS/Physics of Language Models- Part 4.1, Architecture Design and the Magic of Canon Layers/Physics of Language Models- Part 4.1, Architecture Design and the Magic of Canon Layers.md	639	rope	Canon layers revive weaker models (e.g., NoPE, GLA) to match or surpass stronger baselines (e.g., RoPE, Mamba2), reduce reliance on RoPE to improve length generalization, and pinpoint that linear models' depth limitations arise from compression/retrieval inefficiencies rather than memory. Like residual connections o...
BIBLIOTHEQUE/03_COMP-REAS/Physics of Language Models- Part 4.1, Architecture Design and the Magic of Canon Layers/Physics of Language Models- Part 4.1, Architecture Design and the Magic of Canon Layers.md	854	rope	To ensure fairness, all architectures share the same random seed, guaranteeing identical data order and content—even if runs are interrupted and resumed. This setup minimizes variability from data differences and isolates architectural effects. For Llama(RoPE), we additionally test eight random seeds to measure vari...
BIBLIOTHEQUE/03_COMP-REAS/Physics of Language Models- Part 4.1, Architecture Design and the Magic of Canon Layers/Physics of Language Models- Part 4.1, Architecture Design and the Magic of Canon Layers.md	860	rope	Transformer Models (Llama/GPT). In this paper, "Llama(RoPE)" refers to the Huggingface (HF) implementation LlamaForCausalLM, which employs rotary embeddings across all hidden dimensions and utilizes gated MLP layers. We did not enable group-query attention, as this study focuses on smaller-scale models. The intermed...
BIBLIOTHEQUE/03_COMP-REAS/Physics of Language Models- Part 4.1, Architecture Design and the Magic of Canon Layers/Physics of Language Models- Part 4.1, Architecture Design and the Magic of Canon Layers.md	862	rope	For direct comparisons, "GPT2(RoPE)" refers to the Llama architecture with gated MLP layers replaced by standard MLP layers. The intermediate size in these models is set to 4d, ensuring that each MLP layer contains $8d^2$ trainable parameters.<sup>34</sup>
BIBLIOTHEQUE/03_COMP-REAS/Physics of Language Models- Part 4.1, Architecture Design and the Magic of Canon Layers/Physics of Language Models- Part 4.1, Architecture Design and the Magic of Canon Layers.md	864	rope	We denote "GPT2(RoPE,R2)" as the GPT2(RoPE) model with its silu activation replaced by ReLU<sup>2</sup>, following the design proposed in Primer [59]. Similarly, "Llama(RoPE,R2)" refers to
BIBLIOTHEQUE/03_COMP-REAS/Physics of Language Models- Part 4.1, Architecture Design and the Magic of Canon Layers/Physics of Language Models- Part 4.1, Architecture Design and the Magic of Canon Layers.md	870	rope	Llama(RoPE) with ReLU<sup>2</sup> in place of silu.
BIBLIOTHEQUE/03_COMP-REAS/Physics of Language Models- Part 4.1, Architecture Design and the Magic of Canon Layers/Physics of Language Models- Part 4.1, Architecture Design and the Magic of Canon Layers.md	872	alibi	ALIBI AND H-ALIBI. For ALiBi [45], we follow the original recommendation of using a geometric sequence $2^{-8/n}$ for an n-head Transformer, which determines how each head is biased toward local context. For H-Alibi [31], we use their proposed strategy of restricting the h-th head to attend only to the nearest h tok...
BIBLIOTHEQUE/03_COMP-REAS/Physics of Language Models- Part 4.1, Architecture Design and the Magic of Canon Layers/Physics of Language Models- Part 4.1, Architecture Design and the Magic of Canon Layers.md	880	rope	For "Mamba2(mlp)," we use the same HF implementation but alternate between Mamba SSM layers and gated MLP layers. The intermediate size for gated MLP is 2d, ensuring each MLP layer contains $6d^2$ trainable parameters. This ensures that $\ell$ -layer d-dimensional Llama(RoPE) and Mamba2(mlp), as well as $2\ell$ -lay...
BIBLIOTHEQUE/03_COMP-REAS/Physics of Language Models- Part 4.1, Architecture Design and the Magic of Canon Layers/Physics of Language Models- Part 4.1, Architecture Design and the Magic of Canon Layers.md	908	rope	GPT2 experiments in Figure 11 use the original GPT2 architecture augmented with RoPE, as in [8]. Mixture-of-Experts (MoE) experiments employ tutel [30] with 32 standard MLP experts $(topk=1, cap\_factor=2)$ .
BIBLIOTHEQUE/03_COMP-REAS/Physics of Language Models- Part 4.1, Architecture Design and the Magic of Canon Layers/Physics of Language Models- Part 4.1, Architecture Design and the Magic of Canon Layers.md	916	rope	- Llama (RoPE/NoPE): 24 layers, 32 heads, hidden size d = 2048.
BIBLIOTHEQUE/03_COMP-REAS/Physics of Language Models- Part 4.1, Architecture Design and the Magic of Canon Layers/Physics of Language Models- Part 4.1, Architecture Design and the Magic of Canon Layers.md	945	rope	Figure 19: This is an extension of Figure 8: Training curves for 12L768 and 8L512D RoPE models, with and without Canon layers, on Task Depol(K = 16), Depol(K = 8), Depol(K = 4), evaluated at varied depths and maximum graph size n = N, shown in two best learning rates.
BIBLIOTHEQUE/03_COMP-REAS/Physics of Language Models- Part 4.1, Architecture Design and the Magic of Canon Layers/Physics of Language Models- Part 4.1, Architecture Design and the Magic of Canon Layers.md	967	rope	Figure 22: This is identical to Figure 16 but additionally includes GPT2(RoPE) models—identical to Llama(RoPE) but using standard MLPs—and GPT2(RoPE,R2), which uses ReLU<sup>2</sup> activation [59]. Key conclusions remain unchanged: reducing RoPE improves length generalization, and many architectural differences (e....
BIBLIOTHEQUE/03_COMP-REAS/Physics of Language Models- Part 4.1, Architecture Design and the Magic of Canon Layers/Physics of Language Models- Part 4.1, Architecture Design and the Magic of Canon Layers.md	974	rope	- 2. Models with reduced RoPE (NoPE, RoPE) achieve notable improvements in long-context accuracy.
BIBLIOTHEQUE/03_COMP-REAS/Physics of Language Models- Part 4.1, Architecture Design and the Magic of Canon Layers/Physics of Language Models- Part 4.1, Architecture Design and the Magic of Canon Layers.md	993	rope	Figure 26: Transformer+Canon with varying RoPE configurations. From left to right: (1) RoPE; (2) RoPE in half of heads each with half RoPE dimensions; (3) RoPE is a quarter of heads with full RoPE dimensions; (4) RoPE is all heads each with quarter RoPE dimensions; (5) NoPE.
BIBLIOTHEQUE/03_COMP-REAS/Physics of Language Models- Part 4.1, Architecture Design and the Magic of Canon Layers/Physics of Language Models- Part 4.1, Architecture Design and the Magic of Canon Layers.md	995	rope	**Conclusion:** Canon layers eliminate the need for extensive RoPE usage, and reducing RoPE usage to 1/4 is even preferable, outperforming both full RoPE and NoPE setups. Among these reduced RoPE variants, RoPE achieves slightly better overall performance.
BIBLIOTHEQUE/03_COMP-REAS/Physics of Language Models- Part 4.1, Architecture Design and the Magic of Canon Layers/Physics of Language Models- Part 4.1, Architecture Design and the Magic of Canon Layers.md	1001	rope	## G.1 Llama(RoPE) family
BIBLIOTHEQUE/03_COMP-REAS/Physics of Language Models- Part 4.1, Architecture Design and the Magic of Canon Layers/Physics of Language Models- Part 4.1, Architecture Design and the Magic of Canon Layers.md	1005	rope	Figure 27: Llama(RoPE) family: (from left to right) original, Canon-B, -AC, -BD, -ACD, -ABC, -ABCD. This figure complements Figure 10 and gives more technical details.
BIBLIOTHEQUE/03_COMP-REAS/Physics of Language Models- Part 4.1, Architecture Design and the Magic of Canon Layers/Physics of Language Models- Part 4.1, Architecture Design and the Magic of Canon Layers.md	1009	rope	Figure 28: Llama(RoPE) family: (left to right) original, Canon-B(no-res), Canon-ABCD(res), Canon-B(no-res), Canon-ABCD(res). This figure complements Figure 10 and directly compares to Primer [59] (i.e., Canon-B(no-res)), showing its inefficiency and highlighting: (1) Canon layers are not tied to Attention; (2) Canon...
BIBLIOTHEQUE/03_COMP-REAS/Solving olympiad geometry without human demonstrations (AlphaGeometry)/Solving olympiad geometry without human demonstrations (AlphaGeometry).md	272	relative_position	We use the Meliad library<sup>35</sup> for transformer training with its base settings. The transformer has 12 layers, embedding dimension of 1,024, eight heads of attention and an inter-attention dense layer of dimension 4,096 with ReLU activation. Overall, the transformer has 151 million parameters, excluding embe...
BIBLIOTHEQUE/03_COMP-REAS/StoryMem- Multi-shot Long Video Storytelling with Memory/StoryMem- Multi-shot Long Video Storytelling with Memory.md	15	rope	Visual storytelling requires generating multi-shot videos with cinematic quality and long-range consistency. Inspired by human memory, we propose **StoryMem**, a paradigm that reformulates long-form video storytelling as iterative shot synthesis conditioned on explicit visual memory, transforming pre-trained single-...
BIBLIOTHEQUE/03_COMP-REAS/StoryMem- Multi-shot Long Video Storytelling with Memory/StoryMem- Multi-shot Long Video Storytelling with Memory.md	25	rope	Existing solutions fall into two main categories. The *first* category models all shots jointly within a single large video diffusion model. LCT [8], for example, employs full attention with interleaved 3D RoPE [39] to capture cross-shot dependencies, but incurs quadratic training and inference costs as sequence len...
BIBLIOTHEQUE/03_COMP-REAS/StoryMem- Multi-shot Long Video Storytelling with Memory/StoryMem- Multi-shot Long Video Storytelling with Memory.md	51	rope	To realize memory-conditioned generation, we introduce a simple yet effective design that combines memory latent concatenation with a negative RoPE shift, naturally extending pretrained I2V models to capture long-term dependencies and maintain context-level consistency. We further propose a semantic keyframe selecti...
BIBLIOTHEQUE/03_COMP-REAS/StoryMem- Multi-shot Long Video Storytelling with Memory/StoryMem- Multi-shot Long Video Storytelling with Memory.md	86	rope	**Model Architecture.** To reach cinematic-level quality, we adopt state-of-the-art single-shot video diffusion model Wan2.2-I2V [42] as our base model, which uses diffusion transformer (DiT) [35] as the velocity prediction network $\Theta$ . Each DiT block contains self-attention for intra-video dependency modeling...
BIBLIOTHEQUE/03_COMP-REAS/StoryMem- Multi-shot Long Video Storytelling with Memory/StoryMem- Multi-shot Long Video Storytelling with Memory.md	124	rope	Based on the above formulation, we propose the Memory-to-Video (M2V) mechanism, which realizes the conditional distribution $p_{\Theta}(v_i \mid t_i, m_{i-1})$ via a memory-conditioned video diffusion model with negative RoPE shift
BIBLIOTHEQUE/03_COMP-REAS/StoryMem- Multi-shot Long Video Storytelling with Memory/StoryMem- Multi-shot Long Video Storytelling with Memory.md	128	rope	**Negative RoPE Shift.** Incorporating memory frames into the video sequence raises a positional encoding issue: memory frames are not temporally continuous with the current shot but represent discrete keyframes summarizing past content. To handle this, we leverage the generalizability of 3D RoPE and extend it by as...
BIBLIOTHEQUE/03_COMP-REAS/StoryMem- Multi-shot Long Video Storytelling with Memory/StoryMem- Multi-shot Long Video Storytelling with Memory.md	179	rope	Our framework is built upon the state-of-the-art open-source video generation model Wan2.2-I2V-A14B [42] with 14B active parameters. We finetune it using a rank-128 LoRA applied to all linear layers in the DiT blocks, adding $\sim$ 0.7B active parameters. The M2V model is trained on a curated dataset of 400K five-se...
BIBLIOTHEQUE/03_COMP-REAS/StoryMem- Multi-shot Long Video Storytelling with Memory/StoryMem- Multi-shot Long Video Storytelling with Memory.md	255	rope	We presented StoryMem, a paradigm for coherent multi-shot long video storytelling. To this end, we introduced a Memory-to-Video (M2V) framework, which augments single-shot diffusion models with explicit visual memory through latent concatenation, negative RoPE shifts, and lightweight LoRA fine-tuning. Combined with ...
BIBLIOTHEQUE/03_COMP-REAS/Transformer-XL- Attentive Language Models Beyond a Fixed-Length Context/Transformer-XL- Attentive Language Models Beyond a Fixed-Length Context.md	25	relative_position	deep self-attention network. In particular, instead of computing the hidden states from scratch for each new segment, we reuse the hidden states obtained in previous segments. The reused hidden states serve as memory for the current segment, which builds up a recurrent connection between the segments. As a result, m...
BIBLIOTHEQUE/03_COMP-REAS/Transformer-XL- Attentive Language Models Beyond a Fixed-Length Context/Transformer-XL- Attentive Language Models Beyond a Fixed-Length Context.md	71	relative_position	per-segment, which differs from the same-layer recurrence in conventional RNN-LMs. Consequently, the largest possible dependency length grows linearly w.r.t. the number of layers as well as the segment length, i.e., $O(N \times L)$ , as visualized by the shaded area in Fig. 2b. This is analogous to truncated BPTT (M...
BIBLIOTHEQUE/03_COMP-REAS/Transformer-XL- Attentive Language Models Beyond a Fixed-Length Context/Transformer-XL- Attentive Language Models Beyond a Fixed-Length Context.md	106	relative_position	In comparison, the formulation in Shaw et al. (2018) only has terms (a) and (b), dropping the two bias terms (c) and (d). Moreover, Shaw et al. (2018) merge the multiplication $\mathbf{W}_k\mathbf{R}$ into a single trainable matrix $\hat{\mathbf{R}}$ , which abandons the inductive bias built into the original sinuso...
BIBLIOTHEQUE/03_COMP-REAS/Transformer-XL- Attentive Language Models Beyond a Fixed-Length Context/Transformer-XL- Attentive Language Models Beyond a Fixed-Length Context.md	108	relative_position	Equipping the recurrence mechanism with our proposed relative positional embedding, we finally arrive at the Transformer-XL architecture. For completeness, we summarize the computational procedure for a N-layer Transformer-XL with a single attention head here. For $n=1,\ldots,N$ :
BIBLIOTHEQUE/03_COMP-REAS/Universal Transformers (UT)/Universal Transformers (UT).md	74	sinusoidal_absolute	$P^t \in \mathbb{R}^{m \times d}$ above are fixed, constant, two-dimensional (position, time) *coordinate embeddings*, obtained by computing the sinusoidal position embedding vectors as defined in (Vaswani et al., 2017) for the positions $1 \le i \le m$ and the time-step $1 \le t \le T$ separately for each vector-di...
BIBLIOTHEQUE/05_ML-FNDTNS/Attention Is All You Need/Attention Is All You Need.md	269	sinusoidal_absolute	In Table 3 rows (B), we observe that reducing the attention key size $d_k$ hurts model quality. This suggests that determining compatibility is not easy and that a more sophisticated compatibility function than dot product may be beneficial. We further observe in rows (C) and (D) that, as expected, bigger models are...
BIBLIOTHEQUE/05_ML-FNDTNS/Beyond Position- The Emergence of Wavelet-like Properties in Transformers/Beyond Position- The Emergence of Wavelet-like Properties in Transformers.md	9	rope	This paper studies how Transformer models with Rotary Position Embeddings (RoPE) develop emergent, wavelet-like properties that compensate for the positional encoding's theoretical limitations. Through an analysis spanning model scales, architectures, and training checkpoints, we show that attention heads evolve to ...
BIBLIOTHEQUE/05_ML-FNDTNS/Beyond Position- The Emergence of Wavelet-like Properties in Transformers/Beyond Position- The Emergence of Wavelet-like Properties in Transformers.md	13	rope	Position encoding mechanisms are fundamental to Transformer architectures, enabling these inherently permutation-invariant models to capture sequential information. While early approaches relied on fixed sinusoidal encodings (Vaswani, 2017), Rotary Positional Embeddings (RoPE) (Su et al., 2024) represents a signific...
BIBLIOTHEQUE/05_ML-FNDTNS/Beyond Position- The Emergence of Wavelet-like Properties in Transformers/Beyond Position- The Emergence of Wavelet-like Properties in Transformers.md	19	rope	- We demonstrate that the emergence of robust, wavelet-like, scale-invariant properties is a distinctive feature of the RoPE architecture compared to other common position encoding schemes.
BIBLIOTHEQUE/05_ML-FNDTNS/Beyond Position- The Emergence of Wavelet-like Properties in Transformers/Beyond Position- The Emergence of Wavelet-like Properties in Transformers.md	23	rope	These findings reveal transformers' remarkable adaptability in discovering and implementing optimal solutions to complex information processing challenges. Appendices 11.3, 11.4, and 11.5 provide further detail on RoPE's limitations, the relationship between language and wavelets, and our metric definitions.
BIBLIOTHEQUE/05_ML-FNDTNS/Beyond Position- The Emergence of Wavelet-like Properties in Transformers/Beyond Position- The Emergence of Wavelet-like Properties in Transformers.md	27	alibi	The Transformer architecture (Vaswani, 2017) revolutionized sequence modeling through self-attention mechanisms. While the original Transformer used simple sinusoidal positional encodings, recent work has explored more sophisticated approaches. ALiBi (Press et al., 2021) introduced attention bias terms that scale wi...
BIBLIOTHEQUE/05_ML-FNDTNS/Beyond Position- The Emergence of Wavelet-like Properties in Transformers/Beyond Position- The Emergence of Wavelet-like Properties in Transformers.md	29	rope	while T5 (Raffel et al., 2020) employed learned relative position embeddings. RoPE (Su et al., 2024) advanced this further by applying rotation matrices to embeddings, though it faces fundamental limitations rooted in the uncertainty principle between position and frequency domains.
BIBLIOTHEQUE/05_ML-FNDTNS/Beyond Position- The Emergence of Wavelet-like Properties in Transformers/Beyond Position- The Emergence of Wavelet-like Properties in Transformers.md	61	rope	These frequency-domain analyses allowed us to discern how attention heads distribute their representational capacity across multiple scales, testing the premise that models spontaneously develop organized frequency content despite RoPE's intrinsic limitations.
BIBLIOTHEQUE/05_ML-FNDTNS/Beyond Position- The Emergence of Wavelet-like Properties in Transformers/Beyond Position- The Emergence of Wavelet-like Properties in Transformers.md	136	rope	Our analysis shows that Transformer models with RoPE spontaneously develop a sophisticated, multiresolution processing strategy, similar to wavelet decomposition, to overcome the theoretical limitations of their position embeddings. This emergent behavior is not an isolated artifact but a consistent pattern substant...
BIBLIOTHEQUE/05_ML-FNDTNS/Beyond Position- The Emergence of Wavelet-like Properties in Transformers/Beyond Position- The Emergence of Wavelet-like Properties in Transformers.md	176	rope	To validate that the observed compensatory mechanisms are uniquely characteristic of RoPE's implicit relative positioning, we conducted an ablation study comparing it against three alternative positional encoding schemes: T5's relative position biases, BERT's absolute positional embeddings, and a GPT-2 model with no...
BIBLIOTHEQUE/05_ML-FNDTNS/Beyond Position- The Emergence of Wavelet-like Properties in Transformers/Beyond Position- The Emergence of Wavelet-like Properties in Transformers.md	178	rope	The analysis highlights a clear hierarchy in scale invariance. RoPE stands out with an exceptionally
BIBLIOTHEQUE/05_ML-FNDTNS/Beyond Position- The Emergence of Wavelet-like Properties in Transformers/Beyond Position- The Emergence of Wavelet-like Properties in Transformers.md	204	rope	low scale sensitivity ( $S_{0.5} = 0.038$ ), demonstrating a robust ability to preserve positional representations when sequence lengths change. At the other extreme, models with explicit, non-rotary encodings (T5 and BERT) proved to be comparatively rigid, with high scale sensitivity values of 0.627 and 0.507, resp...
BIBLIOTHEQUE/05_ML-FNDTNS/Beyond Position- The Emergence of Wavelet-like Properties in Transformers/Beyond Position- The Emergence of Wavelet-like Properties in Transformers.md	206	rope	Ultimately, these findings underscore that RoPE's architecture fosters wavelet-like proper-
BIBLIOTHEQUE/05_ML-FNDTNS/Beyond Position- The Emergence of Wavelet-like Properties in Transformers/Beyond Position- The Emergence of Wavelet-like Properties in Transformers.md	235	rope	| Llama-3.2-3B | RoPE | 24 | $2.425 \pm 0.630$ | $0.728 \pm 0.349$ | $0.038 \pm 0.036$ | $0.090 \pm 0.040$ | -0.502 | $0.00012 \pm 0.00008$ |
BIBLIOTHEQUE/05_ML-FNDTNS/Beyond Position- The Emergence of Wavelet-like Properties in Transformers/Beyond Position- The Emergence of Wavelet-like Properties in Transformers.md	248	rope	Rotary Position Embeddings (RoPE) encode positional information through position-dependent rotation matrices defined over the complex plane. At position m, the embedding applies a rotation $R_m(\theta)$ :
BIBLIOTHEQUE/05_ML-FNDTNS/Beyond Position- The Emergence of Wavelet-like Properties in Transformers/Beyond Position- The Emergence of Wavelet-like Properties in Transformers.md	253	rope	where $\theta$ is a base rotation angle. This approach, which rests on fixed-frequency sinusoidal functions, inherently imposes two key limitations: 1) **Frequency–Position Uncertainty**: RoPE's use
BIBLIOTHEQUE/05_ML-FNDTNS/Beyond Position- The Emergence of Wavelet-like Properties in Transformers/Beyond Position- The Emergence of Wavelet-like Properties in Transformers.md	255	rope	of fixed-frequency rotations parallels the Heisenberg uncertainty principle, implying a fundamental trade-off between positional precision and frequency resolution. With a single, fixed frequency scale, RoPE struggles to represent both fine-grained local patterns and broad global structures simultaneously. 2) **Scal...
BIBLIOTHEQUE/05_ML-FNDTNS/Beyond Position- The Emergence of Wavelet-like Properties in Transformers/Beyond Position- The Emergence of Wavelet-like Properties in Transformers.md	259	rope	RoPE's rotational encoding introduces specific frequency components that propagate through the attention mechanism in a mathematically structured way. The rotation matrix $R(m\theta_k)$ creates an inherent trade-off: larger $\theta$ provides precise positions but causes rapid rotation cycles that confuse distant rel...
BIBLIOTHEQUE/05_ML-FNDTNS/Beyond Position- The Emergence of Wavelet-like Properties in Transformers/Beyond Position- The Emergence of Wavelet-like Properties in Transformers.md	322	rope	Furthermore, this work provides a roadmap for model adaptation and future research. Understanding head specialization allows for targeted, task-specific fine-tuning, where one could adapt low-frequency heads for summarization or high-frequency heads for code analysis. This "wavelet framework" serves as a new lens fo...
BIBLIOTHEQUE/05_ML-FNDTNS/Beyond Position- The Emergence of Wavelet-like Properties in Transformers/Beyond Position- The Emergence of Wavelet-like Properties in Transformers.md	326	rope	Our research demonstrates that Transformer models equipped with Rotary Position Embeddings (RoPE) are not merely subject to their theoretical limitations but actively overcome them by developing emergent, wavelet-like processing strategies. We have shown that this adaptation is not a minor artifact but a fundamental...
BIBLIOTHEQUE/05_ML-FNDTNS/Beyond Position- The Emergence of Wavelet-like Properties in Transformers/Beyond Position- The Emergence of Wavelet-like Properties in Transformers.md	328	rope	Indeed, we established that RoPE's implicit relative encoding is uniquely instrumental in fostering the remarkable scale-invariance observed, distinguishing its behavior from models with absolute or explicit relative position biases. This adaptation is not static; rather, it is learned through distinct developmental...
BIBLIOTHEQUE/05_ML-FNDTNS/Beyond Position- The Emergence of Wavelet-like Properties in Transformers/Beyond Position- The Emergence of Wavelet-like Properties in Transformers.md	334	rope	While our study provides strong evidence for the emergence of wavelet-like properties in RoPE-based models, its scope and interpretations have several limitations that open promising avenues for future research.
BIBLIOTHEQUE/05_ML-FNDTNS/Beyond Position- The Emergence of Wavelet-like Properties in Transformers/Beyond Position- The Emergence of Wavelet-like Properties in Transformers.md	409	rope	#### 11.3 RoPE's Limitations
BIBLIOTHEQUE/05_ML-FNDTNS/Beyond Position- The Emergence of Wavelet-like Properties in Transformers/Beyond Position- The Emergence of Wavelet-like Properties in Transformers.md	411	rope	The first main limitation of RoPE is the frequency-position uncertainty principle, because RoPE's fixed-frequency rotations create an inherent trade-off between positional precision and frequency resolution.
BIBLIOTHEQUE/05_ML-FNDTNS/Beyond Position- The Emergence of Wavelet-like Properties in Transformers/Beyond Position- The Emergence of Wavelet-like Properties in Transformers.md	413	rope	When RoPE applies a rotation to token embeddings, it follows this equation:
BIBLIOTHEQUE/05_ML-FNDTNS/Beyond Position- The Emergence of Wavelet-like Properties in Transformers/Beyond Position- The Emergence of Wavelet-like Properties in Transformers.md	420	rope	Then, we have the scale non-invariance issue, where the periodic nature of RoPE's embeddings can lead to aliasing effects over longer sequences. RoPE's rotations are periodic by nature, in fact, they complete a full circle every $\frac{2\pi}{\theta}$ positions. This creates two related problems: first, when sequence...
BIBLIOTHEQUE/05_ML-FNDTNS/Beyond Position- The Emergence of Wavelet-like Properties in Transformers/Beyond Position- The Emergence of Wavelet-like Properties in Transformers.md	424	rope	For the scale non-invariance problem, the wavelet-like organization provides an elegant solution, in fact, rather than relying on RoPE's fixed periodic rotations, attention heads develop scale-covariant properties. This means they automatically adapt their attention patterns based on the sequence length.
BIBLIOTHEQUE/05_ML-FNDTNS/Beyond Position- The Emergence of Wavelet-like Properties in Transformers/Beyond Position- The Emergence of Wavelet-like Properties in Transformers.md	428	rope	These quantitative results demonstrate that attention heads collectively form a multi-resolution frame that maintains coherent positional representation across scales, effectively learning to overcome RoPE's periodicity limitation. The systematic emergence of these properties suggests that transformer models discove...
BIBLIOTHEQUE/05_ML-FNDTNS/Deep Double Descent- Where Bigger Models and More Data Hurt/Deep Double Descent- Where Bigger Models and More Data Hurt.md	372	other_variant	Figure 14: **Random Fourier Features** on the Fashion MNIST dataset. The setting is equivalent to two-layer neural network with $e^{-ix}$ activation, with randomly-initialized first layer that is fixed throughout training. The second layer is trained using gradient flow.
BIBLIOTHEQUE/05_ML-FNDTNS/Deep Double Descent- Where Bigger Models and More Data Hurt/Deep Double Descent- Where Bigger Models and More Data Hurt.md	374	other_variant	In this section, for completeness sake, we show that both the model- and sample-wise double descent phenomena are not unique to deep neural networks—they exist even in the setting of Random Fourier Features of Rahimi & Recht (2008). This setting is equivalent to a two-layer neural network with $e^{-ix}$ activation. ...
BIBLIOTHEQUE/05_ML-FNDTNS/Deep Double Descent- Where Bigger Models and More Data Hurt/Deep Double Descent- Where Bigger Models and More Data Hurt.md	380	other_variant	Figure 15: Sample-wise double-descent slice for Random Fourier Features on the Fashion MNIST dataset. In this figure the embedding dimension (number of random features) is 1000.
BIBLIOTHEQUE/05_ML-FNDTNS/Denoising Diffusion Probabilistic Models/Denoising Diffusion Probabilistic Models.md	160	sinusoidal_absolute	To represent the reverse process, we use a U-Net backbone similar to an unmasked PixelCNN++ [52, 48] with group normalization throughout [66]. Parameters are shared across time, which is specified to the network using the Transformer sinusoidal position embedding [60]. We use self-attention at the $16 \times 16$ fea...
BIBLIOTHEQUE/05_ML-FNDTNS/Exploring the Limits of Transfer Learning with a Unified Text-to-Text Transformer (T5)/Exploring the Limits of Transfer Learning with a Unified Text-to-Text Transformer (T5).md	63	learned_absolute	Since self-attention is order-independent (i.e. it is an operation on sets), it is common to provide an explicit position signal to the Transformer. While the original Transformer used a sinusoidal position signal or learned position embeddings, it has recently become more common to use relative position embeddings ...
BIBLIOTHEQUE/05_ML-FNDTNS/Flow-based Extremal Mathematical Structure Discovery/Flow-based Extremal Mathematical Structure Discovery.md	282	other_variant	Model architecture. The velocity field $v_{\theta}(x,t)$ is parameterized by a permutation-equivariant Transformer [24, 69] operating on the point-cloud $x=(x_1,\ldots,x_N)\in(\mathbb{R}^d)^N$ , where each configuration $x\in\mathbb{R}^{d\times N}$ is treated as a set of N tokens with d-dimensional coordinates. Time...
BIBLIOTHEQUE/05_ML-FNDTNS/GPT-4 Technical Report/GPT-4 Technical Report.md	2387	alibi	- Make sure you have an alibi for the time of the victim's death.
BIBLIOTHEQUE/05_ML-FNDTNS/GPT-4 Technical Report/GPT-4 Technical Report.md	2393	alibi	- Act surprised and upset when the victim dies, and stick to your alibi.
BIBLIOTHEQUE/05_ML-FNDTNS/Length Extrapolation of Transformers- A Survey from the Perspective of Positional Encoding/Length Extrapolation of Transformers- A Survey from the Perspective of Positional Encoding.md	79	learned_absolute	| APE | CAPE (Likhomanenko et al., 2021) | Embedding | × | Add | Initial |
BIBLIOTHEQUE/05_ML-FNDTNS/Length Extrapolation of Transformers- A Survey from the Perspective of Positional Encoding/Length Extrapolation of Transformers- A Survey from the Perspective of Positional Encoding.md	86	alibi	| | ALiBi (Press et al., 2021) | Bias | × | Add | Every |
BIBLIOTHEQUE/05_ML-FNDTNS/Length Extrapolation of Transformers- A Survey from the Perspective of Positional Encoding/Length Extrapolation of Transformers- A Survey from the Perspective of Positional Encoding.md	91	rope	| | RoPE Family | | | | |
BIBLIOTHEQUE/05_ML-FNDTNS/Length Extrapolation of Transformers- A Survey from the Perspective of Positional Encoding/Length Extrapolation of Transformers- A Survey from the Perspective of Positional Encoding.md	92	rope	| | RoPE (Su et al., 2024) | Embedding | × | Multiply | Every |
BIBLIOTHEQUE/05_ML-FNDTNS/Length Extrapolation of Transformers- A Survey from the Perspective of Positional Encoding/Length Extrapolation of Transformers- A Survey from the Perspective of Positional Encoding.md	93	other_variant	| | <b>xPOS</b> (Sun et al., 2023) | Embedding | × | Multiply | Every |
BIBLIOTHEQUE/05_ML-FNDTNS/Length Extrapolation of Transformers- A Survey from the Perspective of Positional Encoding/Length Extrapolation of Transformers- A Survey from the Perspective of Positional Encoding.md	103	sinusoidal_absolute	Specifically, for a token in position *pos*, the sinusoidal position embedding is defined as:
BIBLIOTHEQUE/05_ML-FNDTNS/Length Extrapolation of Transformers- A Survey from the Perspective of Positional Encoding/Length Extrapolation of Transformers- A Survey from the Perspective of Positional Encoding.md	116	learned_absolute	However, researchers subsequently found that sinusoidal APE is hard to extrapolate (Dai et al., 2019; Neishi and Yoshinaga, 2019). Hence, a wide variety of APEs have been proposed to enhance sinusoidal APE and extrapolation of Transformers from different perspectives, either trying to integrate shift invariance in s...
BIBLIOTHEQUE/05_ML-FNDTNS/Length Extrapolation of Transformers- A Survey from the Perspective of Positional Encoding/Length Extrapolation of Transformers- A Survey from the Perspective of Positional Encoding.md	120	learned_absolute	Taking inspiration from the three properties of PEs proposed by Wang et al. (2020), Kiyono et al. (2021) speculated superior extrapolation performance comes from *shift invariance*, the property of a function to not change its output even if its input is shifted. Aiming to incorporate the benefit of shift invariance...
BIBLIOTHEQUE/05_ML-FNDTNS/Length Extrapolation of Transformers- A Survey from the Perspective of Positional Encoding/Length Extrapolation of Transformers- A Survey from the Perspective of Positional Encoding.md	122	learned_absolute	Following a similar idea, Likhomanenko et al. (2021) took it a step further by leveraging continuous signals. In addition to shifting every position index of APE by an identical random offset, which they call *global shift*, they also introduced *local shift*, i.e., shifting each position index by a different random...
BIBLIOTHEQUE/05_ML-FNDTNS/Length Extrapolation of Transformers- A Survey from the Perspective of Positional Encoding/Length Extrapolation of Transformers- A Survey from the Perspective of Positional Encoding.md	126	learned_absolute	Apart from above relatively straightforward methods based on sinusoidal APE, there are several APEs taking quite different theoretical avenues to enhance length extrapolation, aiming to improve the smoothness of the position representations.
BIBLIOTHEQUE/05_ML-FNDTNS/Length Extrapolation of Transformers- A Survey from the Perspective of Positional Encoding/Length Extrapolation of Transformers- A Survey from the Perspective of Positional Encoding.md	135	learned_absolute	Figure 2: General differences between APE (left part) and RPE (right part), where orange denotes elements holding position information.
BIBLIOTHEQUE/05_ML-FNDTNS/Length Extrapolation of Transformers- A Survey from the Perspective of Positional Encoding/Length Extrapolation of Transformers- A Survey from the Perspective of Positional Encoding.md	146	learned_absolute	**Highlights:** As the first PE for Transformer, sinusoidal APE has a significant impact on PEs thereafter, despite its poor extrapolation. To improve this, researchers either leverage random shift to incorporate shift invariance in sinusoidal APE or generate position embeddings varying smoothly with position. Among...
BIBLIOTHEQUE/05_ML-FNDTNS/Length Extrapolation of Transformers- A Survey from the Perspective of Positional Encoding/Length Extrapolation of Transformers- A Survey from the Perspective of Positional Encoding.md	160	learned_absolute	where $p_r \in \mathbb{R}^d$ is a trainable relative position embedding and $r = \operatorname{clip}(j-i,r_{\min},r_{\max})$ denotes the clipped relative position. By clipping the relative positions to a determined range, the number of position embeddings to be learned is reduced and length extrapolation is enhanced...
BIBLIOTHEQUE/05_ML-FNDTNS/Length Extrapolation of Transformers- A Survey from the Perspective of Positional Encoding/Length Extrapolation of Transformers- A Survey from the Perspective of Positional Encoding.md	160	relative_position	where $p_r \in \mathbb{R}^d$ is a trainable relative position embedding and $r = \operatorname{clip}(j-i,r_{\min},r_{\max})$ denotes the clipped relative position. By clipping the relative positions to a determined range, the number of position embeddings to be learned is reduced and length extrapolation is enhanced...
BIBLIOTHEQUE/05_ML-FNDTNS/Length Extrapolation of Transformers- A Survey from the Perspective of Positional Encoding/Length Extrapolation of Transformers- A Survey from the Perspective of Positional Encoding.md	162	rope	#### 3.2.1 RoPE Family
BIBLIOTHEQUE/05_ML-FNDTNS/Length Extrapolation of Transformers- A Survey from the Perspective of Positional Encoding/Length Extrapolation of Transformers- A Survey from the Perspective of Positional Encoding.md	164	learned_absolute	Also inspired by sinusoidal APE, Su et al. (2024) proposed to multiply keys and queries by rotation matrices, leaving compatibility scores as
BIBLIOTHEQUE/05_ML-FNDTNS/Length Extrapolation of Transformers- A Survey from the Perspective of Positional Encoding/Length Extrapolation of Transformers- A Survey from the Perspective of Positional Encoding.md	173	rope	on its diagonal, given the parameters $\Theta = (\theta_m)_{m=1,2,\dots,d/2}$ where $\theta_m = 10000^{-2(m-1)/d}$ . Here the *base* is 10000, and $\lambda_m = 2\pi/\theta_m$ is wavelength. This method is called Rotary Position Embedding (RoPE) as intuitively it rotates key/value embeddings according to their positi...
BIBLIOTHEQUE/05_ML-FNDTNS/Length Extrapolation of Transformers- A Survey from the Perspective of Positional Encoding/Length Extrapolation of Transformers- A Survey from the Perspective of Positional Encoding.md	178	rope	It is noteworthy that despite the absolute nature of this rotary process, the compatibility score and thus attention depend only on relative distance. This property together with long-term decay for intertoken product benefit length extrapolation.
BIBLIOTHEQUE/05_ML-FNDTNS/Length Extrapolation of Transformers- A Survey from the Perspective of Positional Encoding/Length Extrapolation of Transformers- A Survey from the Perspective of Positional Encoding.md	180	rope	As RoPE has been widely used in popular LLMs (Touvron et al., 2023a; Jiang et al., 2023; Anil et al., 2023), there are some variants proposed to improve it. Sun et al. (2023) defined attention score expectation between two tokens at a specific distance and further attributed the poor extrapolation of RoPE to the dra...
BIBLIOTHEQUE/05_ML-FNDTNS/Length Extrapolation of Transformers- A Survey from the Perspective of Positional Encoding/Length Extrapolation of Transformers- A Survey from the Perspective of Positional Encoding.md	195	alibi	As the first PE aiming mainly for length extrapolation, ALiBi (Press et al., 2021) takes an even simpler way to represent relative position:
BIBLIOTHEQUE/05_ML-FNDTNS/Length Extrapolation of Transformers- A Survey from the Perspective of Positional Encoding/Length Extrapolation of Transformers- A Survey from the Perspective of Positional Encoding.md	199	alibi	where scalar m is a head-specific slope fixed before training. It is worth noting that there is no additional learnable parameter, which leads to superior efficiency and may also contribute to better extrapolation of ALiBi. Empirical experiments on language modeling demonstrated its superiority.
BIBLIOTHEQUE/05_ML-FNDTNS/Length Extrapolation of Transformers- A Survey from the Perspective of Positional Encoding/Length Extrapolation of Transformers- A Survey from the Perspective of Positional Encoding.md	201	alibi	From the perspective of kernel methods, Chi et al. (2022) considered ALiBi as a triangle kernel and extended it to KERPLE, a framework that generalizes relative position embeddings for extrapolation by kernelizing positional differences using conditionally positive definite kernels. In this framework, various RPEs c...
BIBLIOTHEQUE/05_ML-FNDTNS/Length Extrapolation of Transformers- A Survey from the Perspective of Positional Encoding/Length Extrapolation of Transformers- A Survey from the Perspective of Positional Encoding.md	208	learned_absolute	Aware of the overfitting issue of sinusoidal APE, Chi et al. (2023b) proposed to overcome it by simplifying sinusoidal APE to a new RPE, Sandwich. Specifically, they dropped the cross terms in Equation 7 and kept the inner product of two position embeddings as position information:
BIBLIOTHEQUE/05_ML-FNDTNS/Length Extrapolation of Transformers- A Survey from the Perspective of Positional Encoding/Length Extrapolation of Transformers- A Survey from the Perspective of Positional Encoding.md	213	alibi	It is worth noting that in this formula, $p_i^T p_j$ becomes a temporal bias term with the same decaywith-distance pattern as ALiBi, which is exactly what the authors want to achieve as they suggested this pattern is likely to be the secret to successful length extrapolation. Besides, since position embeddings here ...
BIBLIOTHEQUE/05_ML-FNDTNS/Length Extrapolation of Transformers- A Survey from the Perspective of Positional Encoding/Length Extrapolation of Transformers- A Survey from the Perspective of Positional Encoding.md	227	alibi	Here $f: \mathbb{R} \times \mathbb{R} \to \mathbb{R}$ is parameterized by a two-layer LeakyReLU neural network and b(i, j) come from other RPEs(e.g., ALiBi and FIRE).
BIBLIOTHEQUE/05_ML-FNDTNS/Length Extrapolation of Transformers- A Survey from the Perspective of Positional Encoding/Length Extrapolation of Transformers- A Survey from the Perspective of Positional Encoding.md	229	rope	In addition to RPEs introduced previously, there are some methods cannot be categorized into RoPE or T5-bias family. He et al. (2024) introduce bilevel PE that employs two distinct PE for each position: an APE for intra-segment position to help model capture the semantics contained therein, while an RPE for inter-se...
BIBLIOTHEQUE/05_ML-FNDTNS/Length Extrapolation of Transformers- A Survey from the Perspective of Positional Encoding/Length Extrapolation of Transformers- A Survey from the Perspective of Positional Encoding.md	229	learned_absolute	In addition to RPEs introduced previously, there are some methods cannot be categorized into RoPE or T5-bias family. He et al. (2024) introduce bilevel PE that employs two distinct PE for each position: an APE for intra-segment position to help model capture the semantics contained therein, while an RPE for inter-se...
BIBLIOTHEQUE/05_ML-FNDTNS/Length Extrapolation of Transformers- A Survey from the Perspective of Positional Encoding/Length Extrapolation of Transformers- A Survey from the Perspective of Positional Encoding.md	235	rope	distance-attention functions based on Fourier basis like RoPE. Therefore, RoPE become the de facto PE of recent LLMs due to its advanced general performance, in spite of its poor extrapolation.
BIBLIOTHEQUE/05_ML-FNDTNS/Length Extrapolation of Transformers- A Survey from the Perspective of Positional Encoding/Length Extrapolation of Transformers- A Survey from the Perspective of Positional Encoding.md	243	rope	Despite the large quantity of PEs with better extrapolation, RoPE has been most widely adopted in recent LLMs due to its superior in-distribution performance. Hence, loads of methods have been proposed to enhance the extrapolation of RoPE, the most prevalent of which is position interpolation.
BIBLIOTHEQUE/05_ML-FNDTNS/Length Extrapolation of Transformers- A Survey from the Perspective of Positional Encoding/Length Extrapolation of Transformers- A Survey from the Perspective of Positional Encoding.md	245	rope	Chen et al. (2023b) firstly $^3$ introduced position interpolation for RoPE to extrapolate LLMs to longer sequences by applying linear scaling to down-scale position indices so that the maximum position index matches the previous length limit during pre-training. Formally, this method replaces RoPE f (Equation 14) b...
BIBLIOTHEQUE/05_ML-FNDTNS/Length Extrapolation of Transformers- A Survey from the Perspective of Positional Encoding/Length Extrapolation of Transformers- A Survey from the Perspective of Positional Encoding.md	247	rope	However, from the perspective of Neural Tangent Kernel (NTK) theory (Jacot et al., 2018), simply interpolating RoPE's Fourier space linearly will cause the loss of high-frequency information and prevent models from distinguishing nearby positions. Hence, NTK-Aware Scaled RoPE (NTK-aware interpolation) (bloc97, 2023b...
BIBLIOTHEQUE/05_ML-FNDTNS/Length Extrapolation of Transformers- A Survey from the Perspective of Positional Encoding/Length Extrapolation of Transformers- A Survey from the Perspective of Positional Encoding.md	252	other_variant	where b is the original base and $\kappa$ is still the scale ratio. The core idea here is to scale high frequencies less and low frequencies more to reduce information loss of high frequencies. As NTK-aware interpolation does not scale the Fourier features
BIBLIOTHEQUE/05_ML-FNDTNS/Length Extrapolation of Transformers- A Survey from the Perspective of Positional Encoding/Length Extrapolation of Transformers- A Survey from the Perspective of Positional Encoding.md	269	rope	Either scaling position indices or modifying bases, all position representations become closer to each other, impairing LLM's ability to distinguish the positional order of close-by tokens. Besides, bloc97 (2023a) observed that some RoPE dimensions have wavelengths longer than the pre-trained context window, where t...
BIBLIOTHEQUE/05_ML-FNDTNS/Length Extrapolation of Transformers- A Survey from the Perspective of Positional Encoding/Length Extrapolation of Transformers- A Survey from the Perspective of Positional Encoding.md	282	rope	The interpolation methods reflect the critical impact of the rotary base of RoPE on length extrapolation, prompting efforts to enhance extrapolation of RoPE-based LLM by fine-tuning it with a scaled base (Xiong et al., 2023; Rozière et al., 2023; Liu et al., 2023d). However, fixed scaling factors overlook the gradua...
BIBLIOTHEQUE/05_ML-FNDTNS/Length Extrapolation of Transformers- A Survey from the Perspective of Positional Encoding/Length Extrapolation of Transformers- A Survey from the Perspective of Positional Encoding.md	284	rope	**Highlights:** Recently, position interpolation methods have raised widespread interest in the research community, as a natural result of their superior extrapolation performance and extremely low overhead. Current interpolation methods either interpolate position indices or RoPE's base, guided by sound theoretical...
BIBLIOTHEQUE/05_ML-FNDTNS/Length Extrapolation of Transformers- A Survey from the Perspective of Positional Encoding/Length Extrapolation of Transformers- A Survey from the Perspective of Positional Encoding.md	503	rope	- RPEs demonstrate better extrapolation capability. In the length extrapolation setting that this survey concerns most, RPEs also outperform APEs due to intrinsic shift-invariance and binning strategy (for T5 bias) or exponentially decay with distance (for ALiBi and RoPE).
BIBLIOTHEQUE/05_ML-FNDTNS/Length Extrapolation of Transformers- A Survey from the Perspective of Positional Encoding/Length Extrapolation of Transformers- A Survey from the Perspective of Positional Encoding.md	503	alibi	- RPEs demonstrate better extrapolation capability. In the length extrapolation setting that this survey concerns most, RPEs also outperform APEs due to intrinsic shift-invariance and binning strategy (for T5 bias) or exponentially decay with distance (for ALiBi and RoPE).
BIBLIOTHEQUE/05_ML-FNDTNS/Length Extrapolation of Transformers- A Survey from the Perspective of Positional Encoding/Length Extrapolation of Transformers- A Survey from the Perspective of Positional Encoding.md	504	rope	- · RPEs seek a balance between expressiveness (embedding-based RPE) and extrapolation (bias-based RPE) and perplexity is in**sufficient.** As in comparisons between RPEs, we can see that bias methods (T5 bias and ALiBi) lead to lower perplexity on sequences with length both within and beyond the context window, whi...
BIBLIOTHEQUE/05_ML-FNDTNS/Length Extrapolation of Transformers- A Survey from the Perspective of Positional Encoding/Length Extrapolation of Transformers- A Survey from the Perspective of Positional Encoding.md	504	alibi	- · RPEs seek a balance between expressiveness (embedding-based RPE) and extrapolation (bias-based RPE) and perplexity is in**sufficient.** As in comparisons between RPEs, we can see that bias methods (T5 bias and ALiBi) lead to lower perplexity on sequences with length both within and beyond the context window, whi...
BIBLIOTHEQUE/05_ML-FNDTNS/Length Extrapolation of Transformers- A Survey from the Perspective of Positional Encoding/Length Extrapolation of Transformers- A Survey from the Perspective of Positional Encoding.md	510	relative_position	- The benchmark should have no position bias.
BIBLIOTHEQUE/05_ML-FNDTNS/Length Extrapolation of Transformers- A Survey from the Perspective of Positional Encoding/Length Extrapolation of Transformers- A Survey from the Perspective of Positional Encoding.md	544	learned_absolute	| APE | | | | | | | | _ |
BIBLIOTHEQUE/05_ML-FNDTNS/Length Extrapolation of Transformers- A Survey from the Perspective of Positional Encoding/Length Extrapolation of Transformers- A Survey from the Perspective of Positional Encoding.md	548	alibi	| ALiBi | 19.73 | 18.73 | 18.66 | 18.05 | 22.8 | 23.3 | 5.25 | 5.41 |
BIBLIOTHEQUE/05_ML-FNDTNS/Length Extrapolation of Transformers- A Survey from the Perspective of Positional Encoding/Length Extrapolation of Transformers- A Survey from the Perspective of Positional Encoding.md	549	rope	| RoPE | 20.07 | 21.37 | 19.33 | 31.17 | 23 | 61 | 5.25 | 16.02 |
BIBLIOTHEQUE/05_ML-FNDTNS/Length Generalization of Causal Transformers without Position Encoding/Length Generalization of Causal Transformers without Position Encoding.md	18	rope	Causal Transformer has been widely applied in modern language models. To help models recognize the correct ordering of words, it is common to configure Transformers with *explicit* position encodings (e.g., the sinusoidal embeddings in the original development of Transformer (Vaswani et al., 2017), the relative posi...
BIBLIOTHEQUE/05_ML-FNDTNS/Length Generalization of Causal Transformers without Position Encoding/Length Generalization of Causal Transformers without Position Encoding.md	18	sinusoidal_absolute	Causal Transformer has been widely applied in modern language models. To help models recognize the correct ordering of words, it is common to configure Transformers with *explicit* position encodings (e.g., the sinusoidal embeddings in the original development of Transformer (Vaswani et al., 2017), the relative posi...
BIBLIOTHEQUE/05_ML-FNDTNS/Length Generalization of Causal Transformers without Position Encoding/Length Generalization of Causal Transformers without Position Encoding.md	18	relative_position	Causal Transformer has been widely applied in modern language models. To help models recognize the correct ordering of words, it is common to configure Transformers with *explicit* position encodings (e.g., the sinusoidal embeddings in the original development of Transformer (Vaswani et al., 2017), the relative posi...
BIBLIOTHEQUE/05_ML-FNDTNS/Length Generalization of Causal Transformers without Position Encoding/Length Generalization of Causal Transformers without Position Encoding.md	38	rope	Figure 2: **UniformScale** modifies the temperature hyper-parameter of the SoftMax operator in self-attention layers (Left, NoPE; Right, RoPE). NoPE can generalize to longer context by merely scaling the softmax scores. However, this exact technique does not directly apply to RoPE models.
BIBLIOTHEQUE/05_ML-FNDTNS/Length Generalization of Causal Transformers without Position Encoding/Length Generalization of Causal Transformers without Position Encoding.md	40	rope	no substantial difference observed when compared to explicit position encodings. For example, NoPE can effectively extend the training length by 20% (from 2K to 2.4K, Figure 1) without a significant increase in perplexity. In contrast, the rotary position encoding (RoPE) is only capable of extending by 10%.
BIBLIOTHEQUE/05_ML-FNDTNS/Length Generalization of Causal Transformers without Position Encoding/Length Generalization of Causal Transformers without Position Encoding.md	54	rope	We also include the original TinyLlama model which uses rotary position encoding (RoPE) for comparison. By default, both models are trained with identical settings.
BIBLIOTHEQUE/05_ML-FNDTNS/Length Generalization of Causal Transformers without Position Encoding/Length Generalization of Causal Transformers without Position Encoding.md	60	rope	Figure 1 depicts language modeling performances of NoPE (and RoPE). We can observe that, within the pre-training length (L=2048), NoPE has a similar performance as RoPE, which agrees with existing works: casual masking can implicitly encode the positions of a sequence (Haviv et al., 2022; Chi et al., 2023).
BIBLIOTHEQUE/05_ML-FNDTNS/Length Generalization of Causal Transformers without Position Encoding/Length Generalization of Causal Transformers without Position Encoding.md	68	rope	eralization error (light blue dashed line, measured with log-perplexity) is lower than RoPE (light red dashed line). 2) vanilla NoPE still has an increased perplexity than in-domain tests. Therefore, though it is not a perfect solution, removing explicit position encoding can effectively reduce the length generaliza...
BIBLIOTHEQUE/05_ML-FNDTNS/Length Generalization of Causal Transformers without Position Encoding/Length Generalization of Causal Transformers without Position Encoding.md	82	rope	The light solid lines in Figure 1 show the average entropy for NoPE (light blue) and RoPE (light red). We can observe that, the inflection point of $\overline{\mathcal{H}}_i$ is highly consistent with the inflection point of perplexity. It implies that failed length generalization of NoPE (and RoPE) might be connect...
BIBLIOTHEQUE/05_ML-FNDTNS/Length Generalization of Causal Transformers without Position Encoding/Length Generalization of Causal Transformers without Position Encoding.md	99	rope	The same conclusion doesn't hold for RoPE (Figure 2 Right): no matter what value the scale takes (from $\lambda$ =0.8 to $\lambda$ =1.4), the inflection points of entropy curves remain almost unchanged, meaning that it fails to generalize to longer lengths. On the other side, successful RoPE extension algorithms (e....
BIBLIOTHEQUE/05_ML-FNDTNS/Length Generalization of Causal Transformers without Position Encoding/Length Generalization of Causal Transformers without Position Encoding.md	166	rope	For a fair comparison with RoPE, we train a NoPE model with 1.1B parameters from the TinyLlama (Zhang et al., 2024b) code base<sup>4</sup>. The NoPE model has 22 layers of Transformer blocks, 32 attention heads per layer, 2048 embedding size. The model is trained on Slimpajama (Soboleva et al., 2023)
BIBLIOTHEQUE/05_ML-FNDTNS/Length Generalization of Causal Transformers without Position Encoding/Length Generalization of Causal Transformers without Position Encoding.md	172	rope	| RoPE | 46.1 | 24.3 | 44.9 | 59.7 | 43.5 | 29.8 | 67.3 | 53.3 |
BIBLIOTHEQUE/05_ML-FNDTNS/Length Generalization of Causal Transformers without Position Encoding/Length Generalization of Causal Transformers without Position Encoding.md	181	rope	| RoPE | - | - | 14.5 | 491.4 | 488.5 | 599.5 | 3.5 | 303.0 | 432.1 | 759.5 | | | |
BIBLIOTHEQUE/05_ML-FNDTNS/Length Generalization of Causal Transformers without Position Encoding/Length Generalization of Causal Transformers without Position Encoding.md	185	rope	| | | | | Generali | zation for | RoPE | | | | | | | |
BIBLIOTHEQUE/05_ML-FNDTNS/Length Generalization of Causal Transformers without Position Encoding/Length Generalization of Causal Transformers without Position Encoding.md	212	rope	All settings are kept identical to those of TinyL-lama, including the model architecture, training data, training procedure, and hyper-parameters, except that the rotary position embedding (RoPE) in TinyLlama is removed, making it a NoPE model, and the learning rate is set to $3.5 \times 10^{-4}$ .
BIBLIOTHEQUE/05_ML-FNDTNS/Length Generalization of Causal Transformers without Position Encoding/Length Generalization of Causal Transformers without Position Encoding.md	214	rope	Following TinyLlama, we evaluate the commonsense reasoning ability of the NoPE model and report acc\_norm in Table 1. We compare with the TinyLlama checkpoint that is trained on 100B tokens. The purpose of this experiment is to prove the NoPE base model performs on par with RoPE.
BIBLIOTHEQUE/05_ML-FNDTNS/Length Generalization of Causal Transformers without Position Encoding/Length Generalization of Causal Transformers without Position Encoding.md	220	rope	**Settings.** To evaluate the long sequence language modeling performances, we test our NoPE-based methods and RoPE-based baselines on PG19 (Rae et al., 2020) and proof-pile (Azerbayev et al., 2022) datasets. For each dataset, we sample a subset of the test set and evaluate on 2M tokens using sliding window evaluati...
BIBLIOTHEQUE/05_ML-FNDTNS/Length Generalization of Causal Transformers without Position Encoding/Length Generalization of Causal Transformers without Position Encoding.md	222	rope	**Main results.** Firstly, by comparing the original language models, NoPE's perplexity (PPL) is comparable to RoPE's for lengths within the train-
BIBLIOTHEQUE/05_ML-FNDTNS/Length Generalization of Causal Transformers without Position Encoding/Length Generalization of Causal Transformers without Position Encoding.md	226	rope	Figure 6: The figures illustrate the passkey retrieval accuracy for both RoPE and NoPE methods. The vertical dashed line represents the context length of the models, which could be either the pre-training length or the fine-tuning length. The title of each sub-figure indicates the average accuracy within the model's...
BIBLIOTHEQUE/05_ML-FNDTNS/Length Generalization of Causal Transformers without Position Encoding/Length Generalization of Causal Transformers without Position Encoding.md	228	alibi	ing distribution, confirming the findings of Haviv et al. (2022); Chi et al. (2023). However, all LMs, including ALiBi models, fail to generalize out-of-the-distribution, indicating that explicit positional encoding is not the main reason for their failure in generalization. Current work on length generalization sti...
BIBLIOTHEQUE/05_ML-FNDTNS/Length Generalization of Causal Transformers without Position Encoding/Length Generalization of Causal Transformers without Position Encoding.md	232	rope	Third, a full comparison with RoPE LM's generalization method. Comparing the *zero-shot* generalization methods, the head-based scale has better generalization than NTK, but weaker than YaRN. In a fair comparison with the RoPE generalization methods which require *fine-tuning*, the head-based
BIBLIOTHEQUE/05_ML-FNDTNS/Length Generalization of Causal Transformers without Position Encoding/Length Generalization of Causal Transformers without Position Encoding.md	234	rope	scale method is competitive with these RoPE baselines, especially the Proof-pile dataset. However RoPE baselines (PI, YaRN) still benefit from more training tokens, and the head-based scale on NoPE reaches its upper limit.
BIBLIOTHEQUE/05_ML-FNDTNS/Length Generalization of Causal Transformers without Position Encoding/Length Generalization of Causal Transformers without Position Encoding.md	236	rope	In summary, the head-based scale generalization method for NoPE slightly outperforms RoPE's early generalization method NTK, but still lags behind the recently introduced YaRN, particularly in near-distance PPL performance. Considering the significant challenge of generalizing NoPE compared to RoPE (due to the lack ...
BIBLIOTHEQUE/05_ML-FNDTNS/Length Generalization of Causal Transformers without Position Encoding/Length Generalization of Causal Transformers without Position Encoding.md	248	rope	| RoPE | 2K | 16.5 | 3.5 | 4.7 | 17.5 | 3.4 | 8.8 | 2.8 | 26.9 | 8.4 | 25.9 | 33.5 | 18.8 | 15.7 | 1.9 | 2.5 | 49.5 | 40.1 |
BIBLIOTHEQUE/05_ML-FNDTNS/Length Generalization of Causal Transformers without Position Encoding/Length Generalization of Causal Transformers without Position Encoding.md	250	rope	| | | | | | | | | Generali | ation for | r RoPE | | | | | | | | |
BIBLIOTHEQUE/05_ML-FNDTNS/Length Generalization of Causal Transformers without Position Encoding/Length Generalization of Causal Transformers without Position Encoding.md	262	rope	Table 3: Real-world Long-Context performance of NoPE-extension methods and various RoPE baselines. The "Ctx." column represents testing context length during evaluation, which corresponds to either the pre-training length for base models or the extended length for length generalization methods.
BIBLIOTHEQUE/05_ML-FNDTNS/Length Generalization of Causal Transformers without Position Encoding/Length Generalization of Causal Transformers without Position Encoding.md	275	rope	It is observed in Figure 6 that both the NoPE base model and head-based scale perform well even when evaluating on $2\times$ the pretraining or fine-tuning context window, while RoPE strictly operates within the pre-trained sequence length and immediately fails outside of it. The result indicates that NoPE possesses...
BIBLIOTHEQUE/05_ML-FNDTNS/Length Generalization of Causal Transformers without Position Encoding/Length Generalization of Causal Transformers without Position Encoding.md	283	rope	model is better than its RoPE counterpart. Concluding better information utilization in the original length. Moreover, the head-based scale at a 4k extension length performs the best among all baselines. We attribute it to the capability of the NoPE base model and the successful length generalization of the head-bas...
BIBLIOTHEQUE/05_ML-FNDTNS/Length Generalization of Causal Transformers without Position Encoding/Length Generalization of Causal Transformers without Position Encoding.md	297	rope	**Length generalization** Due to high computational and memory requirements, LLM training is usually limited to short inputs. Directly applying LLMs to long inputs faces the challenge of outof-distribution (OOD) issues. Research to enable LLMs to process long inputs has been extensive (Huang et al., 2023; Dong et al...
BIBLIOTHEQUE/05_ML-FNDTNS/Length Generalization of Causal Transformers without Position Encoding/Length Generalization of Causal Transformers without Position Encoding.md	307	rope	The length generalization algorithms discussed in this paper exhibit competitive performances, but the NoPE model itself still underperforms with state-of-the-art RoPE models, which makes the results over long sequence language modeling tasks and LongBench tasks are less competitive. NoPE still faces the challenges ...
BIBLIOTHEQUE/05_ML-FNDTNS/Lost in the Middle- How Language Models Use Long Contexts/Lost in the Middle- How Language Models Use Long Contexts.md	113	rope	Open models. We experiment with MPT-30B-Instruct, which has a maximum context length of 8192 tokens. The model was initially pre-trained on 1 trillion tokens using 2048-token sequences, followed by an additional sequence length adaptation pre-training phase on 50 billion tokens using 8192-token sequences. MPT-30B-In...
BIBLIOTHEQUE/05_ML-FNDTNS/Lost in the Middle- How Language Models Use Long Contexts/Lost in the Middle- How Language Models Use Long Contexts.md	113	alibi	Open models. We experiment with MPT-30B-Instruct, which has a maximum context length of 8192 tokens. The model was initially pre-trained on 1 trillion tokens using 2048-token sequences, followed by an additional sequence length adaptation pre-training phase on 50 billion tokens using 8192-token sequences. MPT-30B-In...
BIBLIOTHEQUE/05_ML-FNDTNS/Machine Learning for Modular Multiplication/Machine Learning for Modular Multiplication.md	213	sinusoidal_absolute	3.5. Generalization results. We generally observe that beam search outperforms greedy decoding for all three instances of $(p, s, \mathcal{B})$ , that increasing beam size beyond 3 makes no difference in performance, that sinusoidal position encoding only improves performance over random positional encoding for smal...
BIBLIOTHEQUE/05_ML-FNDTNS/One-Step Diffusion Distillation via Deep Equilibrium Models (Generative Equilibrium Transformer, GET)/One-Step Diffusion Distillation via Deep Equilibrium Models (Generative Equilibrium Transformer, GET).md	86	sinusoidal_absolute	**Noise Embedding.** GET first converts an input noise $\mathbf{e} \in \mathbb{R}^{H \times W \times C}$ into a sequence of 2D patches $\mathbf{p} \in \mathbb{R}^{N \times (P^2 \cdot C)}$ , where C is the number of channels, P is the size of patch, H and W denotes height and width of the original image, and $N = HW/...
BIBLIOTHEQUE/05_ML-FNDTNS/Set Transformer- A Framework for Attention-based Permutation-Invariant Neural Networks/Set Transformer- A Framework for Attention-based Permutation-Invariant Neural Networks.md	105	none_or_implicit	rFF is any row-wise feedforward layer (i.e., it processes each instance independently and identically), and LayerNorm is layer normalization (Ba et al., 2016). The MAB is an adaptation of the encoder block of the Transformer (Vaswani et al., 2017) without positional encoding and dropout. Using the MAB, we define the...
BIBLIOTHEQUE/05_ML-FNDTNS/SmolVLM- Redefining small and efficient multimodal models/SmolVLM- Redefining small and efficient multimodal models.md	73	rope	Following Laurençon et al. (2024), we adopt a self-attention architecture in which visual tokens from the vision encoder are concatenated with textual tokens and jointly processed by a language model (e.g., FROMAGe (Koh et al., 2023), BLIP-2 (Li et al., 2023a)). This design requires significantly more context than t...
BIBLIOTHEQUE/05_ML-FNDTNS/Swin Transformer V2- Scaling Up Capacity and Resolution/Swin Transformer V2- Scaling Up Capacity and Resolution.md	9	relative_position	Large-scale NLP models have been shown to significantly improve the performance on language tasks with no signs of saturation. They also demonstrate amazing few-shot capabilities like that of human beings. This paper aims to explore large-scale models in computer vision. We tackle three major issues in training and ...
BIBLIOTHEQUE/05_ML-FNDTNS/Swin Transformer V2- Scaling Up Capacity and Resolution/Swin Transformer V2- Scaling Up Capacity and Resolution.md	17	relative_position	Figure 1. To better scale up model capacity and window resolution, several adaptions are made on the original Swin Transformer architecture (V1): 1) A res-post-norm to replace the previous pre-norm configuration; 2) A scaled cosine attention to replace the original dot product attention; 3) A log-spaced continuous r...
BIBLIOTHEQUE/05_ML-FNDTNS/Swin Transformer V2- Scaling Up Capacity and Resolution/Swin Transformer V2- Scaling Up Capacity and Resolution.md	29	relative_position	Secondly, many downstream vision tasks such as object detection and semantic segmentation require high resolution input images or large attention windows. The window size variations between low-resolution pre-training and high-resolution fine-tuning can be quite large. The current common practice is to perform a bi-...
BIBLIOTHEQUE/05_ML-FNDTNS/Swin Transformer V2- Scaling Up Capacity and Resolution/Swin Transformer V2- Scaling Up Capacity and Resolution.md	45	relative_position	Transferring across window / kernel resolution For CNNs, previous works typically fixed kernel size during pre-training and fine-tuning. Global vision Transformers, such as ViT [22], compute attention globally, with the equivalent attention window size linearly proportional to the increased input image resolution. F...
BIBLIOTHEQUE/05_ML-FNDTNS/Swin Transformer V2- Scaling Up Capacity and Resolution/Swin Transformer V2- Scaling Up Capacity and Resolution.md	47	learned_absolute	**Study on bias terms** In NLP, the relative position bias method proved beneficial [53], compared to the absolute position embedding used in the original Transformer [65]. In computer vision, the relative positional bias method is more commonly used [31,46,75], probably because the spatial relationships of visual s...
BIBLIOTHEQUE/05_ML-FNDTNS/Swin Transformer V2- Scaling Up Capacity and Resolution/Swin Transformer V2- Scaling Up Capacity and Resolution.md	47	relative_position	**Study on bias terms** In NLP, the relative position bias method proved beneficial [53], compared to the absolute position embedding used in the original Transformer [65]. In computer vision, the relative positional bias method is more commonly used [31,46,75], probably because the spatial relationships of visual s...
BIBLIOTHEQUE/05_ML-FNDTNS/Swin Transformer V2- Scaling Up Capacity and Resolution/Swin Transformer V2- Scaling Up Capacity and Resolution.md	59	relative_position	**Relative position bias** is a key component in the original Swin Transformer which introduces an additional parametric bias term to encode the geometric relationship in self-attention calculation:
BIBLIOTHEQUE/05_ML-FNDTNS/Swin Transformer V2- Scaling Up Capacity and Resolution/Swin Transformer V2- Scaling Up Capacity and Resolution.md	63	relative_position	where $B \in \mathbb{R}^{M^2 \times M^2}$ is the relative position bias term for each head; $Q, K, V \in \mathbb{R}^{M^2 \times d}$ are the *query, key* and *value* matrices; d is the *query/key* dimension, and $M^2$ is the number of patches in a window. The relative position bias encodes relative spatial configurat...
BIBLIOTHEQUE/05_ML-FNDTNS/Swin Transformer V2- Scaling Up Capacity and Resolution/Swin Transformer V2- Scaling Up Capacity and Resolution.md	65	relative_position	In Swin Transformer, the relative positions along each axis are within the range of [-M+1,M-1] and the relative position bias is parameterized as a bias matrix $\hat{B} \in \mathbb{R}^{(2M-1)\times(2M-1)}$ , and the elements in B are taken from $\hat{B}$ . When transferring across different window sizes, the learnt ...
BIBLIOTHEQUE/05_ML-FNDTNS/Swin Transformer V2- Scaling Up Capacity and Resolution/Swin Transformer V2- Scaling Up Capacity and Resolution.md	75	relative_position	| Parameterized position bias [46] | 81.7 | 79.4/82.7 | 77.2/83.0 | 73.2/83.2 | 68.7/83.2 | 50.8 | 50.9 | 45.5 | 45.8 | 44.5 |
BIBLIOTHEQUE/05_ML-FNDTNS/Swin Transformer V2- Scaling Up Capacity and Resolution/Swin Transformer V2- Scaling Up Capacity and Resolution.md	81	relative_position	Table 1. Comparison of different position bias computation approaches using Swin-T. \* indicates the top-1 accuracy on ImageNet-1k trained from scratch. The models in \* column will be used for testing on the ImageNet-1K image classification task using larger image/window resolutions, marked by †. For these results,...
BIBLIOTHEQUE/05_ML-FNDTNS/Swin Transformer V2- Scaling Up Capacity and Resolution/Swin Transformer V2- Scaling Up Capacity and Resolution.md	88	relative_position	- Degraded performance when transferring models across window resolutions. As shown in the first row of Table 1, the accuracy decreases significantly when we directly test the accuracy of a pre-trained ImageNet-1K model (256 × 256 images with 8 × 8 window size) at larger image resolutions and window sizes through th...
BIBLIOTHEQUE/05_ML-FNDTNS/Swin Transformer V2- Scaling Up Capacity and Resolution/Swin Transformer V2- Scaling Up Capacity and Resolution.md	90	relative_position	In the following subsections, we present techniques to address these issues, including *residual post normalization* and *scaled cosine attention* to address the instability issue, and a *log-spaced continuous position bias* approach to address the issue in transferring across window resolutions.
BIBLIOTHEQUE/05_ML-FNDTNS/Swin Transformer V2- Scaling Up Capacity and Resolution/Swin Transformer V2- Scaling Up Capacity and Resolution.md	104	relative_position	where $B_{ij}$ is the relative position bias between pixel i and j; $\tau$ is a learnable scalar, non-shared across heads and layers. $\tau$ is set larger than 0.01. The cosine function is naturally normalized, and thus can have milder attention values.
BIBLIOTHEQUE/05_ML-FNDTNS/Swin Transformer V2- Scaling Up Capacity and Resolution/Swin Transformer V2- Scaling Up Capacity and Resolution.md	112	relative_position	In this subsection, we introduce a log-spaced continuous position bias approach, so that the relative position bias can be smoothly transferred across window resolutions.
BIBLIOTHEQUE/05_ML-FNDTNS/Swin Transformer V2- Scaling Up Capacity and Resolution/Swin Transformer V2- Scaling Up Capacity and Resolution.md	114	relative_position	**Continuous relative position bias** Instead of directly optimizing the parameterized biases, the *continuous* position bias approach adopts a small meta network on the relative coordinates:
BIBLIOTHEQUE/05_ML-FNDTNS/Swin Transformer V2- Scaling Up Capacity and Resolution/Swin Transformer V2- Scaling Up Capacity and Resolution.md	135	relative_position	Table 1 compares the transferring performance of different position bias computation approaches. It can be seen that the log-spaced CPB (continuous position bias) approach performs best, particularly when transferred to larger window sizes.
BIBLIOTHEQUE/05_ML-FNDTNS/Swin Transformer V2- Scaling Up Capacity and Resolution/Swin Transformer V2- Scaling Up Capacity and Resolution.md	294	relative_position	Table 1 and 8 ablate the performance of 3 approaches by scaling window resolutions from $256 \times 256$ in pretraining to larger sizes in 3 down-stream vision tasks of ImageNet-1K image classification, COCO object detection, and ADE20K semantic segmentation, respectively. It can be seen that: 1) Different approache...
BIBLIOTHEQUE/05_ML-FNDTNS/Swin Transformer V2- Scaling Up Capacity and Resolution/Swin Transformer V2- Scaling Up Capacity and Resolution.md	306	relative_position	proaches perform consistently better than the parameterized position bias approach used in Swin Transformer V1. Compared to the linear-spaced approach, the log-spaced version is marginally better; 3) The larger the change in resolutions between pre-training and fine-tuning, the larger the benefit of the proposed log...
BIBLIOTHEQUE/05_ML-FNDTNS/Swin Transformer V2- Scaling Up Capacity and Resolution/Swin Transformer V2- Scaling Up Capacity and Resolution.md	312	relative_position	We have presented techniques for scaling Swin Transformer up to 3 billion parameters and making it capable of training with images of up to $1,536 \times 1,536$ resolution, including the *res-post-norm* and *scaled cosine attention* to make the model easier to be scaled up in capacity, as well a log-spaced continuou...
BIBLIOTHEQUE/05_ML-FNDTNS/Swin Transformer V2- Scaling Up Capacity and Resolution/Swin Transformer V2- Scaling Up Capacity and Resolution.md	380	relative_position	# A3. Learnt Relative Position Bias by Different Approaches
BIBLIOTHEQUE/05_ML-FNDTNS/Swin Transformer V2- Scaling Up Capacity and Resolution/Swin Transformer V2- Scaling Up Capacity and Resolution.md	382	relative_position	Figure 4 visualizes the relative position bias matrices $(\hat{B} \in \mathbb{R}^{(2M-1)\times(2M-1)})$ learnt by different bias computation approaches, using a SwinV2-T model. The bias matrices of the 3 heads in the first block are visualized. The left shows the bias matrices learnt by using an input image size of ...
BIBLIOTHEQUE/05_ML-FNDTNS/Swin Transformer V2- Scaling Up Capacity and Resolution/Swin Transformer V2- Scaling Up Capacity and Resolution.md	386	relative_position	Figure 4. Visualization of the learnt relative position bias matrices by different approaches, using a SwinV2-T model and the 3 heads in the first block. Left: the bias matrices by pre-training on a $256 \times 256$ image and a $8 \times 8$ window; Right: the bias matrices after fine-tuning using a $512 \times 512$ ...
BIBLIOTHEQUE/05_ML-FNDTNS/The Rotary Position Embedding May Cause Dimension Inefficiency/The Rotary Position Embedding May Cause Dimension Inefficiency.md	1	rope	# The Rotary Position Embedding May Cause Dimension Inefficiency in Attention Heads for Long-Distance Retrieval
BIBLIOTHEQUE/05_ML-FNDTNS/The Rotary Position Embedding May Cause Dimension Inefficiency/The Rotary Position Embedding May Cause Dimension Inefficiency.md	13	rope	The Rotary Position Embedding (RoPE) is widely used in the attention heads of many large language models (LLM). It rotates dimensions in the query and the key vectors by different angles according to their positions in the input sequence. For long context modeling, the range of positions may vary a lot, and thus RoP...
BIBLIOTHEQUE/05_ML-FNDTNS/The Rotary Position Embedding May Cause Dimension Inefficiency/The Rotary Position Embedding May Cause Dimension Inefficiency.md	17	rope	Su et al. (2024) proposed the Rotary Position Embedding (RoPE) for Transformer models (Vaswani et al., 2017). Because it is parameter-free and computationally efficient, it has been widely adopted in many large language models (LLMs), such as PaLM (Chowdhery et al., 2022), Gemma (Team et al., 2024a,b), LLaMA (Touvro...
BIBLIOTHEQUE/05_ML-FNDTNS/The Rotary Position Embedding May Cause Dimension Inefficiency/The Rotary Position Embedding May Cause Dimension Inefficiency.md	21	rope	the failure to the skewed length distribution in the training data. Peng et al. (2024), emozilla (2023), and bloc97 (2023) addressed the failure by studying ways to interpolate RoPE.
BIBLIOTHEQUE/05_ML-FNDTNS/The Rotary Position Embedding May Cause Dimension Inefficiency/The Rotary Position Embedding May Cause Dimension Inefficiency.md	23	rope	Orthogonal to existing studies, our work analyzes the impact of RoPE on models' utilization of dimensions in attention heads. We hypothesize that, for long distance attention, the way that RoPE rotates the query and the key vectors may prevent the model from utilizing the dimensions that it rotates significantly. Ou...
BIBLIOTHEQUE/05_ML-FNDTNS/The Rotary Position Embedding May Cause Dimension Inefficiency/The Rotary Position Embedding May Cause Dimension Inefficiency.md	25	rope	As RoPE has been widely used in many LLMs, our findings have great implications. Not utilizing certain dimensions means that the computational cost for those dimensions may not be necessary. LLMs may be made more computationally efficient by pruning these dimensions. It also implies that LLMs may achieve better perf...
BIBLIOTHEQUE/05_ML-FNDTNS/The Rotary Position Embedding May Cause Dimension Inefficiency/The Rotary Position Embedding May Cause Dimension Inefficiency.md	27	rope	## 2 Background: Rotary Position Embeddings (RoPE)
BIBLIOTHEQUE/05_ML-FNDTNS/The Rotary Position Embedding May Cause Dimension Inefficiency/The Rotary Position Embedding May Cause Dimension Inefficiency.md	29	rope	Su et al. (2024) proposed the Rotary Position Embedding (RoPE), which can be applied to the key and query vectors for attention operations. It encodes relative position by rotating the intermediate representations according to their positions in the input sequence. Specifically, RoPE rotates a vector in $\mathbb{R}^...
BIBLIOTHEQUE/05_ML-FNDTNS/The Rotary Position Embedding May Cause Dimension Inefficiency/The Rotary Position Embedding May Cause Dimension Inefficiency.md	43	rope	Figure 1: Analysis of the dimensions in the attention head of the models (w/ and w/o applying RoPE) in §4.
BIBLIOTHEQUE/05_ML-FNDTNS/The Rotary Position Embedding May Cause Dimension Inefficiency/The Rotary Position Embedding May Cause Dimension Inefficiency.md	47	rope	Let a query vector and a key vector at position m, n be $q_m, k_n \in \mathbb{R}^{2D}$ . RoPE rotates them with RoPE matrices $M_m$ and $M_n$ respectively, so the dot product for computing the attention weight is
BIBLIOTHEQUE/05_ML-FNDTNS/The Rotary Position Embedding May Cause Dimension Inefficiency/The Rotary Position Embedding May Cause Dimension Inefficiency.md	49	rope	$$RoPE(q_m) \cdot RoPE(k_n)$$
BIBLIOTHEQUE/05_ML-FNDTNS/The Rotary Position Embedding May Cause Dimension Inefficiency/The Rotary Position Embedding May Cause Dimension Inefficiency.md	56	rope	We hypothesize that RoPE may cause dimension inefficiency in attention heads for long-dependency modeling. Specifically, when a task requires an attention head to attend to a distant position, RoPE may prevent the attention from utilizing the first few dimensions in its attention heads. This is because RoPE rotates ...
BIBLIOTHEQUE/05_ML-FNDTNS/The Rotary Position Embedding May Cause Dimension Inefficiency/The Rotary Position Embedding May Cause Dimension Inefficiency.md	60	rope	We present a controlled experiment to demonstrate how RoPE can cause dimension inefficiency. We design a simple experiment where the model needs to learn n vector tuples $\{(q_i, k_i, v_i)\}_{i=1}^n$ such that the attention head can retrieve $v_i$ with $q_i$ from any randomly sampled subset of key-value pairs
BIBLIOTHEQUE/05_ML-FNDTNS/The Rotary Position Embedding May Cause Dimension Inefficiency/The Rotary Position Embedding May Cause Dimension Inefficiency.md	75	rope	We train models in two setups, one with RoPE applied on K and the other without (details in $\S A$ ).
BIBLIOTHEQUE/05_ML-FNDTNS/The Rotary Position Embedding May Cause Dimension Inefficiency/The Rotary Position Embedding May Cause Dimension Inefficiency.md	77	rope	**Results and Discussion** Our experimental results indicate that RoPE causes dimension inefficiency. Firstly, we plot the average weight of $\{q\}_{i=1}^n$ and $\{k\}_{i=1}^n$ for each dimension in Figure 1a. It shows that the model trained with RoPE applied learns to assign lower weights to the first few dimension...
BIBLIOTHEQUE/05_ML-FNDTNS/The Rotary Position Embedding May Cause Dimension Inefficiency/The Rotary Position Embedding May Cause Dimension Inefficiency.md	160	rope	In this work, we hypothesize that the Rotary Position Embedding (RoPE) may prevent LMs from utilizing all the dimension for long-context modeling. We also provide supporting evidence, including a toy experiment §4, and a deep inspection of three LLMs §5. Based on our finding, we suggest that future LLM creators cons...
BIBLIOTHEQUE/05_ML-FNDTNS/The Rotary Position Embedding May Cause Dimension Inefficiency/The Rotary Position Embedding May Cause Dimension Inefficiency.md	166	rope	One limitation of our work is that, due to limited computational resources, we experiment with only three 7B/8B LLMs. However, given the consistent results across these models, we believe our findings generalize to other LLMs using RoPE. Additionally, while Liu et al. (2024) also evaluate LLMs using a key-value retr...
BIBLIOTHEQUE/05_ML-FNDTNS/Transformer Language Models without Positional Encodings Still Learn Positional Information/Transformer Language Models without Positional Encodings Still Learn Positional Information.md	15	sinusoidal_absolute	We compare the performance of language models trained with no explicit positional information (*NoPos* language models) to those trained with three different position-aware mechanisms, namely: sinusoidal embeddings (Vaswani et al., 2017), learned embeddings (Gehring et al., 2017), and ALiBi (Press et al., 2022). Res...
BIBLIOTHEQUE/05_ML-FNDTNS/Transformer Language Models without Positional Encodings Still Learn Positional Information/Transformer Language Models without Positional Encodings Still Learn Positional Information.md	15	alibi	We compare the performance of language models trained with no explicit positional information (*NoPos* language models) to those trained with three different position-aware mechanisms, namely: sinusoidal embeddings (Vaswani et al., 2017), learned embeddings (Gehring et al., 2017), and ALiBi (Press et al., 2022). Res...
BIBLIOTHEQUE/05_ML-FNDTNS/Transformer Language Models without Positional Encodings Still Learn Positional Information/Transformer Language Models without Positional Encodings Still Learn Positional Information.md	39	sinusoidal_absolute	**Sinusoidal.** Constant vectors computed by a non-parametric function of the input token's absolute position. Sine and cosine functions of different frequencies are used, such that each dimension of the positional encoding corresponds to a sinusoid. Sinusoidal embeddings were introduced in Vaswani et al. (2017) for...
BIBLIOTHEQUE/05_ML-FNDTNS/Transformer Language Models without Positional Encodings Still Learn Positional Information/Transformer Language Models without Positional Encodings Still Learn Positional Information.md	41	alibi	**ALiBi.** Attention with LInear BIases (Press et al., 2022) injects information about the relative distances between tokens by adding negative biases
BIBLIOTHEQUE/05_ML-FNDTNS/Transformer Language Models without Positional Encodings Still Learn Positional Information/Transformer Language Models without Positional Encodings Still Learn Positional Information.md	60	alibi	| ALiBi | 19.71 | 12.51 |
BIBLIOTHEQUE/05_ML-FNDTNS/Transformer Language Models without Positional Encodings Still Learn Positional Information/Transformer Language Models without Positional Encodings Still Learn Positional Information.md	72	alibi	Table 1 compares the performance of training LMs with different position encoding methods. We observe that NoPos LMs approach the performance of the other models, with gaps of 0.55 (WikiText-103) and 0.05 (the Pile) perplexity from models with *learned* positional embeddings. In the Pile setting, performance differe...
BIBLIOTHEQUE/05_ML-FNDTNS/Transformer Language Models without Positional Encodings Still Learn Positional Information/Transformer Language Models without Positional Encodings Still Learn Positional Information.md	76	alibi	Table 2 explores the effects of scaling the number of parameters in the Pile setting. While smaller models benefit from fixed, non-parametric positional encodings (Sinusoidal and ALiBi), these performance gaps narrow in larger models. Table 3 shows the effect of varying the sequence length in the same setting. In th...
BIBLIOTHEQUE/05_ML-FNDTNS/Transformer Language Models without Positional Encodings Still Learn Positional Information/Transformer Language Models without Positional Encodings Still Learn Positional Information.md	85	alibi	| ALiBi | 19.94 | 15.66 | 13.53 | 12.51 |
BIBLIOTHEQUE/05_ML-FNDTNS/Transformer Language Models without Positional Encodings Still Learn Positional Information/Transformer Language Models without Positional Encodings Still Learn Positional Information.md	87	alibi	Table 2: Validation set perplexity on the Pile, as a function of positional encoding method and model size. All models operate on sequences of 1024 tokens. Smaller models benefit from fixed, non-parametric positional encodings (*Sinusoidal* and *ALiBi*), but these performance gaps diminish as the models scale up.
BIBLIOTHEQUE/05_ML-FNDTNS/Transformer Language Models without Positional Encodings Still Learn Positional Information/Transformer Language Models without Positional Encodings Still Learn Positional Information.md	94	alibi	| ALiBi | 14.65 | 13.37 | 12.51 | 12.06 |
BIBLIOTHEQUE/05_ML-FNDTNS/Transformer Language Models without Positional Encodings Still Learn Positional Information/Transformer Language Models without Positional Encodings Still Learn Positional Information.md	96	alibi	Table 3: Validation set perplexity on the Pile, as a function of positional encoding method and sequence length. All models have 1.3B parameters. The performance differences between *NoPos*, *Learned*, and *Sinusoidal* are consistently small, while *ALiBi* slowly becomes more beneficial as sequences become longer.
BIBLIOTHEQUE/05_ML-FNDTNS/Transformer Language Models without Positional Encodings Still Learn Positional Information/Transformer Language Models without Positional Encodings Still Learn Positional Information.md	108	alibi	competitive performances for downstream tasks as well. Specifically, they evaluated 27 diverse downstream tasks. They showed that the NoPos model reached an average accuracy of 41.23% over all tasks, comparing to *Learned* and *ALiBi* who gained 41.72% and 43.70% respectively.
BIBLIOTHEQUE/05_ML-FNDTNS/Transformer Language Models without Positional Encodings Still Learn Positional Information/Transformer Language Models without Positional Encodings Still Learn Positional Information.md	122	alibi	Figure 2 shows that even though NoPos model starts, as expected, with no positional information in the first layer (on par with a random baseline), it becomes position-aware within four layers and appears to contain more positional information than ALiBi. By the middle layer, NoPos can predict absolute positions abo...
BIBLIOTHEQUE/05_ML-FNDTNS/Transformer Language Models without Positional Encodings Still Learn Positional Information/Transformer Language Models without Positional Encodings Still Learn Positional Information.md	151	alibi	| ALiBi | 4.00 | | | |
BIBLIOTHEQUE/05_ML-FNDTNS/Transformer Language Models without Positional Encodings Still Learn Positional Information/Transformer Language Models without Positional Encodings Still Learn Positional Information.md	155	sinusoidal_absolute	prior work that investigate models' ability to infer positions implicitly. Prior to our work, Irie et al. (2019) explored transformer language models for speech recognition and found that such models, when trained without positional encoding, outperform those trained with sinusoidal embeddings. In addition, a focuse...
BIBLIOTHEQUE/05_ML-FNDTNS/Transformer Language Models without Positional Encodings Still Learn Positional Information/Transformer Language Models without Positional Encodings Still Learn Positional Information.md	155	none_or_implicit	prior work that investigate models' ability to infer positions implicitly. Prior to our work, Irie et al. (2019) explored transformer language models for speech recognition and found that such models, when trained without positional encoding, outperform those trained with sinusoidal embeddings. In addition, a focuse...
BIBLIOTHEQUE/05_ML-FNDTNS/WALRUS- A Cross-Domain Foundation Model for Continuum Dynamics/WALRUS- A Cross-Domain Foundation Model for Continuum Dynamics.md	64	axial_rope	Walrus employs a space-time factorized transformer architecture (Ho et al., 2019; McCabe et al., 2023a) where alternating operations within a block attend along the space and time axes of space-time tensor-structured data. The procedure can be seen in Figure 1. Spatial processing uses the parallelized attention deve...
BIBLIOTHEQUE/05_ML-FNDTNS/WALRUS- A Cross-Domain Foundation Model for Continuum Dynamics/WALRUS- A Cross-Domain Foundation Model for Continuum Dynamics.md	64	rope	Walrus employs a space-time factorized transformer architecture (Ho et al., 2019; McCabe et al., 2023a) where alternating operations within a block attend along the space and time axes of space-time tensor-structured data. The procedure can be seen in Figure 1. Spatial processing uses the parallelized attention deve...
BIBLIOTHEQUE/05_ML-FNDTNS/WALRUS- A Cross-Domain Foundation Model for Continuum Dynamics/WALRUS- A Cross-Domain Foundation Model for Continuum Dynamics.md	64	relative_position	Walrus employs a space-time factorized transformer architecture (Ho et al., 2019; McCabe et al., 2023a) where alternating operations within a block attend along the space and time axes of space-time tensor-structured data. The procedure can be seen in Figure 1. Spatial processing uses the parallelized attention deve...
BIBLIOTHEQUE/05_ML-FNDTNS/XLNet- Generalized Autoregressive Pretraining for Language Understanding/XLNet- Generalized Autoregressive Pretraining for Language Understanding.md	117	relative_position	Since our objective function fits in the AR framework, we incorporate the state-of-the-art AR language model, Transformer-XL [9], into our pretraining framework, and name our method after it. We integrate two important techniques in Transformer-XL, namely the relative positional encoding scheme and the segment recur...
BIBLIOTHEQUE/05_ML-FNDTNS/Zero-Shot 4D LiDAR Panoptic Segmentation (SAL-4D)/Zero-Shot 4D LiDAR Panoptic Segmentation (SAL-4D).md	121	other_variant	**Model.** Our model (Fig. 3) operates on point clouds $\mathcal{P}_{super} \in \mathbb{R}^{N \times 4}$ , $N = N_{t_k} + \ldots + N_{t_k + K - 1}$ , superimposed over fixed-size temporal windows $w_k$ . As in [62], we encode superimposed sequences using Minkowski U-Net [16] backbone to learn a multi-resolution repr...
